experiment,model,fold,subject,y_true,y_pred,y_score,run,movement,pair_id,epoch_index
E05_spatial_control,erd_lr,1,14,1,1,0.5249206206514395,3,left_fist,03-04,1272
E05_spatial_control,erd_lr,1,14,1,1,0.5165038637512259,3,right_fist,03-04,1273
E05_spatial_control,erd_lr,1,14,1,1,0.5175634119426243,3,left_fist,03-04,1274
E05_spatial_control,erd_lr,1,14,1,0,0.4554896597551358,3,right_fist,03-04,1275
E05_spatial_control,erd_lr,1,14,1,1,0.5262666079891696,3,left_fist,03-04,1276
E05_spatial_control,erd_lr,1,14,1,1,0.5884065659721488,3,right_fist,03-04,1277
E05_spatial_control,erd_lr,1,14,1,1,0.5757042284710041,3,right_fist,03-04,1278
E05_spatial_control,erd_lr,1,14,1,0,0.42839893961166226,3,left_fist,03-04,1279
E05_spatial_control,erd_lr,1,14,1,1,0.5129836595887688,3,left_fist,03-04,1280
E05_spatial_control,erd_lr,1,14,1,1,0.6444437946657235,3,right_fist,03-04,1281
E05_spatial_control,erd_lr,1,14,1,0,0.411910714932455,3,right_fist,03-04,1282
E05_spatial_control,erd_lr,1,14,1,1,0.5381696740193844,3,left_fist,03-04,1283
E05_spatial_control,erd_lr,1,14,1,1,0.5122215165258132,3,right_fist,03-04,1284
E05_spatial_control,erd_lr,1,14,1,0,0.4664803395430822,3,left_fist,03-04,1285
E05_spatial_control,erd_lr,1,14,1,0,0.4712264732015901,3,right_fist,03-04,1286
E05_spatial_control,erd_lr,1,14,0,0,0.4770862075211723,4,left_fist,03-04,1287
E05_spatial_control,erd_lr,1,14,0,1,0.5799945406031115,4,right_fist,03-04,1288
E05_spatial_control,erd_lr,1,14,0,1,0.5656580987265896,4,right_fist,03-04,1289
E05_spatial_control,erd_lr,1,14,0,0,0.44768751321348615,4,left_fist,03-04,1290
E05_spatial_control,erd_lr,1,14,0,0,0.45665211076383433,4,left_fist,03-04,1291
E05_spatial_control,erd_lr,1,14,0,0,0.41463871106143285,4,right_fist,03-04,1292
E05_spatial_control,erd_lr,1,14,0,0,0.45030339778149886,4,right_fist,03-04,1293
E05_spatial_control,erd_lr,1,14,0,0,0.3569412079064125,4,left_fist,03-04,1294
E05_spatial_control,erd_lr,1,14,0,1,0.580707428847069,4,left_fist,03-04,1295
E05_spatial_control,erd_lr,1,14,0,1,0.5253569242332161,4,right_fist,03-04,1296
E05_spatial_control,erd_lr,1,14,0,1,0.5360232756581399,4,left_fist,03-04,1297
E05_spatial_control,erd_lr,1,14,0,0,0.37783986211563536,4,right_fist,03-04,1298
E05_spatial_control,erd_lr,1,14,0,0,0.47631066795807697,4,left_fist,03-04,1299
E05_spatial_control,erd_lr,1,14,0,1,0.5694813863801548,4,right_fist,03-04,1300
E05_spatial_control,erd_lr,1,14,0,1,0.52670663172058,4,right_fist,03-04,1301
E05_spatial_control,erd_lr,1,14,1,0,0.4882038000276242,5,both_feet,05-06,1302
E05_spatial_control,erd_lr,1,14,1,0,0.4209010722488024,5,both_fists,05-06,1303
E05_spatial_control,erd_lr,1,14,1,0,0.42297456293684016,5,both_feet,05-06,1304
E05_spatial_control,erd_lr,1,14,1,0,0.47516492717861825,5,both_fists,05-06,1305
E05_spatial_control,erd_lr,1,14,1,1,0.5839564047784146,5,both_fists,05-06,1306
E05_spatial_control,erd_lr,1,14,1,0,0.3482204370350781,5,both_feet,05-06,1307
E05_spatial_control,erd_lr,1,14,1,1,0.5305748482311982,5,both_fists,05-06,1308
E05_spatial_control,erd_lr,1,14,1,0,0.48138273084339517,5,both_feet,05-06,1309
E05_spatial_control,erd_lr,1,14,1,1,0.5547532911987373,5,both_fists,05-06,1310
E05_spatial_control,erd_lr,1,14,1,0,0.3915689723793503,5,both_feet,05-06,1311
E05_spatial_control,erd_lr,1,14,1,0,0.48780184938879095,5,both_fists,05-06,1312
E05_spatial_control,erd_lr,1,14,1,0,0.392815598408636,5,both_feet,05-06,1313
E05_spatial_control,erd_lr,1,14,1,1,0.5866303031306227,5,both_fists,05-06,1314
E05_spatial_control,erd_lr,1,14,1,0,0.36523920208317046,5,both_feet,05-06,1315
E05_spatial_control,erd_lr,1,14,1,1,0.5460873990319922,5,both_feet,05-06,1316
E05_spatial_control,erd_lr,1,14,0,0,0.43997543139215506,6,both_feet,05-06,1317
E05_spatial_control,erd_lr,1,14,0,0,0.4010118260297326,6,both_fists,05-06,1318
E05_spatial_control,erd_lr,1,14,0,0,0.4119184225970013,6,both_feet,05-06,1319
E05_spatial_control,erd_lr,1,14,0,0,0.4213295013504171,6,both_fists,05-06,1320
E05_spatial_control,erd_lr,1,14,0,0,0.4839338304584311,6,both_fists,05-06,1321
E05_spatial_control,erd_lr,1,14,0,0,0.4467044616619394,6,both_feet,05-06,1322
E05_spatial_control,erd_lr,1,14,0,1,0.5537134999796318,6,both_feet,05-06,1323
E05_spatial_control,erd_lr,1,14,0,0,0.43594023830477774,6,both_fists,05-06,1324
E05_spatial_control,erd_lr,1,14,0,1,0.5919317497924436,6,both_feet,05-06,1325
E05_spatial_control,erd_lr,1,14,0,0,0.27949691949715233,6,both_fists,05-06,1326
E05_spatial_control,erd_lr,1,14,0,0,0.3502262005761416,6,both_feet,05-06,1327
E05_spatial_control,erd_lr,1,14,0,0,0.37309600858865444,6,both_fists,05-06,1328
E05_spatial_control,erd_lr,1,14,0,1,0.5653056552404029,6,both_feet,05-06,1329
E05_spatial_control,erd_lr,1,14,0,0,0.34842748040063865,6,both_fists,05-06,1330
E05_spatial_control,erd_lr,1,14,0,0,0.48842995842708403,6,both_fists,05-06,1331
E05_spatial_control,erd_lr,1,14,1,1,0.5118564922432199,7,right_fist,07-08,1332
E05_spatial_control,erd_lr,1,14,1,1,0.6189245508416981,7,left_fist,07-08,1333
E05_spatial_control,erd_lr,1,14,1,0,0.3956952351025334,7,left_fist,07-08,1334
E05_spatial_control,erd_lr,1,14,1,1,0.5869725369617803,7,right_fist,07-08,1335
E05_spatial_control,erd_lr,1,14,1,0,0.44802516948552584,7,right_fist,07-08,1336
E05_spatial_control,erd_lr,1,14,1,1,0.548117505097283,7,left_fist,07-08,1337
E05_spatial_control,erd_lr,1,14,1,0,0.49154676163027555,7,right_fist,07-08,1338
E05_spatial_control,erd_lr,1,14,1,0,0.391284329640029,7,left_fist,07-08,1339
E05_spatial_control,erd_lr,1,14,1,0,0.45357813572061895,7,right_fist,07-08,1340
E05_spatial_control,erd_lr,1,14,1,1,0.6658093016599299,7,left_fist,07-08,1341
E05_spatial_control,erd_lr,1,14,1,1,0.6386802565693726,7,right_fist,07-08,1342
E05_spatial_control,erd_lr,1,14,1,1,0.6444790585786029,7,left_fist,07-08,1343
E05_spatial_control,erd_lr,1,14,1,0,0.4577842189806506,7,left_fist,07-08,1344
E05_spatial_control,erd_lr,1,14,1,1,0.5409909587053593,7,right_fist,07-08,1345
E05_spatial_control,erd_lr,1,14,1,0,0.3748087825261689,7,right_fist,07-08,1346
E05_spatial_control,erd_lr,1,14,0,0,0.4017819186489353,8,left_fist,07-08,1347
E05_spatial_control,erd_lr,1,14,0,0,0.4245142025330396,8,right_fist,07-08,1348
E05_spatial_control,erd_lr,1,14,0,0,0.30124155412814946,8,left_fist,07-08,1349
E05_spatial_control,erd_lr,1,14,0,0,0.42085230047649486,8,right_fist,07-08,1350
E05_spatial_control,erd_lr,1,14,0,0,0.43750313904618315,8,left_fist,07-08,1351
E05_spatial_control,erd_lr,1,14,0,0,0.46752896812376077,8,right_fist,07-08,1352
E05_spatial_control,erd_lr,1,14,0,0,0.38468300056128274,8,right_fist,07-08,1353
E05_spatial_control,erd_lr,1,14,0,0,0.3893103474212547,8,left_fist,07-08,1354
E05_spatial_control,erd_lr,1,14,0,1,0.6135010810990396,8,left_fist,07-08,1355
E05_spatial_control,erd_lr,1,14,0,0,0.3080538445676963,8,right_fist,07-08,1356
E05_spatial_control,erd_lr,1,14,0,0,0.48941609387763285,8,left_fist,07-08,1357
E05_spatial_control,erd_lr,1,14,0,1,0.5540007739708055,8,right_fist,07-08,1358
E05_spatial_control,erd_lr,1,14,0,0,0.4407214408522145,8,left_fist,07-08,1359
E05_spatial_control,erd_lr,1,14,0,0,0.48125666280155677,8,right_fist,07-08,1360
E05_spatial_control,erd_lr,1,14,0,1,0.557369177314154,8,right_fist,07-08,1361
E05_spatial_control,erd_lr,1,14,1,0,0.34527768531734493,9,both_feet,09-10,1362
E05_spatial_control,erd_lr,1,14,1,1,0.585838793971052,9,both_fists,09-10,1363
E05_spatial_control,erd_lr,1,14,1,0,0.4947119342243859,9,both_feet,09-10,1364
E05_spatial_control,erd_lr,1,14,1,1,0.680162561599761,9,both_fists,09-10,1365
E05_spatial_control,erd_lr,1,14,1,1,0.5362483514511025,9,both_fists,09-10,1366
E05_spatial_control,erd_lr,1,14,1,0,0.42608526239557876,9,both_feet,09-10,1367
E05_spatial_control,erd_lr,1,14,1,1,0.5804835971572675,9,both_fists,09-10,1368
E05_spatial_control,erd_lr,1,14,1,1,0.5014789204047624,9,both_feet,09-10,1369
E05_spatial_control,erd_lr,1,14,1,0,0.4989743142377765,9,both_feet,09-10,1370
E05_spatial_control,erd_lr,1,14,1,1,0.5927992825983659,9,both_fists,09-10,1371
E05_spatial_control,erd_lr,1,14,1,1,0.580993833922912,9,both_fists,09-10,1372
E05_spatial_control,erd_lr,1,14,1,0,0.4362579068700583,9,both_feet,09-10,1373
E05_spatial_control,erd_lr,1,14,1,1,0.6687210638901372,9,both_fists,09-10,1374
E05_spatial_control,erd_lr,1,14,1,1,0.5795989871125998,9,both_feet,09-10,1375
E05_spatial_control,erd_lr,1,14,1,0,0.42448510274080853,9,both_feet,09-10,1376
E05_spatial_control,erd_lr,1,14,0,0,0.47512443781004915,10,both_feet,09-10,1377
E05_spatial_control,erd_lr,1,14,0,0,0.4461184233106848,10,both_fists,09-10,1378
E05_spatial_control,erd_lr,1,14,0,0,0.4969047413172201,10,both_feet,09-10,1379
E05_spatial_control,erd_lr,1,14,0,0,0.4417071434844744,10,both_fists,09-10,1380
E05_spatial_control,erd_lr,1,14,0,0,0.4566843956014374,10,both_fists,09-10,1381
E05_spatial_control,erd_lr,1,14,0,0,0.3782736149058088,10,both_feet,09-10,1382
E05_spatial_control,erd_lr,1,14,0,1,0.5232332103217574,10,both_fists,09-10,1383
E05_spatial_control,erd_lr,1,14,0,1,0.5312147191508484,10,both_feet,09-10,1384
E05_spatial_control,erd_lr,1,14,0,0,0.4606720718920935,10,both_feet,09-10,1385
E05_spatial_control,erd_lr,1,14,0,1,0.517265092545202,10,both_fists,09-10,1386
E05_spatial_control,erd_lr,1,14,0,1,0.5573059353486666,10,both_feet,09-10,1387
E05_spatial_control,erd_lr,1,14,0,0,0.4391825481968663,10,both_fists,09-10,1388
E05_spatial_control,erd_lr,1,14,0,1,0.5152898056636698,10,both_feet,09-10,1389
E05_spatial_control,erd_lr,1,14,0,1,0.5552605046210258,10,both_fists,09-10,1390
E05_spatial_control,erd_lr,1,14,0,1,0.5524297435648564,10,both_fists,09-10,1391
E05_spatial_control,erd_lr,1,14,1,1,0.6114580115118469,11,left_fist,11-12,1392
E05_spatial_control,erd_lr,1,14,1,0,0.4875166872100529,11,right_fist,11-12,1393
E05_spatial_control,erd_lr,1,14,1,1,0.5953828673037774,11,left_fist,11-12,1394
E05_spatial_control,erd_lr,1,14,1,1,0.5452186043970666,11,right_fist,11-12,1395
E05_spatial_control,erd_lr,1,14,1,0,0.4450126011437952,11,right_fist,11-12,1396
E05_spatial_control,erd_lr,1,14,1,1,0.5129333811853838,11,left_fist,11-12,1397
E05_spatial_control,erd_lr,1,14,1,0,0.32408046270308866,11,right_fist,11-12,1398
E05_spatial_control,erd_lr,1,14,1,0,0.4767317957582601,11,left_fist,11-12,1399
E05_spatial_control,erd_lr,1,14,1,1,0.506446279726385,11,right_fist,11-12,1400
E05_spatial_control,erd_lr,1,14,1,1,0.5971415395940065,11,left_fist,11-12,1401
E05_spatial_control,erd_lr,1,14,1,0,0.484406570011137,11,left_fist,11-12,1402
E05_spatial_control,erd_lr,1,14,1,1,0.5015248809708825,11,right_fist,11-12,1403
E05_spatial_control,erd_lr,1,14,1,0,0.48745401489890555,11,right_fist,11-12,1404
E05_spatial_control,erd_lr,1,14,1,1,0.5210655314671826,11,left_fist,11-12,1405
E05_spatial_control,erd_lr,1,14,1,1,0.5806699372505394,11,left_fist,11-12,1406
E05_spatial_control,erd_lr,1,14,0,0,0.4708349012415383,12,right_fist,11-12,1407
E05_spatial_control,erd_lr,1,14,0,0,0.4969576877948098,12,left_fist,11-12,1408
E05_spatial_control,erd_lr,1,14,0,0,0.39085914091917806,12,left_fist,11-12,1409
E05_spatial_control,erd_lr,1,14,0,0,0.4970444784906907,12,right_fist,11-12,1410
E05_spatial_control,erd_lr,1,14,0,0,0.4540220787370124,12,left_fist,11-12,1411
E05_spatial_control,erd_lr,1,14,0,0,0.38113292817176314,12,right_fist,11-12,1412
E05_spatial_control,erd_lr,1,14,0,1,0.5088204138292968,12,left_fist,11-12,1413
E05_spatial_control,erd_lr,1,14,0,1,0.5868185573732674,12,right_fist,11-12,1414
E05_spatial_control,erd_lr,1,14,0,1,0.5820384477152308,12,left_fist,11-12,1415
E05_spatial_control,erd_lr,1,14,0,0,0.3602739005736732,12,right_fist,11-12,1416
E05_spatial_control,erd_lr,1,14,0,1,0.5034043586677671,12,left_fist,11-12,1417
E05_spatial_control,erd_lr,1,14,0,1,0.5392901653973281,12,right_fist,11-12,1418
E05_spatial_control,erd_lr,1,14,0,0,0.3536784237699849,12,left_fist,11-12,1419
E05_spatial_control,erd_lr,1,14,0,0,0.2927828346588768,12,right_fist,11-12,1420
E05_spatial_control,erd_lr,1,14,0,0,0.456888516191675,12,left_fist,11-12,1421
E05_spatial_control,erd_lr,1,14,1,0,0.4497079930983182,13,both_feet,13-14,1422
E05_spatial_control,erd_lr,1,14,1,1,0.5054463559395082,13,both_fists,13-14,1423
E05_spatial_control,erd_lr,1,14,1,1,0.6529599110205498,13,both_feet,13-14,1424
E05_spatial_control,erd_lr,1,14,1,1,0.5315550635984746,13,both_fists,13-14,1425
E05_spatial_control,erd_lr,1,14,1,1,0.581153514158396,13,both_fists,13-14,1426
E05_spatial_control,erd_lr,1,14,1,1,0.6333584337893101,13,both_fists,13-14,1427
E05_spatial_control,erd_lr,1,14,1,1,0.5550284510746724,13,both_feet,13-14,1428
E05_spatial_control,erd_lr,1,14,1,0,0.4983467541974447,13,both_fists,13-14,1429
E05_spatial_control,erd_lr,1,14,1,0,0.33331228308690003,13,both_feet,13-14,1430
E05_spatial_control,erd_lr,1,14,1,1,0.5558285396220668,13,both_feet,13-14,1431
E05_spatial_control,erd_lr,1,14,1,0,0.4624087581599357,13,both_fists,13-14,1432
E05_spatial_control,erd_lr,1,14,1,1,0.5510114257577966,13,both_fists,13-14,1433
E05_spatial_control,erd_lr,1,14,1,1,0.5351920898854056,13,both_feet,13-14,1434
E05_spatial_control,erd_lr,1,14,1,1,0.5983638845005429,13,both_feet,13-14,1435
E05_spatial_control,erd_lr,1,14,0,0,0.4043170831325098,14,both_fists,13-14,1436
E05_spatial_control,erd_lr,1,14,0,1,0.645574965638337,14,both_feet,13-14,1437
E05_spatial_control,erd_lr,1,14,0,0,0.444732917097895,14,both_feet,13-14,1438
E05_spatial_control,erd_lr,1,14,0,1,0.5411466475353768,14,both_fists,13-14,1439
E05_spatial_control,erd_lr,1,14,0,1,0.5469767256728775,14,both_fists,13-14,1440
E05_spatial_control,erd_lr,1,14,0,1,0.5286878993602674,14,both_feet,13-14,1441
E05_spatial_control,erd_lr,1,14,0,1,0.5281523650762878,14,both_feet,13-14,1442
E05_spatial_control,erd_lr,1,14,0,0,0.39218901138710327,14,both_fists,13-14,1443
E05_spatial_control,erd_lr,1,14,0,0,0.49200265470047233,14,both_feet,13-14,1444
E05_spatial_control,erd_lr,1,14,0,1,0.5230013477357837,14,both_fists,13-14,1445
E05_spatial_control,erd_lr,1,14,0,0,0.41625927330863055,14,both_feet,13-14,1446
E05_spatial_control,erd_lr,1,14,0,0,0.4159647272042458,14,both_fists,13-14,1447
E05_spatial_control,erd_lr,1,14,0,1,0.6808376045367585,14,both_feet,13-14,1448
E05_spatial_control,erd_lr,1,14,0,1,0.6496673766055103,14,both_fists,13-14,1449
E05_spatial_control,erd_lr,1,14,0,1,0.5915543228545638,14,both_fists,13-14,1450
E05_spatial_control,erd_lr,1,16,1,1,0.527117097021367,3,right_fist,03-04,1546
E05_spatial_control,erd_lr,1,16,1,0,0.48881705504834216,3,left_fist,03-04,1547
E05_spatial_control,erd_lr,1,16,1,0,0.4136088998322747,3,left_fist,03-04,1548
E05_spatial_control,erd_lr,1,16,1,0,0.44001242900462234,3,right_fist,03-04,1549
E05_spatial_control,erd_lr,1,16,1,0,0.46137386996675533,3,left_fist,03-04,1550
E05_spatial_control,erd_lr,1,16,1,0,0.47860445157846404,3,right_fist,03-04,1551
E05_spatial_control,erd_lr,1,16,1,1,0.522646852253278,3,left_fist,03-04,1552
E05_spatial_control,erd_lr,1,16,1,1,0.5309589593311546,3,right_fist,03-04,1553
E05_spatial_control,erd_lr,1,16,1,1,0.5611502825189242,3,left_fist,03-04,1554
E05_spatial_control,erd_lr,1,16,1,1,0.6292843528672956,3,right_fist,03-04,1555
E05_spatial_control,erd_lr,1,16,1,0,0.46246883245956166,3,left_fist,03-04,1556
E05_spatial_control,erd_lr,1,16,1,1,0.5839588879397055,3,right_fist,03-04,1557
E05_spatial_control,erd_lr,1,16,1,1,0.5877188503361022,3,right_fist,03-04,1558
E05_spatial_control,erd_lr,1,16,1,0,0.42420576465934995,3,left_fist,03-04,1559
E05_spatial_control,erd_lr,1,16,1,0,0.4520045607805971,3,left_fist,03-04,1560
E05_spatial_control,erd_lr,1,16,0,0,0.3642216302357668,4,left_fist,03-04,1561
E05_spatial_control,erd_lr,1,16,0,1,0.580569561424025,4,right_fist,03-04,1562
E05_spatial_control,erd_lr,1,16,0,0,0.4927493517925891,4,left_fist,03-04,1563
E05_spatial_control,erd_lr,1,16,0,1,0.5450067284690602,4,right_fist,03-04,1564
E05_spatial_control,erd_lr,1,16,0,1,0.6318544092542248,4,right_fist,03-04,1565
E05_spatial_control,erd_lr,1,16,0,0,0.42696971368424835,4,left_fist,03-04,1566
E05_spatial_control,erd_lr,1,16,0,1,0.5370145239672014,4,right_fist,03-04,1567
E05_spatial_control,erd_lr,1,16,0,1,0.513830599074677,4,left_fist,03-04,1568
E05_spatial_control,erd_lr,1,16,0,1,0.6750489043370215,4,right_fist,03-04,1569
E05_spatial_control,erd_lr,1,16,0,1,0.6068935067101435,4,left_fist,03-04,1570
E05_spatial_control,erd_lr,1,16,0,1,0.5070622378862077,4,left_fist,03-04,1571
E05_spatial_control,erd_lr,1,16,0,0,0.4821798169482004,4,right_fist,03-04,1572
E05_spatial_control,erd_lr,1,16,0,0,0.46082201003804185,4,right_fist,03-04,1573
E05_spatial_control,erd_lr,1,16,0,1,0.6212390030000676,4,left_fist,03-04,1574
E05_spatial_control,erd_lr,1,16,0,0,0.42175916601071944,4,right_fist,03-04,1575
E05_spatial_control,erd_lr,1,16,1,0,0.4566614071461042,5,both_feet,05-06,1576
E05_spatial_control,erd_lr,1,16,1,1,0.5214192612934213,5,both_fists,05-06,1577
E05_spatial_control,erd_lr,1,16,1,1,0.5600394114510067,5,both_feet,05-06,1578
E05_spatial_control,erd_lr,1,16,1,1,0.5572173378517635,5,both_fists,05-06,1579
E05_spatial_control,erd_lr,1,16,1,0,0.4377346279979771,5,both_fists,05-06,1580
E05_spatial_control,erd_lr,1,16,1,0,0.46319086010571603,5,both_feet,05-06,1581
E05_spatial_control,erd_lr,1,16,1,1,0.68876583978389,5,both_fists,05-06,1582
E05_spatial_control,erd_lr,1,16,1,0,0.4909669184448026,5,both_feet,05-06,1583
E05_spatial_control,erd_lr,1,16,1,1,0.516648487746811,5,both_feet,05-06,1584
E05_spatial_control,erd_lr,1,16,1,0,0.37124892818481287,5,both_fists,05-06,1585
E05_spatial_control,erd_lr,1,16,1,1,0.5853275774314065,5,both_fists,05-06,1586
E05_spatial_control,erd_lr,1,16,1,1,0.6309900585441125,5,both_feet,05-06,1587
E05_spatial_control,erd_lr,1,16,1,1,0.6224717750309751,5,both_fists,05-06,1588
E05_spatial_control,erd_lr,1,16,1,1,0.5800022200474962,5,both_feet,05-06,1589
E05_spatial_control,erd_lr,1,16,1,1,0.70106717509371,5,both_feet,05-06,1590
E05_spatial_control,erd_lr,1,16,0,1,0.511362453355446,6,both_fists,05-06,1591
E05_spatial_control,erd_lr,1,16,0,0,0.4720570922836277,6,both_feet,05-06,1592
E05_spatial_control,erd_lr,1,16,0,0,0.46643803951258705,6,both_feet,05-06,1593
E05_spatial_control,erd_lr,1,16,0,0,0.359233018333831,6,both_fists,05-06,1594
E05_spatial_control,erd_lr,1,16,0,0,0.40454234323104943,6,both_fists,05-06,1595
E05_spatial_control,erd_lr,1,16,0,0,0.41639235976582606,6,both_feet,05-06,1596
E05_spatial_control,erd_lr,1,16,0,1,0.5599773184680829,6,both_fists,05-06,1597
E05_spatial_control,erd_lr,1,16,0,0,0.4905124692105078,6,both_feet,05-06,1598
E05_spatial_control,erd_lr,1,16,0,1,0.5592633060798904,6,both_fists,05-06,1599
E05_spatial_control,erd_lr,1,16,0,0,0.49337824841720307,6,both_feet,05-06,1600
E05_spatial_control,erd_lr,1,16,0,1,0.5667900680184762,6,both_fists,05-06,1601
E05_spatial_control,erd_lr,1,16,0,0,0.369385521269852,6,both_fists,05-06,1602
E05_spatial_control,erd_lr,1,16,0,0,0.4190694178607141,6,both_feet,05-06,1603
E05_spatial_control,erd_lr,1,16,1,1,0.5089810367187524,7,left_fist,07-08,1604
E05_spatial_control,erd_lr,1,16,1,1,0.5880391618481748,7,right_fist,07-08,1605
E05_spatial_control,erd_lr,1,16,1,1,0.6271226835829835,7,right_fist,07-08,1606
E05_spatial_control,erd_lr,1,16,1,1,0.5846994137301978,7,left_fist,07-08,1607
E05_spatial_control,erd_lr,1,16,1,0,0.4010756339652484,7,right_fist,07-08,1608
E05_spatial_control,erd_lr,1,16,1,1,0.6259516522206064,7,left_fist,07-08,1609
E05_spatial_control,erd_lr,1,16,1,0,0.4719578532489885,7,left_fist,07-08,1610
E05_spatial_control,erd_lr,1,16,1,1,0.5491295016210632,7,right_fist,07-08,1611
E05_spatial_control,erd_lr,1,16,1,1,0.6396342765158914,7,right_fist,07-08,1612
E05_spatial_control,erd_lr,1,16,1,1,0.6692974259700772,7,left_fist,07-08,1613
E05_spatial_control,erd_lr,1,16,1,1,0.5013695935830967,7,right_fist,07-08,1614
E05_spatial_control,erd_lr,1,16,0,1,0.5163720522035947,8,left_fist,07-08,1615
E05_spatial_control,erd_lr,1,16,0,0,0.444673923162603,8,right_fist,07-08,1616
E05_spatial_control,erd_lr,1,16,0,0,0.47149918367976473,8,right_fist,07-08,1617
E05_spatial_control,erd_lr,1,16,0,1,0.5701595281983755,8,left_fist,07-08,1618
E05_spatial_control,erd_lr,1,16,0,1,0.5017572483202275,8,right_fist,07-08,1619
E05_spatial_control,erd_lr,1,16,0,1,0.514981081793217,8,left_fist,07-08,1620
E05_spatial_control,erd_lr,1,16,0,0,0.49126496601232283,8,left_fist,07-08,1621
E05_spatial_control,erd_lr,1,16,0,1,0.530878765250406,8,right_fist,07-08,1622
E05_spatial_control,erd_lr,1,16,0,0,0.49435016449741664,8,left_fist,07-08,1623
E05_spatial_control,erd_lr,1,16,0,1,0.5965372950738973,8,left_fist,07-08,1624
E05_spatial_control,erd_lr,1,16,0,0,0.4636922148580984,8,left_fist,07-08,1625
E05_spatial_control,erd_lr,1,16,0,1,0.5163430323530966,8,left_fist,07-08,1626
E05_spatial_control,erd_lr,1,16,1,1,0.6068101403378026,9,both_feet,09-10,1627
E05_spatial_control,erd_lr,1,16,1,0,0.3912479711036188,9,both_fists,09-10,1628
E05_spatial_control,erd_lr,1,16,1,1,0.6120164542968769,9,both_feet,09-10,1629
E05_spatial_control,erd_lr,1,16,1,1,0.6292596756945754,9,both_fists,09-10,1630
E05_spatial_control,erd_lr,1,16,1,1,0.6506470059709575,9,both_fists,09-10,1631
E05_spatial_control,erd_lr,1,16,1,1,0.668464290397751,9,both_feet,09-10,1632
E05_spatial_control,erd_lr,1,16,1,1,0.5777832626403768,9,both_feet,09-10,1633
E05_spatial_control,erd_lr,1,16,1,1,0.5162838022867198,9,both_fists,09-10,1634
E05_spatial_control,erd_lr,1,16,1,1,0.5150243540458018,9,both_feet,09-10,1635
E05_spatial_control,erd_lr,1,16,1,1,0.5078134320382661,9,both_fists,09-10,1636
E05_spatial_control,erd_lr,1,16,1,0,0.31324721009098394,9,both_fists,09-10,1637
E05_spatial_control,erd_lr,1,16,1,1,0.5483929200454388,9,both_feet,09-10,1638
E05_spatial_control,erd_lr,1,16,1,0,0.45661706584635936,9,both_feet,09-10,1639
E05_spatial_control,erd_lr,1,16,1,0,0.45438145596466817,9,both_fists,09-10,1640
E05_spatial_control,erd_lr,1,16,1,0,0.3477397185236363,9,both_feet,09-10,1641
E05_spatial_control,erd_lr,1,16,0,1,0.6677517350998573,10,both_feet,09-10,1642
E05_spatial_control,erd_lr,1,16,0,1,0.5311061449517939,10,both_fists,09-10,1643
E05_spatial_control,erd_lr,1,16,0,0,0.4723417663005364,10,both_feet,09-10,1644
E05_spatial_control,erd_lr,1,16,0,0,0.47787741272878675,10,both_fists,09-10,1645
E05_spatial_control,erd_lr,1,16,0,0,0.4810858252435741,10,both_fists,09-10,1646
E05_spatial_control,erd_lr,1,16,0,0,0.4597403070149163,10,both_feet,09-10,1647
E05_spatial_control,erd_lr,1,16,0,0,0.47994863736327203,10,both_feet,09-10,1648
E05_spatial_control,erd_lr,1,16,0,0,0.43010316128189036,10,both_fists,09-10,1649
E05_spatial_control,erd_lr,1,16,0,1,0.7101919280054795,10,both_fists,09-10,1650
E05_spatial_control,erd_lr,1,16,0,1,0.6771183632472384,10,both_feet,09-10,1651
E05_spatial_control,erd_lr,1,16,0,1,0.533056017922261,10,both_fists,09-10,1652
E05_spatial_control,erd_lr,1,16,0,0,0.4761336374885034,10,both_feet,09-10,1653
E05_spatial_control,erd_lr,1,16,0,0,0.4300938923155904,10,both_feet,09-10,1654
E05_spatial_control,erd_lr,1,16,0,1,0.6241151352541185,10,both_fists,09-10,1655
E05_spatial_control,erd_lr,1,16,0,0,0.47110226550617623,10,both_fists,09-10,1656
E05_spatial_control,erd_lr,1,16,1,1,0.7278967927785261,11,left_fist,11-12,1657
E05_spatial_control,erd_lr,1,16,1,1,0.6017574462046021,11,right_fist,11-12,1658
E05_spatial_control,erd_lr,1,16,1,1,0.5407802166550144,11,left_fist,11-12,1659
E05_spatial_control,erd_lr,1,16,1,0,0.4652303127648058,11,right_fist,11-12,1660
E05_spatial_control,erd_lr,1,16,1,1,0.6550721095459189,11,left_fist,11-12,1661
E05_spatial_control,erd_lr,1,16,1,1,0.5892213817491531,11,right_fist,11-12,1662
E05_spatial_control,erd_lr,1,16,1,1,0.6626373795292609,11,right_fist,11-12,1663
E05_spatial_control,erd_lr,1,16,1,1,0.5870019352850754,11,left_fist,11-12,1664
E05_spatial_control,erd_lr,1,16,1,1,0.6796847634247561,11,right_fist,11-12,1665
E05_spatial_control,erd_lr,1,16,1,1,0.7080236734230971,11,left_fist,11-12,1666
E05_spatial_control,erd_lr,1,16,1,1,0.5006907198806855,11,left_fist,11-12,1667
E05_spatial_control,erd_lr,1,16,1,1,0.5614347284445032,11,right_fist,11-12,1668
E05_spatial_control,erd_lr,1,16,1,1,0.7541510235877601,11,left_fist,11-12,1669
E05_spatial_control,erd_lr,1,16,1,1,0.7329938164003685,11,right_fist,11-12,1670
E05_spatial_control,erd_lr,1,16,1,0,0.4800042056895067,11,left_fist,11-12,1671
E05_spatial_control,erd_lr,1,16,0,0,0.4230784482350679,12,right_fist,11-12,1672
E05_spatial_control,erd_lr,1,16,0,0,0.4578102446211536,12,left_fist,11-12,1673
E05_spatial_control,erd_lr,1,16,0,1,0.513280896239858,12,left_fist,11-12,1674
E05_spatial_control,erd_lr,1,16,0,0,0.45133711767681445,12,right_fist,11-12,1675
E05_spatial_control,erd_lr,1,16,0,0,0.40217291595085347,12,left_fist,11-12,1676
E05_spatial_control,erd_lr,1,16,0,1,0.5939370883501389,12,right_fist,11-12,1677
E05_spatial_control,erd_lr,1,16,0,1,0.6167655860567399,12,right_fist,11-12,1678
E05_spatial_control,erd_lr,1,16,0,0,0.4387426784828481,12,left_fist,11-12,1679
E05_spatial_control,erd_lr,1,16,0,0,0.4057231873023953,12,right_fist,11-12,1680
E05_spatial_control,erd_lr,1,16,0,1,0.5031781386770982,12,left_fist,11-12,1681
E05_spatial_control,erd_lr,1,16,0,1,0.562113893064981,12,right_fist,11-12,1682
E05_spatial_control,erd_lr,1,16,0,1,0.5504610453408593,12,left_fist,11-12,1683
E05_spatial_control,erd_lr,1,16,0,0,0.48410992325499536,12,right_fist,11-12,1684
E05_spatial_control,erd_lr,1,16,0,0,0.45863205363229737,12,left_fist,11-12,1685
E05_spatial_control,erd_lr,1,16,0,1,0.5937019956388095,12,right_fist,11-12,1686
E05_spatial_control,erd_lr,1,16,1,0,0.42383839592336164,13,both_fists,13-14,1687
E05_spatial_control,erd_lr,1,16,1,1,0.5860331094820543,13,both_feet,13-14,1688
E05_spatial_control,erd_lr,1,16,1,0,0.46649617924616343,13,both_feet,13-14,1689
E05_spatial_control,erd_lr,1,16,1,1,0.5195254268320187,13,both_fists,13-14,1690
E05_spatial_control,erd_lr,1,16,1,0,0.4791159751640917,13,both_fists,13-14,1691
E05_spatial_control,erd_lr,1,16,1,1,0.5083934016689923,13,both_feet,13-14,1692
E05_spatial_control,erd_lr,1,16,1,1,0.7081372975764179,13,both_fists,13-14,1693
E05_spatial_control,erd_lr,1,16,1,1,0.6102671815775617,13,both_feet,13-14,1694
E05_spatial_control,erd_lr,1,16,1,1,0.5274672775724536,13,both_fists,13-14,1695
E05_spatial_control,erd_lr,1,16,1,0,0.4906093265453761,13,both_feet,13-14,1696
E05_spatial_control,erd_lr,1,16,1,0,0.4942121126241922,13,both_fists,13-14,1697
E05_spatial_control,erd_lr,1,16,1,1,0.5654681894864267,13,both_feet,13-14,1698
E05_spatial_control,erd_lr,1,16,1,1,0.7258739158544483,13,both_feet,13-14,1699
E05_spatial_control,erd_lr,1,16,1,1,0.585565972125882,13,both_fists,13-14,1700
E05_spatial_control,erd_lr,1,16,1,1,0.732540321417476,13,both_fists,13-14,1701
E05_spatial_control,erd_lr,1,16,0,1,0.6218677441269324,14,both_fists,13-14,1702
E05_spatial_control,erd_lr,1,16,0,0,0.39720383043401813,14,both_feet,13-14,1703
E05_spatial_control,erd_lr,1,16,0,0,0.46277095451925265,14,both_fists,13-14,1704
E05_spatial_control,erd_lr,1,16,0,1,0.5052830094200365,14,both_feet,13-14,1705
E05_spatial_control,erd_lr,1,16,0,1,0.8389778976068905,14,both_fists,13-14,1706
E05_spatial_control,erd_lr,1,16,0,1,0.5211070465939602,14,both_fists,13-14,1707
E05_spatial_control,erd_lr,1,16,0,1,0.5770010517280467,14,both_feet,13-14,1708
E05_spatial_control,erd_lr,1,16,0,0,0.4842498628961856,14,both_fists,13-14,1709
E05_spatial_control,erd_lr,1,16,0,1,0.5969850456506635,14,both_fists,13-14,1710
E05_spatial_control,erd_lr,1,16,0,1,0.5951204498164878,14,both_feet,13-14,1711
E05_spatial_control,erd_lr,1,16,0,1,0.6483063962177601,14,both_feet,13-14,1712
E05_spatial_control,erd_lr,1,16,0,1,0.6373527976352867,14,both_fists,13-14,1713
E05_spatial_control,erd_lr,1,28,1,0,0.46596564434019516,3,left_fist,03-04,2610
E05_spatial_control,erd_lr,1,28,1,1,0.7279648698476721,3,left_fist,03-04,2611
E05_spatial_control,erd_lr,1,28,1,0,0.4527938880073445,3,left_fist,03-04,2612
E05_spatial_control,erd_lr,1,28,0,0,0.4674101861250501,4,right_fist,03-04,2613
E05_spatial_control,erd_lr,1,28,0,1,0.6696389568502832,4,right_fist,03-04,2614
E05_spatial_control,erd_lr,1,28,0,1,0.7006824924459782,4,right_fist,03-04,2615
E05_spatial_control,erd_lr,1,28,0,1,0.713639607383713,4,left_fist,03-04,2616
E05_spatial_control,erd_lr,1,28,1,1,0.7754005450883061,5,both_feet,05-06,2617
E05_spatial_control,erd_lr,1,28,1,1,0.6295634957399563,5,both_feet,05-06,2618
E05_spatial_control,erd_lr,1,28,1,1,0.7045198763335713,5,both_fists,05-06,2619
E05_spatial_control,erd_lr,1,28,1,0,0.46561446464280626,5,both_fists,05-06,2620
E05_spatial_control,erd_lr,1,28,1,1,0.5777483941357122,5,both_feet,05-06,2621
E05_spatial_control,erd_lr,1,28,1,1,0.5785506286259725,5,both_fists,05-06,2622
E05_spatial_control,erd_lr,1,28,0,1,0.5567248179735282,6,both_fists,05-06,2623
E05_spatial_control,erd_lr,1,28,0,1,0.6091780229022383,6,both_feet,05-06,2624
E05_spatial_control,erd_lr,1,28,0,0,0.4589257461805847,6,both_fists,05-06,2625
E05_spatial_control,erd_lr,1,28,0,1,0.5502580309004789,6,both_feet,05-06,2626
E05_spatial_control,erd_lr,1,28,0,1,0.5396643095747083,6,both_feet,05-06,2627
E05_spatial_control,erd_lr,1,28,0,1,0.5225680611099267,6,both_fists,05-06,2628
E05_spatial_control,erd_lr,1,28,0,1,0.5219014627795286,6,both_fists,05-06,2629
E05_spatial_control,erd_lr,1,28,0,1,0.5465436056863126,6,both_feet,05-06,2630
E05_spatial_control,erd_lr,1,28,0,0,0.2845396365672493,6,both_feet,05-06,2631
E05_spatial_control,erd_lr,1,28,0,1,0.5516410164677551,6,both_fists,05-06,2632
E05_spatial_control,erd_lr,1,28,1,1,0.6935934097886788,7,right_fist,07-08,2633
E05_spatial_control,erd_lr,1,28,1,1,0.5587448262949771,7,left_fist,07-08,2634
E05_spatial_control,erd_lr,1,28,1,1,0.7120973810413503,7,left_fist,07-08,2635
E05_spatial_control,erd_lr,1,28,1,1,0.5217335417710794,7,right_fist,07-08,2636
E05_spatial_control,erd_lr,1,28,1,1,0.536441856144452,7,left_fist,07-08,2637
E05_spatial_control,erd_lr,1,28,1,0,0.3623362145086759,7,right_fist,07-08,2638
E05_spatial_control,erd_lr,1,28,1,1,0.5569799913574011,7,right_fist,07-08,2639
E05_spatial_control,erd_lr,1,28,0,0,0.35922657528847524,8,left_fist,07-08,2640
E05_spatial_control,erd_lr,1,28,0,1,0.5880214381621653,8,right_fist,07-08,2641
E05_spatial_control,erd_lr,1,28,0,1,0.502182553674658,8,right_fist,07-08,2642
E05_spatial_control,erd_lr,1,28,0,0,0.3228704398113118,8,left_fist,07-08,2643
E05_spatial_control,erd_lr,1,28,0,1,0.6459199535956011,8,right_fist,07-08,2644
E05_spatial_control,erd_lr,1,28,0,1,0.607217326790044,8,right_fist,07-08,2645
E05_spatial_control,erd_lr,1,28,0,0,0.4398171272735385,8,right_fist,07-08,2646
E05_spatial_control,erd_lr,1,28,0,1,0.5230142564231404,8,left_fist,07-08,2647
E05_spatial_control,erd_lr,1,28,0,0,0.3607686290396515,8,left_fist,07-08,2648
E05_spatial_control,erd_lr,1,28,1,1,0.5253796516437454,9,both_fists,09-10,2649
E05_spatial_control,erd_lr,1,28,1,1,0.58710858370408,9,both_fists,09-10,2650
E05_spatial_control,erd_lr,1,28,1,1,0.7394939610228557,9,both_fists,09-10,2651
E05_spatial_control,erd_lr,1,28,1,1,0.51401110630207,9,both_fists,09-10,2652
E05_spatial_control,erd_lr,1,28,1,1,0.6309713791969509,9,both_feet,09-10,2653
E05_spatial_control,erd_lr,1,28,1,1,0.6010762221879907,9,both_fists,09-10,2654
E05_spatial_control,erd_lr,1,28,0,0,0.4615910683357939,10,both_fists,09-10,2655
E05_spatial_control,erd_lr,1,28,0,1,0.5171810472535757,10,both_feet,09-10,2656
E05_spatial_control,erd_lr,1,28,0,0,0.47931008111402273,10,both_fists,09-10,2657
E05_spatial_control,erd_lr,1,28,0,1,0.6397795728096022,10,both_feet,09-10,2658
E05_spatial_control,erd_lr,1,28,0,1,0.5358612387735647,10,both_fists,09-10,2659
E05_spatial_control,erd_lr,1,28,0,0,0.4935304833851226,10,both_feet,09-10,2660
E05_spatial_control,erd_lr,1,28,0,0,0.4378028641018679,10,both_fists,09-10,2661
E05_spatial_control,erd_lr,1,28,0,0,0.47291341913731083,10,both_feet,09-10,2662
E05_spatial_control,erd_lr,1,28,1,1,0.6978441037729467,11,right_fist,11-12,2663
E05_spatial_control,erd_lr,1,28,1,1,0.5874808168549124,11,left_fist,11-12,2664
E05_spatial_control,erd_lr,1,28,1,1,0.617243832116807,11,right_fist,11-12,2665
E05_spatial_control,erd_lr,1,28,1,1,0.5867731324877618,11,left_fist,11-12,2666
E05_spatial_control,erd_lr,1,28,1,1,0.5761344519082812,11,right_fist,11-12,2667
E05_spatial_control,erd_lr,1,28,1,1,0.550575371882435,11,left_fist,11-12,2668
E05_spatial_control,erd_lr,1,28,1,1,0.5770018147661683,11,left_fist,11-12,2669
E05_spatial_control,erd_lr,1,28,1,1,0.5240076381490468,11,right_fist,11-12,2670
E05_spatial_control,erd_lr,1,28,0,1,0.5932625231878239,12,right_fist,11-12,2671
E05_spatial_control,erd_lr,1,28,0,1,0.5227752699147424,12,left_fist,11-12,2672
E05_spatial_control,erd_lr,1,28,0,1,0.6479585021862011,12,right_fist,11-12,2673
E05_spatial_control,erd_lr,1,28,0,0,0.46838823972265076,12,left_fist,11-12,2674
E05_spatial_control,erd_lr,1,28,0,1,0.6019458876285073,12,right_fist,11-12,2675
E05_spatial_control,erd_lr,1,28,0,1,0.5404861859144632,12,left_fist,11-12,2676
E05_spatial_control,erd_lr,1,28,0,1,0.5761673558277153,12,right_fist,11-12,2677
E05_spatial_control,erd_lr,1,28,0,1,0.6381183991967404,12,right_fist,11-12,2678
E05_spatial_control,erd_lr,1,28,1,1,0.5787897084351186,13,both_fists,13-14,2679
E05_spatial_control,erd_lr,1,28,1,1,0.6701240654627386,13,both_fists,13-14,2680
E05_spatial_control,erd_lr,1,28,1,1,0.5092922018411097,13,both_fists,13-14,2681
E05_spatial_control,erd_lr,1,28,1,0,0.3303603938751454,13,both_fists,13-14,2682
E05_spatial_control,erd_lr,1,28,0,1,0.5479535640132059,14,both_feet,13-14,2683
E05_spatial_control,erd_lr,1,28,0,1,0.5178765079246292,14,both_fists,13-14,2684
E05_spatial_control,erd_lr,1,28,0,1,0.5815192234535629,14,both_fists,13-14,2685
E05_spatial_control,erd_lr,1,28,0,1,0.5842535590325547,14,both_fists,13-14,2686
E05_spatial_control,erd_lr,1,28,0,1,0.5638706676333433,14,both_feet,13-14,2687
E05_spatial_control,erd_lr,1,28,0,1,0.6313039959763187,14,both_fists,13-14,2688
E05_spatial_control,erd_lr,1,28,0,0,0.21264522358214633,14,both_feet,13-14,2689
E05_spatial_control,erd_lr,1,28,0,1,0.5234577588985909,14,both_fists,13-14,2690
E05_spatial_control,erd_lr,1,28,0,1,0.7018689602821216,14,both_fists,13-14,2691
E05_spatial_control,erd_lr,1,28,0,0,0.4662264907162476,14,both_feet,13-14,2692
E05_spatial_control,erd_lr,1,28,0,0,0.37292002636903565,14,both_feet,13-14,2693
E05_spatial_control,erd_lr,1,28,0,1,0.5518093172618272,14,both_fists,13-14,2694
E05_spatial_control,erd_lr,1,34,1,1,0.5672402857109061,3,left_fist,03-04,3406
E05_spatial_control,erd_lr,1,34,1,0,0.441455958414672,3,right_fist,03-04,3407
E05_spatial_control,erd_lr,1,34,1,0,0.4346886424851519,3,left_fist,03-04,3408
E05_spatial_control,erd_lr,1,34,1,1,0.5331981933270978,3,right_fist,03-04,3409
E05_spatial_control,erd_lr,1,34,1,0,0.4712506417631116,3,right_fist,03-04,3410
E05_spatial_control,erd_lr,1,34,1,1,0.6393972226867256,3,left_fist,03-04,3411
E05_spatial_control,erd_lr,1,34,1,0,0.3525498573093748,3,right_fist,03-04,3412
E05_spatial_control,erd_lr,1,34,1,0,0.380629507653737,3,left_fist,03-04,3413
E05_spatial_control,erd_lr,1,34,1,0,0.3907130141542006,3,left_fist,03-04,3414
E05_spatial_control,erd_lr,1,34,1,0,0.47427833765601146,3,right_fist,03-04,3415
E05_spatial_control,erd_lr,1,34,1,0,0.4866705207100784,3,right_fist,03-04,3416
E05_spatial_control,erd_lr,1,34,1,1,0.5933156696030171,3,left_fist,03-04,3417
E05_spatial_control,erd_lr,1,34,1,1,0.6243698659887849,3,left_fist,03-04,3418
E05_spatial_control,erd_lr,1,34,1,1,0.5093851463285584,3,right_fist,03-04,3419
E05_spatial_control,erd_lr,1,34,1,1,0.7146415042637825,3,left_fist,03-04,3420
E05_spatial_control,erd_lr,1,34,0,0,0.49205129679423576,4,left_fist,03-04,3421
E05_spatial_control,erd_lr,1,34,0,0,0.4045120971530622,4,right_fist,03-04,3422
E05_spatial_control,erd_lr,1,34,0,1,0.5052566844586721,4,left_fist,03-04,3423
E05_spatial_control,erd_lr,1,34,0,1,0.5250630931494028,4,right_fist,03-04,3424
E05_spatial_control,erd_lr,1,34,0,1,0.510993159337096,4,left_fist,03-04,3425
E05_spatial_control,erd_lr,1,34,0,1,0.5009301334254467,4,right_fist,03-04,3426
E05_spatial_control,erd_lr,1,34,0,0,0.46391519956011507,4,left_fist,03-04,3427
E05_spatial_control,erd_lr,1,34,0,0,0.475842178257791,4,right_fist,03-04,3428
E05_spatial_control,erd_lr,1,34,0,0,0.43708651811536936,4,right_fist,03-04,3429
E05_spatial_control,erd_lr,1,34,0,1,0.5889432626038118,4,left_fist,03-04,3430
E05_spatial_control,erd_lr,1,34,0,1,0.5457778908510883,4,left_fist,03-04,3431
E05_spatial_control,erd_lr,1,34,0,1,0.5355768794988803,4,right_fist,03-04,3432
E05_spatial_control,erd_lr,1,34,0,1,0.5806128998382872,4,right_fist,03-04,3433
E05_spatial_control,erd_lr,1,34,0,1,0.5108029547974382,4,left_fist,03-04,3434
E05_spatial_control,erd_lr,1,34,0,0,0.44698204386893275,4,right_fist,03-04,3435
E05_spatial_control,erd_lr,1,34,1,1,0.5859334704300532,5,both_fists,05-06,3436
E05_spatial_control,erd_lr,1,34,1,0,0.42240654665300637,5,both_feet,05-06,3437
E05_spatial_control,erd_lr,1,34,1,1,0.5937391576846415,5,both_fists,05-06,3438
E05_spatial_control,erd_lr,1,34,1,0,0.4463202373748411,5,both_feet,05-06,3439
E05_spatial_control,erd_lr,1,34,1,0,0.46055160227586567,5,both_fists,05-06,3440
E05_spatial_control,erd_lr,1,34,1,0,0.49693367661072374,5,both_feet,05-06,3441
E05_spatial_control,erd_lr,1,34,1,0,0.40746981517201447,5,both_feet,05-06,3442
E05_spatial_control,erd_lr,1,34,1,1,0.5493519295589906,5,both_fists,05-06,3443
E05_spatial_control,erd_lr,1,34,1,1,0.5283562522004914,5,both_fists,05-06,3444
E05_spatial_control,erd_lr,1,34,1,0,0.49620486594468965,5,both_feet,05-06,3445
E05_spatial_control,erd_lr,1,34,1,0,0.4560497118551713,5,both_feet,05-06,3446
E05_spatial_control,erd_lr,1,34,1,1,0.6360299631255629,5,both_fists,05-06,3447
E05_spatial_control,erd_lr,1,34,1,1,0.5830434696218147,5,both_fists,05-06,3448
E05_spatial_control,erd_lr,1,34,1,0,0.47551296423178624,5,both_feet,05-06,3449
E05_spatial_control,erd_lr,1,34,1,0,0.418388679622105,5,both_fists,05-06,3450
E05_spatial_control,erd_lr,1,34,0,0,0.45181395774545663,6,both_feet,05-06,3451
E05_spatial_control,erd_lr,1,34,0,1,0.5219844319092759,6,both_fists,05-06,3452
E05_spatial_control,erd_lr,1,34,0,1,0.5167423130375538,6,both_feet,05-06,3453
E05_spatial_control,erd_lr,1,34,0,0,0.3915254832958395,6,both_fists,05-06,3454
E05_spatial_control,erd_lr,1,34,0,0,0.34123625676596664,6,both_feet,05-06,3455
E05_spatial_control,erd_lr,1,34,0,0,0.3669661313443678,6,both_fists,05-06,3456
E05_spatial_control,erd_lr,1,34,0,0,0.4159771475689328,6,both_fists,05-06,3457
E05_spatial_control,erd_lr,1,34,0,0,0.44650698435222497,6,both_feet,05-06,3458
E05_spatial_control,erd_lr,1,34,0,0,0.41772450630693825,6,both_feet,05-06,3459
E05_spatial_control,erd_lr,1,34,0,1,0.6358205753136362,6,both_fists,05-06,3460
E05_spatial_control,erd_lr,1,34,0,0,0.3571834514559756,6,both_fists,05-06,3461
E05_spatial_control,erd_lr,1,34,0,0,0.4117800242252597,6,both_feet,05-06,3462
E05_spatial_control,erd_lr,1,34,0,0,0.4330309357791129,6,both_feet,05-06,3463
E05_spatial_control,erd_lr,1,34,0,0,0.37896876579184813,6,both_fists,05-06,3464
E05_spatial_control,erd_lr,1,34,0,1,0.5017824074402164,6,both_feet,05-06,3465
E05_spatial_control,erd_lr,1,34,1,0,0.28501733790591116,7,right_fist,07-08,3466
E05_spatial_control,erd_lr,1,34,1,1,0.5036991164562249,7,left_fist,07-08,3467
E05_spatial_control,erd_lr,1,34,1,1,0.5846490868222816,7,left_fist,07-08,3468
E05_spatial_control,erd_lr,1,34,1,1,0.564189355901685,7,right_fist,07-08,3469
E05_spatial_control,erd_lr,1,34,1,1,0.5051230448912986,7,left_fist,07-08,3470
E05_spatial_control,erd_lr,1,34,1,0,0.4839812195036648,7,right_fist,07-08,3471
E05_spatial_control,erd_lr,1,34,1,0,0.4901877423190272,7,right_fist,07-08,3472
E05_spatial_control,erd_lr,1,34,1,1,0.6006893563134684,7,left_fist,07-08,3473
E05_spatial_control,erd_lr,1,34,1,0,0.40799622214193093,7,right_fist,07-08,3474
E05_spatial_control,erd_lr,1,34,1,1,0.521546946753625,7,left_fist,07-08,3475
E05_spatial_control,erd_lr,1,34,1,1,0.6401342782796778,7,right_fist,07-08,3476
E05_spatial_control,erd_lr,1,34,1,1,0.5925192818354565,7,left_fist,07-08,3477
E05_spatial_control,erd_lr,1,34,1,0,0.4701665593575262,7,right_fist,07-08,3478
E05_spatial_control,erd_lr,1,34,1,1,0.7276578786306908,7,left_fist,07-08,3479
E05_spatial_control,erd_lr,1,34,1,1,0.6966368482256285,7,right_fist,07-08,3480
E05_spatial_control,erd_lr,1,34,0,0,0.45393172616144983,8,left_fist,07-08,3481
E05_spatial_control,erd_lr,1,34,0,0,0.4740595243046354,8,right_fist,07-08,3482
E05_spatial_control,erd_lr,1,34,0,1,0.6234900424573411,8,left_fist,07-08,3483
E05_spatial_control,erd_lr,1,34,0,0,0.4623266983843125,8,right_fist,07-08,3484
E05_spatial_control,erd_lr,1,34,0,0,0.31006837829393163,8,left_fist,07-08,3485
E05_spatial_control,erd_lr,1,34,0,0,0.44833625259647963,8,right_fist,07-08,3486
E05_spatial_control,erd_lr,1,34,0,1,0.605891471269726,8,left_fist,07-08,3487
E05_spatial_control,erd_lr,1,34,0,1,0.6612403405098554,8,right_fist,07-08,3488
E05_spatial_control,erd_lr,1,34,0,1,0.5263251178685134,8,right_fist,07-08,3489
E05_spatial_control,erd_lr,1,34,0,1,0.581789786009704,8,left_fist,07-08,3490
E05_spatial_control,erd_lr,1,34,0,1,0.5896048414780788,8,left_fist,07-08,3491
E05_spatial_control,erd_lr,1,34,0,1,0.6003186558951012,8,right_fist,07-08,3492
E05_spatial_control,erd_lr,1,34,0,1,0.546161290316036,8,left_fist,07-08,3493
E05_spatial_control,erd_lr,1,34,0,0,0.4484783300494933,8,right_fist,07-08,3494
E05_spatial_control,erd_lr,1,34,0,1,0.5956680952916276,8,right_fist,07-08,3495
E05_spatial_control,erd_lr,1,34,1,1,0.594692789077868,9,both_feet,09-10,3496
E05_spatial_control,erd_lr,1,34,1,0,0.4765180378409575,9,both_fists,09-10,3497
E05_spatial_control,erd_lr,1,34,1,1,0.5231050971226723,9,both_fists,09-10,3498
E05_spatial_control,erd_lr,1,34,1,0,0.39771121799918885,9,both_feet,09-10,3499
E05_spatial_control,erd_lr,1,34,1,1,0.5021160511568323,9,both_feet,09-10,3500
E05_spatial_control,erd_lr,1,34,1,0,0.49209944369003494,9,both_fists,09-10,3501
E05_spatial_control,erd_lr,1,34,1,1,0.5038615618693296,9,both_feet,09-10,3502
E05_spatial_control,erd_lr,1,34,1,1,0.5231340927316546,9,both_fists,09-10,3503
E05_spatial_control,erd_lr,1,34,1,1,0.527771519264138,9,both_fists,09-10,3504
E05_spatial_control,erd_lr,1,34,1,1,0.6214744202424153,9,both_feet,09-10,3505
E05_spatial_control,erd_lr,1,34,1,1,0.5170438611751749,9,both_fists,09-10,3506
E05_spatial_control,erd_lr,1,34,1,0,0.4607353791363522,9,both_feet,09-10,3507
E05_spatial_control,erd_lr,1,34,1,1,0.5945711831561211,9,both_fists,09-10,3508
E05_spatial_control,erd_lr,1,34,1,1,0.5637224703378083,9,both_feet,09-10,3509
E05_spatial_control,erd_lr,1,34,1,1,0.5370957274804922,9,both_feet,09-10,3510
E05_spatial_control,erd_lr,1,34,0,0,0.48172006471378187,10,both_fists,09-10,3511
E05_spatial_control,erd_lr,1,34,0,0,0.37020071305800767,10,both_feet,09-10,3512
E05_spatial_control,erd_lr,1,34,0,1,0.5254114876805015,10,both_fists,09-10,3513
E05_spatial_control,erd_lr,1,34,0,0,0.3532228020253739,10,both_feet,09-10,3514
E05_spatial_control,erd_lr,1,34,0,0,0.4463170435360823,10,both_feet,09-10,3515
E05_spatial_control,erd_lr,1,34,0,0,0.3796095153623188,10,both_fists,09-10,3516
E05_spatial_control,erd_lr,1,34,0,0,0.43474198566118416,10,both_feet,09-10,3517
E05_spatial_control,erd_lr,1,34,0,0,0.37825579845811474,10,both_fists,09-10,3518
E05_spatial_control,erd_lr,1,34,0,0,0.4097580285072556,10,both_feet,09-10,3519
E05_spatial_control,erd_lr,1,34,0,0,0.29728842514831233,10,both_fists,09-10,3520
E05_spatial_control,erd_lr,1,34,0,0,0.4506398650684539,10,both_feet,09-10,3521
E05_spatial_control,erd_lr,1,34,0,1,0.5761950348732416,10,both_fists,09-10,3522
E05_spatial_control,erd_lr,1,34,0,1,0.5596827911792851,10,both_fists,09-10,3523
E05_spatial_control,erd_lr,1,34,0,0,0.47882795872058714,10,both_feet,09-10,3524
E05_spatial_control,erd_lr,1,34,0,0,0.38333836573669894,10,both_feet,09-10,3525
E05_spatial_control,erd_lr,1,34,1,0,0.37698997144892343,11,left_fist,11-12,3526
E05_spatial_control,erd_lr,1,34,1,0,0.4967205187157506,11,right_fist,11-12,3527
E05_spatial_control,erd_lr,1,34,1,1,0.5682565160864406,11,right_fist,11-12,3528
E05_spatial_control,erd_lr,1,34,1,1,0.6057956471877262,11,left_fist,11-12,3529
E05_spatial_control,erd_lr,1,34,1,1,0.5238258123054287,11,left_fist,11-12,3530
E05_spatial_control,erd_lr,1,34,1,0,0.4035058121528402,11,right_fist,11-12,3531
E05_spatial_control,erd_lr,1,34,1,0,0.4923274513596929,11,left_fist,11-12,3532
E05_spatial_control,erd_lr,1,34,1,0,0.4458809293317609,11,right_fist,11-12,3533
E05_spatial_control,erd_lr,1,34,1,1,0.5889127856678201,11,right_fist,11-12,3534
E05_spatial_control,erd_lr,1,34,1,0,0.4501929604284527,11,left_fist,11-12,3535
E05_spatial_control,erd_lr,1,34,1,0,0.42923195478805637,11,right_fist,11-12,3536
E05_spatial_control,erd_lr,1,34,1,1,0.5266188357062963,11,left_fist,11-12,3537
E05_spatial_control,erd_lr,1,34,1,1,0.5954564952040529,11,right_fist,11-12,3538
E05_spatial_control,erd_lr,1,34,1,0,0.49391584886108486,11,left_fist,11-12,3539
E05_spatial_control,erd_lr,1,34,1,0,0.42567933881876613,11,left_fist,11-12,3540
E05_spatial_control,erd_lr,1,34,0,1,0.6588942974826821,12,left_fist,11-12,3541
E05_spatial_control,erd_lr,1,34,0,0,0.43021565358086283,12,right_fist,11-12,3542
E05_spatial_control,erd_lr,1,34,0,0,0.3791451698770574,12,left_fist,11-12,3543
E05_spatial_control,erd_lr,1,34,0,1,0.5763013921451824,12,right_fist,11-12,3544
E05_spatial_control,erd_lr,1,34,0,0,0.3309355357831143,12,left_fist,11-12,3545
E05_spatial_control,erd_lr,1,34,0,0,0.45158719462239094,12,right_fist,11-12,3546
E05_spatial_control,erd_lr,1,34,0,0,0.39902499667253793,12,left_fist,11-12,3547
E05_spatial_control,erd_lr,1,34,0,1,0.5450024466403219,12,right_fist,11-12,3548
E05_spatial_control,erd_lr,1,34,0,1,0.6258445951456382,12,left_fist,11-12,3549
E05_spatial_control,erd_lr,1,34,0,0,0.420342545706094,12,right_fist,11-12,3550
E05_spatial_control,erd_lr,1,34,0,1,0.546754785924724,12,right_fist,11-12,3551
E05_spatial_control,erd_lr,1,34,0,0,0.4350536915489962,12,left_fist,11-12,3552
E05_spatial_control,erd_lr,1,34,0,1,0.6220062040696486,12,right_fist,11-12,3553
E05_spatial_control,erd_lr,1,34,0,0,0.35239676006771303,12,left_fist,11-12,3554
E05_spatial_control,erd_lr,1,34,0,0,0.48999019639645053,12,right_fist,11-12,3555
E05_spatial_control,erd_lr,1,34,1,0,0.48601973906938,13,both_feet,13-14,3556
E05_spatial_control,erd_lr,1,34,1,1,0.5840106244944844,13,both_fists,13-14,3557
E05_spatial_control,erd_lr,1,34,1,1,0.6077392439064642,13,both_fists,13-14,3558
E05_spatial_control,erd_lr,1,34,1,1,0.6453434211176277,13,both_feet,13-14,3559
E05_spatial_control,erd_lr,1,34,1,0,0.4412846101705792,13,both_fists,13-14,3560
E05_spatial_control,erd_lr,1,34,1,1,0.6255287661990129,13,both_feet,13-14,3561
E05_spatial_control,erd_lr,1,34,1,1,0.5591301060818752,13,both_fists,13-14,3562
E05_spatial_control,erd_lr,1,34,1,1,0.684710472477341,13,both_feet,13-14,3563
E05_spatial_control,erd_lr,1,34,1,0,0.4691144671307022,13,both_feet,13-14,3564
E05_spatial_control,erd_lr,1,34,1,1,0.5605837169428287,13,both_fists,13-14,3565
E05_spatial_control,erd_lr,1,34,1,0,0.3972194745922726,13,both_feet,13-14,3566
E05_spatial_control,erd_lr,1,34,1,1,0.5500819109783128,13,both_fists,13-14,3567
E05_spatial_control,erd_lr,1,34,1,0,0.3904451147947211,13,both_feet,13-14,3568
E05_spatial_control,erd_lr,1,34,1,1,0.5515784547246286,13,both_fists,13-14,3569
E05_spatial_control,erd_lr,1,34,1,0,0.47095767696451896,13,both_feet,13-14,3570
E05_spatial_control,erd_lr,1,34,0,0,0.486890739696959,14,both_fists,13-14,3571
E05_spatial_control,erd_lr,1,34,0,1,0.5219277521026,14,both_feet,13-14,3572
E05_spatial_control,erd_lr,1,34,0,1,0.5912482735108643,14,both_fists,13-14,3573
E05_spatial_control,erd_lr,1,34,0,0,0.3569981823186789,14,both_feet,13-14,3574
E05_spatial_control,erd_lr,1,34,0,0,0.28768909975018847,14,both_feet,13-14,3575
E05_spatial_control,erd_lr,1,34,0,1,0.5046272873759718,14,both_fists,13-14,3576
E05_spatial_control,erd_lr,1,34,0,0,0.46839466753726755,14,both_fists,13-14,3577
E05_spatial_control,erd_lr,1,34,0,1,0.5153832306035974,14,both_feet,13-14,3578
E05_spatial_control,erd_lr,1,34,0,1,0.5433790228462084,14,both_feet,13-14,3579
E05_spatial_control,erd_lr,1,34,0,1,0.5140119443189389,14,both_fists,13-14,3580
E05_spatial_control,erd_lr,1,34,0,0,0.41527578541242666,14,both_fists,13-14,3581
E05_spatial_control,erd_lr,1,34,0,0,0.48160138324294915,14,both_feet,13-14,3582
E05_spatial_control,erd_lr,1,34,0,1,0.5379120487511567,14,both_feet,13-14,3583
E05_spatial_control,erd_lr,1,34,0,1,0.5101733406020063,14,both_fists,13-14,3584
E05_spatial_control,erd_lr,1,34,0,0,0.29856419275257096,14,both_fists,13-14,3585
E05_spatial_control,erd_lr,1,43,1,1,0.6540776338485448,3,right_fist,03-04,4761
E05_spatial_control,erd_lr,1,43,1,1,0.672758383754915,3,left_fist,03-04,4762
E05_spatial_control,erd_lr,1,43,1,1,0.6256920970361289,3,left_fist,03-04,4763
E05_spatial_control,erd_lr,1,43,1,1,0.6401342789621778,3,right_fist,03-04,4764
E05_spatial_control,erd_lr,1,43,1,1,0.6247213568207105,3,right_fist,03-04,4765
E05_spatial_control,erd_lr,1,43,1,0,0.32738400277991997,3,left_fist,03-04,4766
E05_spatial_control,erd_lr,1,43,1,0,0.4189411161894145,3,left_fist,03-04,4767
E05_spatial_control,erd_lr,1,43,0,1,0.7088614772514336,4,left_fist,03-04,4768
E05_spatial_control,erd_lr,1,43,0,1,0.5960299529511476,4,right_fist,03-04,4769
E05_spatial_control,erd_lr,1,43,0,1,0.6552754128522631,4,right_fist,03-04,4770
E05_spatial_control,erd_lr,1,43,0,1,0.6901356366950941,4,left_fist,03-04,4771
E05_spatial_control,erd_lr,1,43,0,0,0.46002642004754307,4,left_fist,03-04,4772
E05_spatial_control,erd_lr,1,43,0,0,0.4626268060496402,4,right_fist,03-04,4773
E05_spatial_control,erd_lr,1,43,0,0,0.39567311515501624,4,left_fist,03-04,4774
E05_spatial_control,erd_lr,1,43,0,1,0.5437580342722154,4,right_fist,03-04,4775
E05_spatial_control,erd_lr,1,43,0,1,0.5115739913895518,4,right_fist,03-04,4776
E05_spatial_control,erd_lr,1,43,0,1,0.6463946683182035,4,left_fist,03-04,4777
E05_spatial_control,erd_lr,1,43,0,1,0.6154816699083562,4,left_fist,03-04,4778
E05_spatial_control,erd_lr,1,43,0,0,0.39123759433226646,4,left_fist,03-04,4779
E05_spatial_control,erd_lr,1,43,1,1,0.7380137255606714,5,both_feet,05-06,4780
E05_spatial_control,erd_lr,1,43,1,0,0.40722520432630704,5,both_fists,05-06,4781
E05_spatial_control,erd_lr,1,43,1,1,0.6391563433143198,5,both_fists,05-06,4782
E05_spatial_control,erd_lr,1,43,0,0,0.4551199515900853,6,both_feet,05-06,4783
E05_spatial_control,erd_lr,1,43,0,0,0.49610823996314685,6,both_fists,05-06,4784
E05_spatial_control,erd_lr,1,43,0,0,0.4780621737304031,6,both_fists,05-06,4785
E05_spatial_control,erd_lr,1,43,0,1,0.6015871817058716,6,both_fists,05-06,4786
E05_spatial_control,erd_lr,1,43,0,1,0.5405469244711211,6,both_fists,05-06,4787
E05_spatial_control,erd_lr,1,43,0,1,0.5743943339589852,6,both_feet,05-06,4788
E05_spatial_control,erd_lr,1,43,0,1,0.5954897039539521,6,both_fists,05-06,4789
E05_spatial_control,erd_lr,1,43,0,1,0.6804177167833924,6,both_feet,05-06,4790
E05_spatial_control,erd_lr,1,43,0,1,0.5692437758524539,6,both_feet,05-06,4791
E05_spatial_control,erd_lr,1,43,0,1,0.7354397291426111,6,both_fists,05-06,4792
E05_spatial_control,erd_lr,1,43,0,1,0.6442357318739917,6,both_fists,05-06,4793
E05_spatial_control,erd_lr,1,43,0,0,0.3199503676488678,6,both_feet,05-06,4794
E05_spatial_control,erd_lr,1,43,0,1,0.5255434163698077,6,both_fists,05-06,4795
E05_spatial_control,erd_lr,1,43,1,0,0.44659841002504297,7,right_fist,07-08,4796
E05_spatial_control,erd_lr,1,43,1,1,0.6244308010742085,7,left_fist,07-08,4797
E05_spatial_control,erd_lr,1,43,1,1,0.5716163021872144,7,right_fist,07-08,4798
E05_spatial_control,erd_lr,1,43,1,1,0.6230581265667199,7,left_fist,07-08,4799
E05_spatial_control,erd_lr,1,43,1,1,0.5656359142739734,7,left_fist,07-08,4800
E05_spatial_control,erd_lr,1,43,1,1,0.6317187489453232,7,right_fist,07-08,4801
E05_spatial_control,erd_lr,1,43,1,1,0.5397776665622079,7,right_fist,07-08,4802
E05_spatial_control,erd_lr,1,43,1,1,0.5396866843941176,7,right_fist,07-08,4803
E05_spatial_control,erd_lr,1,43,1,1,0.5471167616165531,7,left_fist,07-08,4804
E05_spatial_control,erd_lr,1,43,1,1,0.541164263326748,7,left_fist,07-08,4805
E05_spatial_control,erd_lr,1,43,1,1,0.7254226094751722,7,right_fist,07-08,4806
E05_spatial_control,erd_lr,1,43,1,1,0.5607411539932634,7,right_fist,07-08,4807
E05_spatial_control,erd_lr,1,43,0,1,0.5781014468819331,8,left_fist,07-08,4808
E05_spatial_control,erd_lr,1,43,0,0,0.47596899623976097,8,right_fist,07-08,4809
E05_spatial_control,erd_lr,1,43,0,1,0.5167393028948225,8,left_fist,07-08,4810
E05_spatial_control,erd_lr,1,43,0,0,0.4400965640632067,8,right_fist,07-08,4811
E05_spatial_control,erd_lr,1,43,0,1,0.5207147962159204,8,left_fist,07-08,4812
E05_spatial_control,erd_lr,1,43,0,1,0.6827889140357227,8,right_fist,07-08,4813
E05_spatial_control,erd_lr,1,43,0,1,0.5810593635599606,8,right_fist,07-08,4814
E05_spatial_control,erd_lr,1,43,0,1,0.68004906084938,8,right_fist,07-08,4815
E05_spatial_control,erd_lr,1,43,1,1,0.7066708132024001,9,both_fists,09-10,4816
E05_spatial_control,erd_lr,1,43,1,1,0.5800271997602976,9,both_fists,09-10,4817
E05_spatial_control,erd_lr,1,43,1,1,0.7187667849246416,9,both_feet,09-10,4818
E05_spatial_control,erd_lr,1,43,1,1,0.6028361654055252,9,both_feet,09-10,4819
E05_spatial_control,erd_lr,1,43,1,1,0.6354740703651748,9,both_fists,09-10,4820
E05_spatial_control,erd_lr,1,43,0,1,0.5379004528840455,10,both_feet,09-10,4821
E05_spatial_control,erd_lr,1,43,0,0,0.46873611352591804,10,both_fists,09-10,4822
E05_spatial_control,erd_lr,1,43,0,0,0.4312040194175284,10,both_feet,09-10,4823
E05_spatial_control,erd_lr,1,43,0,0,0.38155529503339425,10,both_fists,09-10,4824
E05_spatial_control,erd_lr,1,43,0,1,0.5019156737349134,10,both_fists,09-10,4825
E05_spatial_control,erd_lr,1,43,1,1,0.5385747148065728,11,right_fist,11-12,4826
E05_spatial_control,erd_lr,1,43,1,1,0.7066200577074908,11,left_fist,11-12,4827
E05_spatial_control,erd_lr,1,43,1,1,0.5013430213700805,11,left_fist,11-12,4828
E05_spatial_control,erd_lr,1,43,1,1,0.5709834982491914,11,right_fist,11-12,4829
E05_spatial_control,erd_lr,1,43,0,0,0.46732005035239027,12,left_fist,11-12,4830
E05_spatial_control,erd_lr,1,43,0,0,0.3636396833571713,12,right_fist,11-12,4831
E05_spatial_control,erd_lr,1,43,0,0,0.4964261280394374,12,right_fist,11-12,4832
E05_spatial_control,erd_lr,1,43,1,1,0.5234966041062158,13,both_fists,13-14,4833
E05_spatial_control,erd_lr,1,43,1,1,0.621999724585909,13,both_feet,13-14,4834
E05_spatial_control,erd_lr,1,43,1,0,0.403135979471393,13,both_feet,13-14,4835
E05_spatial_control,erd_lr,1,43,1,0,0.4284057173805817,13,both_fists,13-14,4836
E05_spatial_control,erd_lr,1,43,1,1,0.6154837895384059,13,both_fists,13-14,4837
E05_spatial_control,erd_lr,1,43,0,0,0.48624811554191194,14,both_fists,13-14,4838
E05_spatial_control,erd_lr,1,43,0,1,0.6835924529926938,14,both_feet,13-14,4839
E05_spatial_control,erd_lr,1,43,0,1,0.5112316499404551,14,both_feet,13-14,4840
E05_spatial_control,erd_lr,1,47,1,1,0.7063746390141107,3,right_fist,03-04,4956
E05_spatial_control,erd_lr,1,47,1,1,0.5807641959091987,3,left_fist,03-04,4957
E05_spatial_control,erd_lr,1,47,1,1,0.6676294762441242,3,left_fist,03-04,4958
E05_spatial_control,erd_lr,1,47,1,1,0.5468101059204998,3,right_fist,03-04,4959
E05_spatial_control,erd_lr,1,47,1,1,0.576586908158296,3,right_fist,03-04,4960
E05_spatial_control,erd_lr,1,47,1,1,0.6520605878066201,3,left_fist,03-04,4961
E05_spatial_control,erd_lr,1,47,1,1,0.5874481239000416,3,left_fist,03-04,4962
E05_spatial_control,erd_lr,1,47,1,0,0.4469348750015769,3,right_fist,03-04,4963
E05_spatial_control,erd_lr,1,47,1,1,0.5185132924957416,3,right_fist,03-04,4964
E05_spatial_control,erd_lr,1,47,1,0,0.3464207225071392,3,left_fist,03-04,4965
E05_spatial_control,erd_lr,1,47,1,0,0.41237866460720113,3,left_fist,03-04,4966
E05_spatial_control,erd_lr,1,47,1,1,0.7298066946642667,3,right_fist,03-04,4967
E05_spatial_control,erd_lr,1,47,1,1,0.5445619069410008,3,right_fist,03-04,4968
E05_spatial_control,erd_lr,1,47,1,1,0.6390145690435997,3,left_fist,03-04,4969
E05_spatial_control,erd_lr,1,47,1,1,0.5140848022070299,3,left_fist,03-04,4970
E05_spatial_control,erd_lr,1,47,0,1,0.5252968780221998,4,left_fist,03-04,4971
E05_spatial_control,erd_lr,1,47,0,0,0.41013462150402935,4,right_fist,03-04,4972
E05_spatial_control,erd_lr,1,47,0,0,0.41827723727906685,4,left_fist,03-04,4973
E05_spatial_control,erd_lr,1,47,0,1,0.5773534476442986,4,right_fist,03-04,4974
E05_spatial_control,erd_lr,1,47,0,1,0.6946619511511378,4,right_fist,03-04,4975
E05_spatial_control,erd_lr,1,47,0,1,0.592631025044286,4,left_fist,03-04,4976
E05_spatial_control,erd_lr,1,47,0,1,0.5864553068843642,4,right_fist,03-04,4977
E05_spatial_control,erd_lr,1,47,0,0,0.45958221050020726,4,left_fist,03-04,4978
E05_spatial_control,erd_lr,1,47,0,1,0.5111090976388546,4,left_fist,03-04,4979
E05_spatial_control,erd_lr,1,47,0,0,0.3660841574544848,4,right_fist,03-04,4980
E05_spatial_control,erd_lr,1,47,0,1,0.7136488890534101,4,right_fist,03-04,4981
E05_spatial_control,erd_lr,1,47,0,1,0.6088345443443758,4,left_fist,03-04,4982
E05_spatial_control,erd_lr,1,47,0,0,0.42296733755249954,4,right_fist,03-04,4983
E05_spatial_control,erd_lr,1,47,0,0,0.4596661625437449,4,left_fist,03-04,4984
E05_spatial_control,erd_lr,1,47,0,0,0.487237498688984,4,left_fist,03-04,4985
E05_spatial_control,erd_lr,1,47,1,1,0.631344584324235,5,both_feet,05-06,4986
E05_spatial_control,erd_lr,1,47,1,1,0.6469595574443971,5,both_fists,05-06,4987
E05_spatial_control,erd_lr,1,47,1,1,0.5854900450698902,5,both_feet,05-06,4988
E05_spatial_control,erd_lr,1,47,1,0,0.42468782052766757,5,both_fists,05-06,4989
E05_spatial_control,erd_lr,1,47,1,1,0.5930376098783053,5,both_feet,05-06,4990
E05_spatial_control,erd_lr,1,47,1,1,0.5263648674806582,5,both_fists,05-06,4991
E05_spatial_control,erd_lr,1,47,1,1,0.6217320892695095,5,both_feet,05-06,4992
E05_spatial_control,erd_lr,1,47,1,1,0.6136630602963189,5,both_fists,05-06,4993
E05_spatial_control,erd_lr,1,47,1,1,0.6438409401674318,5,both_fists,05-06,4994
E05_spatial_control,erd_lr,1,47,1,0,0.46617258309443704,5,both_feet,05-06,4995
E05_spatial_control,erd_lr,1,47,1,1,0.5686900286033126,5,both_fists,05-06,4996
E05_spatial_control,erd_lr,1,47,1,0,0.3821746985102841,5,both_feet,05-06,4997
E05_spatial_control,erd_lr,1,47,1,1,0.5709670049825694,5,both_fists,05-06,4998
E05_spatial_control,erd_lr,1,47,1,1,0.5443329010908459,5,both_feet,05-06,4999
E05_spatial_control,erd_lr,1,47,1,1,0.7220655355608561,5,both_fists,05-06,5000
E05_spatial_control,erd_lr,1,47,0,1,0.6128748849282413,6,both_feet,05-06,5001
E05_spatial_control,erd_lr,1,47,0,1,0.6294258657710285,6,both_fists,05-06,5002
E05_spatial_control,erd_lr,1,47,0,1,0.5986092422306114,6,both_fists,05-06,5003
E05_spatial_control,erd_lr,1,47,0,1,0.5129579503956134,6,both_feet,05-06,5004
E05_spatial_control,erd_lr,1,47,0,0,0.43809615894979914,6,both_fists,05-06,5005
E05_spatial_control,erd_lr,1,47,0,0,0.40930530188041175,6,both_feet,05-06,5006
E05_spatial_control,erd_lr,1,47,0,0,0.3297615598978666,6,both_feet,05-06,5007
E05_spatial_control,erd_lr,1,47,0,1,0.6050124038517231,6,both_fists,05-06,5008
E05_spatial_control,erd_lr,1,47,0,1,0.5102494977529765,6,both_fists,05-06,5009
E05_spatial_control,erd_lr,1,47,0,1,0.657177526842373,6,both_feet,05-06,5010
E05_spatial_control,erd_lr,1,47,0,0,0.36899109031867383,6,both_fists,05-06,5011
E05_spatial_control,erd_lr,1,47,0,1,0.6144290060683104,6,both_feet,05-06,5012
E05_spatial_control,erd_lr,1,47,0,0,0.4950770091749912,6,both_fists,05-06,5013
E05_spatial_control,erd_lr,1,47,0,0,0.4782080984574088,6,both_feet,05-06,5014
E05_spatial_control,erd_lr,1,47,0,0,0.3060323502304487,6,both_fists,05-06,5015
E05_spatial_control,erd_lr,1,47,1,1,0.6897132381918045,7,right_fist,07-08,5016
E05_spatial_control,erd_lr,1,47,1,1,0.6411915730202173,7,left_fist,07-08,5017
E05_spatial_control,erd_lr,1,47,1,1,0.5661309562655478,7,left_fist,07-08,5018
E05_spatial_control,erd_lr,1,47,1,1,0.5273084574734466,7,right_fist,07-08,5019
E05_spatial_control,erd_lr,1,47,1,0,0.28026054269006445,7,right_fist,07-08,5020
E05_spatial_control,erd_lr,1,47,1,1,0.7289893672400025,7,left_fist,07-08,5021
E05_spatial_control,erd_lr,1,47,1,0,0.431105246927094,7,right_fist,07-08,5022
E05_spatial_control,erd_lr,1,47,1,0,0.4173798128205612,7,left_fist,07-08,5023
E05_spatial_control,erd_lr,1,47,1,1,0.6325659947868063,7,left_fist,07-08,5024
E05_spatial_control,erd_lr,1,47,1,0,0.4682259957438683,7,right_fist,07-08,5025
E05_spatial_control,erd_lr,1,47,1,1,0.6574477657636103,7,left_fist,07-08,5026
E05_spatial_control,erd_lr,1,47,1,0,0.464221236591688,7,right_fist,07-08,5027
E05_spatial_control,erd_lr,1,47,1,0,0.4006048215712076,7,right_fist,07-08,5028
E05_spatial_control,erd_lr,1,47,1,1,0.5986241734945834,7,left_fist,07-08,5029
E05_spatial_control,erd_lr,1,47,1,0,0.44941729471640657,7,left_fist,07-08,5030
E05_spatial_control,erd_lr,1,47,0,0,0.3912725261301532,8,left_fist,07-08,5031
E05_spatial_control,erd_lr,1,47,0,0,0.4587728403866627,8,right_fist,07-08,5032
E05_spatial_control,erd_lr,1,47,0,0,0.4638960258347389,8,left_fist,07-08,5033
E05_spatial_control,erd_lr,1,47,0,0,0.45024752174854965,8,right_fist,07-08,5034
E05_spatial_control,erd_lr,1,47,0,1,0.535529793217713,8,right_fist,07-08,5035
E05_spatial_control,erd_lr,1,47,0,0,0.4966250512204012,8,left_fist,07-08,5036
E05_spatial_control,erd_lr,1,47,0,1,0.5128194763901707,8,left_fist,07-08,5037
E05_spatial_control,erd_lr,1,47,0,0,0.3870766704603829,8,right_fist,07-08,5038
E05_spatial_control,erd_lr,1,47,0,0,0.2097148210571495,8,left_fist,07-08,5039
E05_spatial_control,erd_lr,1,47,0,0,0.3918918787912317,8,right_fist,07-08,5040
E05_spatial_control,erd_lr,1,47,0,0,0.42463094933161566,8,right_fist,07-08,5041
E05_spatial_control,erd_lr,1,47,0,1,0.5392895990078664,8,left_fist,07-08,5042
E05_spatial_control,erd_lr,1,47,0,0,0.3220457751680334,8,left_fist,07-08,5043
E05_spatial_control,erd_lr,1,47,0,1,0.6314040687083504,8,right_fist,07-08,5044
E05_spatial_control,erd_lr,1,47,0,0,0.292747388543744,8,left_fist,07-08,5045
E05_spatial_control,erd_lr,1,47,1,1,0.5528342722225769,9,both_feet,09-10,5046
E05_spatial_control,erd_lr,1,47,1,0,0.3747052365509787,9,both_fists,09-10,5047
E05_spatial_control,erd_lr,1,47,1,1,0.5686940424830943,9,both_fists,09-10,5048
E05_spatial_control,erd_lr,1,47,1,1,0.5025891936355327,9,both_feet,09-10,5049
E05_spatial_control,erd_lr,1,47,1,0,0.19129774043414402,9,both_fists,09-10,5050
E05_spatial_control,erd_lr,1,47,1,1,0.5091870431557507,9,both_feet,09-10,5051
E05_spatial_control,erd_lr,1,47,1,0,0.32931720689726657,9,both_feet,09-10,5052
E05_spatial_control,erd_lr,1,47,1,0,0.24263032592496914,9,both_fists,09-10,5053
E05_spatial_control,erd_lr,1,47,1,0,0.4378308894586383,9,both_fists,09-10,5054
E05_spatial_control,erd_lr,1,47,1,0,0.21084461146824052,9,both_feet,09-10,5055
E05_spatial_control,erd_lr,1,47,1,1,0.5759013657666009,9,both_feet,09-10,5056
E05_spatial_control,erd_lr,1,47,1,1,0.5613062525242377,9,both_fists,09-10,5057
E05_spatial_control,erd_lr,1,47,1,1,0.5199340932172963,9,both_feet,09-10,5058
E05_spatial_control,erd_lr,1,47,1,1,0.6035590154435317,9,both_fists,09-10,5059
E05_spatial_control,erd_lr,1,47,1,1,0.5460573063669071,9,both_fists,09-10,5060
E05_spatial_control,erd_lr,1,47,0,1,0.6144765022429817,10,both_fists,09-10,5061
E05_spatial_control,erd_lr,1,47,0,1,0.5461227183219588,10,both_feet,09-10,5062
E05_spatial_control,erd_lr,1,47,0,0,0.4323496033909759,10,both_fists,09-10,5063
E05_spatial_control,erd_lr,1,47,0,0,0.30642026313310394,10,both_feet,09-10,5064
E05_spatial_control,erd_lr,1,47,0,0,0.491474468577154,10,both_fists,09-10,5065
E05_spatial_control,erd_lr,1,47,0,0,0.298248478627601,10,both_feet,09-10,5066
E05_spatial_control,erd_lr,1,47,0,0,0.33670488632462725,10,both_feet,09-10,5067
E05_spatial_control,erd_lr,1,47,0,0,0.444751882203162,10,both_fists,09-10,5068
E05_spatial_control,erd_lr,1,47,0,1,0.6826909214616418,10,both_fists,09-10,5069
E05_spatial_control,erd_lr,1,47,0,0,0.4694908835078713,10,both_feet,09-10,5070
E05_spatial_control,erd_lr,1,47,1,0,0.45529517019269194,11,left_fist,11-12,5071
E05_spatial_control,erd_lr,1,47,1,0,0.3855708781406114,11,right_fist,11-12,5072
E05_spatial_control,erd_lr,1,47,1,1,0.718295261677635,11,left_fist,11-12,5073
E05_spatial_control,erd_lr,1,47,1,1,0.6210491181698419,11,right_fist,11-12,5074
E05_spatial_control,erd_lr,1,47,1,1,0.6679027556196808,11,left_fist,11-12,5075
E05_spatial_control,erd_lr,1,47,1,0,0.4915620644651344,11,right_fist,11-12,5076
E05_spatial_control,erd_lr,1,47,1,1,0.6360962404158526,11,left_fist,11-12,5077
E05_spatial_control,erd_lr,1,47,1,0,0.44420460256837835,11,right_fist,11-12,5078
E05_spatial_control,erd_lr,1,47,1,0,0.4585328588594495,11,right_fist,11-12,5079
E05_spatial_control,erd_lr,1,47,1,0,0.44195086469153716,11,left_fist,11-12,5080
E05_spatial_control,erd_lr,1,47,1,1,0.5216580905611603,11,left_fist,11-12,5081
E05_spatial_control,erd_lr,1,47,1,0,0.2945180817712889,11,right_fist,11-12,5082
E05_spatial_control,erd_lr,1,47,1,0,0.4275480873918363,11,right_fist,11-12,5083
E05_spatial_control,erd_lr,1,47,1,1,0.6370144731808101,11,left_fist,11-12,5084
E05_spatial_control,erd_lr,1,47,1,1,0.5214041907111034,11,right_fist,11-12,5085
E05_spatial_control,erd_lr,1,47,0,1,0.6910100713560371,12,right_fist,11-12,5086
E05_spatial_control,erd_lr,1,47,0,0,0.4018808023678053,12,left_fist,11-12,5087
E05_spatial_control,erd_lr,1,47,0,1,0.5007665364868656,12,right_fist,11-12,5088
E05_spatial_control,erd_lr,1,47,0,0,0.48281513233948853,12,left_fist,11-12,5089
E05_spatial_control,erd_lr,1,47,0,1,0.7232801761325549,12,left_fist,11-12,5090
E05_spatial_control,erd_lr,1,47,0,0,0.36853303334745013,12,right_fist,11-12,5091
E05_spatial_control,erd_lr,1,47,0,0,0.29010196581580733,12,left_fist,11-12,5092
E05_spatial_control,erd_lr,1,47,0,0,0.3740663646410439,12,right_fist,11-12,5093
E05_spatial_control,erd_lr,1,47,0,0,0.3276930017299131,12,right_fist,11-12,5094
E05_spatial_control,erd_lr,1,47,0,0,0.37033153266762225,12,left_fist,11-12,5095
E05_spatial_control,erd_lr,1,47,0,0,0.29225726450798206,12,right_fist,11-12,5096
E05_spatial_control,erd_lr,1,47,0,1,0.5927302450257603,12,left_fist,11-12,5097
E05_spatial_control,erd_lr,1,47,0,0,0.41294273903899614,12,left_fist,11-12,5098
E05_spatial_control,erd_lr,1,47,0,0,0.4152801298541287,12,right_fist,11-12,5099
E05_spatial_control,erd_lr,1,47,0,0,0.4117272104123845,12,left_fist,11-12,5100
E05_spatial_control,erd_lr,1,47,1,0,0.4721208708289618,13,both_feet,13-14,5101
E05_spatial_control,erd_lr,1,47,1,1,0.5857205181636677,13,both_fists,13-14,5102
E05_spatial_control,erd_lr,1,47,1,1,0.60911567922645,13,both_feet,13-14,5103
E05_spatial_control,erd_lr,1,47,1,0,0.4323919570382661,13,both_fists,13-14,5104
E05_spatial_control,erd_lr,1,47,1,1,0.5287813131610232,13,both_fists,13-14,5105
E05_spatial_control,erd_lr,1,47,1,0,0.35775435273251266,13,both_feet,13-14,5106
E05_spatial_control,erd_lr,1,47,1,0,0.43084684851835586,13,both_fists,13-14,5107
E05_spatial_control,erd_lr,1,47,1,0,0.35123482997876004,13,both_feet,13-14,5108
E05_spatial_control,erd_lr,1,47,1,0,0.42595567260768114,13,both_feet,13-14,5109
E05_spatial_control,erd_lr,1,47,1,1,0.710392601588161,13,both_fists,13-14,5110
E05_spatial_control,erd_lr,1,47,1,0,0.3896787234521884,13,both_feet,13-14,5111
E05_spatial_control,erd_lr,1,47,1,0,0.4554674124880766,13,both_fists,13-14,5112
E05_spatial_control,erd_lr,1,47,1,0,0.4311822452959978,13,both_feet,13-14,5113
E05_spatial_control,erd_lr,1,47,1,0,0.4481232619275379,13,both_fists,13-14,5114
E05_spatial_control,erd_lr,1,47,1,1,0.5809761906551585,13,both_feet,13-14,5115
E05_spatial_control,erd_lr,1,47,0,0,0.499831965369775,14,both_fists,13-14,5116
E05_spatial_control,erd_lr,1,47,0,1,0.5133794153840427,14,both_feet,13-14,5117
E05_spatial_control,erd_lr,1,47,0,1,0.705992851667337,14,both_feet,13-14,5118
E05_spatial_control,erd_lr,1,47,0,0,0.45524003204400804,14,both_fists,13-14,5119
E05_spatial_control,erd_lr,1,47,0,0,0.4646392291737144,14,both_fists,13-14,5120
E05_spatial_control,erd_lr,1,47,0,0,0.2796578380332091,14,both_feet,13-14,5121
E05_spatial_control,erd_lr,1,47,0,1,0.6452846201043628,14,both_feet,13-14,5122
E05_spatial_control,erd_lr,1,47,0,1,0.8023644839381245,14,both_fists,13-14,5123
E05_spatial_control,erd_lr,1,47,0,1,0.5991470770561782,14,both_fists,13-14,5124
E05_spatial_control,erd_lr,1,47,0,0,0.3893059534517656,14,both_feet,13-14,5125
E05_spatial_control,erd_lr,1,47,0,1,0.5049688588812596,14,both_feet,13-14,5126
E05_spatial_control,erd_lr,1,47,0,0,0.4939243190978499,14,both_fists,13-14,5127
E05_spatial_control,erd_lr,1,47,0,0,0.2862082281621093,14,both_fists,13-14,5128
E05_spatial_control,erd_lr,1,47,0,1,0.5182487961809956,14,both_feet,13-14,5129
E05_spatial_control,erd_lr,1,47,0,0,0.4124815603786905,14,both_fists,13-14,5130
E05_spatial_control,erd_lr,1,50,1,0,0.42526375289474166,3,left_fist,03-04,5205
E05_spatial_control,erd_lr,1,50,1,1,0.5501176702867204,3,right_fist,03-04,5206
E05_spatial_control,erd_lr,1,50,1,1,0.6222337705577496,3,left_fist,03-04,5207
E05_spatial_control,erd_lr,1,50,1,1,0.5834928646542368,3,right_fist,03-04,5208
E05_spatial_control,erd_lr,1,50,1,0,0.4147615128246255,3,left_fist,03-04,5209
E05_spatial_control,erd_lr,1,50,1,1,0.5825221159294389,3,right_fist,03-04,5210
E05_spatial_control,erd_lr,1,50,1,0,0.4846436994976839,3,right_fist,03-04,5211
E05_spatial_control,erd_lr,1,50,1,1,0.5436483695210591,3,left_fist,03-04,5212
E05_spatial_control,erd_lr,1,50,1,1,0.58215133087358,3,right_fist,03-04,5213
E05_spatial_control,erd_lr,1,50,1,0,0.48726918039244854,3,left_fist,03-04,5214
E05_spatial_control,erd_lr,1,50,1,1,0.5637296210854468,3,left_fist,03-04,5215
E05_spatial_control,erd_lr,1,50,1,1,0.6370438067720365,3,right_fist,03-04,5216
E05_spatial_control,erd_lr,1,50,1,1,0.5279686527158773,3,right_fist,03-04,5217
E05_spatial_control,erd_lr,1,50,1,1,0.5609561398570994,3,left_fist,03-04,5218
E05_spatial_control,erd_lr,1,50,1,0,0.38215474712719766,3,left_fist,03-04,5219
E05_spatial_control,erd_lr,1,50,0,0,0.38073872922359414,4,right_fist,03-04,5220
E05_spatial_control,erd_lr,1,50,0,1,0.5321925867556934,4,left_fist,03-04,5221
E05_spatial_control,erd_lr,1,50,0,0,0.4115960807114028,4,left_fist,03-04,5222
E05_spatial_control,erd_lr,1,50,0,0,0.3857168282913326,4,right_fist,03-04,5223
E05_spatial_control,erd_lr,1,50,0,0,0.3468045247049521,4,left_fist,03-04,5224
E05_spatial_control,erd_lr,1,50,0,0,0.36049518217596815,4,right_fist,03-04,5225
E05_spatial_control,erd_lr,1,50,0,1,0.5033726976008034,4,right_fist,03-04,5226
E05_spatial_control,erd_lr,1,50,0,0,0.44356977271051745,4,left_fist,03-04,5227
E05_spatial_control,erd_lr,1,50,0,1,0.5136439395193388,4,left_fist,03-04,5228
E05_spatial_control,erd_lr,1,50,0,0,0.4762099058271925,4,right_fist,03-04,5229
E05_spatial_control,erd_lr,1,50,0,0,0.4770640522050047,4,left_fist,03-04,5230
E05_spatial_control,erd_lr,1,50,0,1,0.5005885662210124,4,right_fist,03-04,5231
E05_spatial_control,erd_lr,1,50,0,0,0.4562877836897433,4,right_fist,03-04,5232
E05_spatial_control,erd_lr,1,50,0,0,0.4815725325695252,4,left_fist,03-04,5233
E05_spatial_control,erd_lr,1,50,0,0,0.31420908290507193,4,right_fist,03-04,5234
E05_spatial_control,erd_lr,1,50,1,0,0.3659038719314354,5,both_feet,05-06,5235
E05_spatial_control,erd_lr,1,50,1,1,0.5088439130851486,5,both_fists,05-06,5236
E05_spatial_control,erd_lr,1,50,1,1,0.6373780383583163,5,both_fists,05-06,5237
E05_spatial_control,erd_lr,1,50,1,1,0.6179693022320701,5,both_feet,05-06,5238
E05_spatial_control,erd_lr,1,50,1,1,0.5650091169447052,5,both_fists,05-06,5239
E05_spatial_control,erd_lr,1,50,1,1,0.6501180521096567,5,both_feet,05-06,5240
E05_spatial_control,erd_lr,1,50,1,0,0.3984690417323549,5,both_feet,05-06,5241
E05_spatial_control,erd_lr,1,50,1,0,0.4060632527804285,5,both_fists,05-06,5242
E05_spatial_control,erd_lr,1,50,1,1,0.5694575101285524,5,both_fists,05-06,5243
E05_spatial_control,erd_lr,1,50,1,0,0.4265225312302707,5,both_feet,05-06,5244
E05_spatial_control,erd_lr,1,50,1,0,0.4773781451849805,5,both_fists,05-06,5245
E05_spatial_control,erd_lr,1,50,1,0,0.45615449476151043,5,both_feet,05-06,5246
E05_spatial_control,erd_lr,1,50,1,1,0.6069523937099556,5,both_feet,05-06,5247
E05_spatial_control,erd_lr,1,50,1,0,0.27488054482893826,5,both_fists,05-06,5248
E05_spatial_control,erd_lr,1,50,1,0,0.4359486611909707,5,both_fists,05-06,5249
E05_spatial_control,erd_lr,1,50,0,0,0.46838601949706404,6,both_feet,05-06,5250
E05_spatial_control,erd_lr,1,50,0,0,0.35639355184669996,6,both_fists,05-06,5251
E05_spatial_control,erd_lr,1,50,0,1,0.5295980329362762,6,both_feet,05-06,5252
E05_spatial_control,erd_lr,1,50,0,1,0.53722055536398,6,both_fists,05-06,5253
E05_spatial_control,erd_lr,1,50,1,0,0.45048644489515244,7,right_fist,07-08,5254
E05_spatial_control,erd_lr,1,50,1,1,0.5608222798253388,7,left_fist,07-08,5255
E05_spatial_control,erd_lr,1,50,1,0,0.3804331539441139,7,right_fist,07-08,5256
E05_spatial_control,erd_lr,1,50,1,0,0.39905740865946676,7,left_fist,07-08,5257
E05_spatial_control,erd_lr,1,50,1,1,0.558517676977384,7,right_fist,07-08,5258
E05_spatial_control,erd_lr,1,50,1,1,0.528577900672258,7,left_fist,07-08,5259
E05_spatial_control,erd_lr,1,50,1,0,0.4237350187832644,7,right_fist,07-08,5260
E05_spatial_control,erd_lr,1,50,1,1,0.5411261847087844,7,left_fist,07-08,5261
E05_spatial_control,erd_lr,1,50,1,1,0.5233934387662937,7,left_fist,07-08,5262
E05_spatial_control,erd_lr,1,50,1,1,0.5781871120576106,7,right_fist,07-08,5263
E05_spatial_control,erd_lr,1,50,1,0,0.3623566909985953,7,left_fist,07-08,5264
E05_spatial_control,erd_lr,1,50,1,1,0.6094426287580385,7,right_fist,07-08,5265
E05_spatial_control,erd_lr,1,50,1,1,0.6415283598973823,7,right_fist,07-08,5266
E05_spatial_control,erd_lr,1,50,1,1,0.6004192770467683,7,left_fist,07-08,5267
E05_spatial_control,erd_lr,1,50,1,1,0.5752511155837037,7,left_fist,07-08,5268
E05_spatial_control,erd_lr,1,50,0,0,0.47702279941084696,8,right_fist,07-08,5269
E05_spatial_control,erd_lr,1,50,0,0,0.36399806818674496,8,left_fist,07-08,5270
E05_spatial_control,erd_lr,1,50,0,0,0.49329874244231636,8,left_fist,07-08,5271
E05_spatial_control,erd_lr,1,50,0,0,0.4744226407348477,8,right_fist,07-08,5272
E05_spatial_control,erd_lr,1,50,0,0,0.4443612817268067,8,right_fist,07-08,5273
E05_spatial_control,erd_lr,1,50,0,1,0.5382842211613569,8,left_fist,07-08,5274
E05_spatial_control,erd_lr,1,50,0,1,0.5610878665864893,8,left_fist,07-08,5275
E05_spatial_control,erd_lr,1,50,0,1,0.5135427480617497,8,right_fist,07-08,5276
E05_spatial_control,erd_lr,1,50,0,0,0.4105727127666202,8,left_fist,07-08,5277
E05_spatial_control,erd_lr,1,50,0,1,0.6873369605511868,8,right_fist,07-08,5278
E05_spatial_control,erd_lr,1,50,0,0,0.483016104177105,8,right_fist,07-08,5279
E05_spatial_control,erd_lr,1,50,0,0,0.4471817784637317,8,left_fist,07-08,5280
E05_spatial_control,erd_lr,1,50,0,0,0.43615889479707354,8,left_fist,07-08,5281
E05_spatial_control,erd_lr,1,50,0,0,0.3460701738882435,8,right_fist,07-08,5282
E05_spatial_control,erd_lr,1,50,0,1,0.5276410598457231,8,left_fist,07-08,5283
E05_spatial_control,erd_lr,1,50,1,0,0.4228406028456949,9,both_feet,09-10,5284
E05_spatial_control,erd_lr,1,50,1,1,0.6177353897558162,9,both_fists,09-10,5285
E05_spatial_control,erd_lr,1,50,1,1,0.5093311271966922,9,both_fists,09-10,5286
E05_spatial_control,erd_lr,1,50,1,1,0.566320965197457,9,both_feet,09-10,5287
E05_spatial_control,erd_lr,1,50,1,0,0.4585220744759622,9,both_fists,09-10,5288
E05_spatial_control,erd_lr,1,50,1,1,0.7502038871427316,9,both_feet,09-10,5289
E05_spatial_control,erd_lr,1,50,1,1,0.5334087725853415,9,both_feet,09-10,5290
E05_spatial_control,erd_lr,1,50,1,1,0.620467284773671,9,both_fists,09-10,5291
E05_spatial_control,erd_lr,1,50,1,1,0.511272548155051,9,both_feet,09-10,5292
E05_spatial_control,erd_lr,1,50,1,1,0.5424689492897196,9,both_fists,09-10,5293
E05_spatial_control,erd_lr,1,50,1,1,0.6015396746676078,9,both_feet,09-10,5294
E05_spatial_control,erd_lr,1,50,1,0,0.48075225556616347,9,both_fists,09-10,5295
E05_spatial_control,erd_lr,1,50,1,0,0.4324857111398665,9,both_feet,09-10,5296
E05_spatial_control,erd_lr,1,50,1,0,0.433260995523195,9,both_fists,09-10,5297
E05_spatial_control,erd_lr,1,50,1,1,0.5366329473230282,9,both_fists,09-10,5298
E05_spatial_control,erd_lr,1,50,0,0,0.42206398634007597,10,both_fists,09-10,5299
E05_spatial_control,erd_lr,1,50,0,0,0.454129417780298,10,both_feet,09-10,5300
E05_spatial_control,erd_lr,1,50,0,0,0.43446528583888333,10,both_feet,09-10,5301
E05_spatial_control,erd_lr,1,50,0,0,0.4641775402316424,10,both_fists,09-10,5302
E05_spatial_control,erd_lr,1,50,0,0,0.33915301080893917,10,both_feet,09-10,5303
E05_spatial_control,erd_lr,1,50,0,0,0.47928182341356135,10,both_fists,09-10,5304
E05_spatial_control,erd_lr,1,50,0,0,0.3692032531739001,10,both_fists,09-10,5305
E05_spatial_control,erd_lr,1,50,0,0,0.4863379366179999,10,both_feet,09-10,5306
E05_spatial_control,erd_lr,1,50,0,0,0.47039071034254465,10,both_fists,09-10,5307
E05_spatial_control,erd_lr,1,50,0,0,0.28584225308097216,10,both_feet,09-10,5308
E05_spatial_control,erd_lr,1,50,0,0,0.4063013858928708,10,both_feet,09-10,5309
E05_spatial_control,erd_lr,1,50,0,0,0.38551897447117106,10,both_fists,09-10,5310
E05_spatial_control,erd_lr,1,50,0,1,0.5165247930884538,10,both_fists,09-10,5311
E05_spatial_control,erd_lr,1,50,0,0,0.3846199377355365,10,both_feet,09-10,5312
E05_spatial_control,erd_lr,1,50,0,0,0.31128679927540953,10,both_fists,09-10,5313
E05_spatial_control,erd_lr,1,50,1,1,0.532007796579814,11,right_fist,11-12,5314
E05_spatial_control,erd_lr,1,50,1,0,0.43442951800891744,11,left_fist,11-12,5315
E05_spatial_control,erd_lr,1,50,1,0,0.4542998988436192,11,right_fist,11-12,5316
E05_spatial_control,erd_lr,1,50,1,0,0.449184698810829,11,left_fist,11-12,5317
E05_spatial_control,erd_lr,1,50,1,0,0.35713807204652404,11,right_fist,11-12,5318
E05_spatial_control,erd_lr,1,50,1,1,0.6977429051918398,11,left_fist,11-12,5319
E05_spatial_control,erd_lr,1,50,1,1,0.506612186244302,11,right_fist,11-12,5320
E05_spatial_control,erd_lr,1,50,1,1,0.5079073360530778,11,left_fist,11-12,5321
E05_spatial_control,erd_lr,1,50,1,1,0.5059800893019911,11,left_fist,11-12,5322
E05_spatial_control,erd_lr,1,50,1,0,0.3334690834572402,11,right_fist,11-12,5323
E05_spatial_control,erd_lr,1,50,1,0,0.4896143202056776,11,left_fist,11-12,5324
E05_spatial_control,erd_lr,1,50,1,0,0.4519785445829172,11,right_fist,11-12,5325
E05_spatial_control,erd_lr,1,50,1,1,0.6660999593267536,11,right_fist,11-12,5326
E05_spatial_control,erd_lr,1,50,1,0,0.4676938201496917,11,left_fist,11-12,5327
E05_spatial_control,erd_lr,1,50,1,1,0.7152200619288499,11,left_fist,11-12,5328
E05_spatial_control,erd_lr,1,50,0,1,0.521071888173433,12,left_fist,11-12,5329
E05_spatial_control,erd_lr,1,50,0,1,0.6621133475272369,12,right_fist,11-12,5330
E05_spatial_control,erd_lr,1,50,0,0,0.4666539489172584,12,left_fist,11-12,5331
E05_spatial_control,erd_lr,1,50,0,1,0.5925920752913616,12,right_fist,11-12,5332
E05_spatial_control,erd_lr,1,50,0,0,0.41894892587076066,12,right_fist,11-12,5333
E05_spatial_control,erd_lr,1,50,0,0,0.45417359378305777,12,left_fist,11-12,5334
E05_spatial_control,erd_lr,1,50,0,0,0.44796746864057974,12,right_fist,11-12,5335
E05_spatial_control,erd_lr,1,50,0,0,0.39526886533541034,12,left_fist,11-12,5336
E05_spatial_control,erd_lr,1,50,0,1,0.5034347788038396,12,right_fist,11-12,5337
E05_spatial_control,erd_lr,1,50,0,1,0.6243213341212842,12,left_fist,11-12,5338
E05_spatial_control,erd_lr,1,50,0,0,0.4631100171325942,12,right_fist,11-12,5339
E05_spatial_control,erd_lr,1,50,0,0,0.4052256480045443,12,left_fist,11-12,5340
E05_spatial_control,erd_lr,1,50,0,1,0.5814646155881762,12,left_fist,11-12,5341
E05_spatial_control,erd_lr,1,50,0,0,0.4122990823925444,12,right_fist,11-12,5342
E05_spatial_control,erd_lr,1,50,0,0,0.4917032549385888,12,left_fist,11-12,5343
E05_spatial_control,erd_lr,1,50,1,1,0.5941267761338025,13,both_fists,13-14,5344
E05_spatial_control,erd_lr,1,50,1,1,0.5763107899991732,13,both_feet,13-14,5345
E05_spatial_control,erd_lr,1,50,1,0,0.4970113109886192,13,both_feet,13-14,5346
E05_spatial_control,erd_lr,1,50,1,0,0.43583091190410067,13,both_fists,13-14,5347
E05_spatial_control,erd_lr,1,50,1,1,0.5377149729985244,13,both_feet,13-14,5348
E05_spatial_control,erd_lr,1,50,1,1,0.5616773879377694,13,both_fists,13-14,5349
E05_spatial_control,erd_lr,1,50,1,1,0.5183997417738041,13,both_feet,13-14,5350
E05_spatial_control,erd_lr,1,50,1,0,0.43399953639995265,13,both_fists,13-14,5351
E05_spatial_control,erd_lr,1,50,1,0,0.47324831541280216,13,both_fists,13-14,5352
E05_spatial_control,erd_lr,1,50,1,0,0.42416575455835104,13,both_feet,13-14,5353
E05_spatial_control,erd_lr,1,50,1,1,0.5077077061370283,13,both_feet,13-14,5354
E05_spatial_control,erd_lr,1,50,1,1,0.5616682861745302,13,both_fists,13-14,5355
E05_spatial_control,erd_lr,1,50,1,1,0.6353663599829118,13,both_fists,13-14,5356
E05_spatial_control,erd_lr,1,50,1,0,0.4517050076542696,13,both_feet,13-14,5357
E05_spatial_control,erd_lr,1,50,1,1,0.5064346120625228,13,both_feet,13-14,5358
E05_spatial_control,erd_lr,1,50,0,0,0.44014887378429374,14,both_feet,13-14,5359
E05_spatial_control,erd_lr,1,50,0,1,0.506583602295166,14,both_fists,13-14,5360
E05_spatial_control,erd_lr,1,50,0,0,0.4715951491118439,14,both_feet,13-14,5361
E05_spatial_control,erd_lr,1,50,0,0,0.4841320224478356,14,both_fists,13-14,5362
E05_spatial_control,erd_lr,1,50,0,0,0.4570094068593607,14,both_feet,13-14,5363
E05_spatial_control,erd_lr,1,50,0,0,0.32743863362036146,14,both_fists,13-14,5364
E05_spatial_control,erd_lr,1,50,0,1,0.5116353956040147,14,both_fists,13-14,5365
E05_spatial_control,erd_lr,1,50,0,0,0.3738690066282959,14,both_feet,13-14,5366
E05_spatial_control,erd_lr,1,50,0,0,0.3910324008325023,14,both_feet,13-14,5367
E05_spatial_control,erd_lr,1,50,0,1,0.5481446892360651,14,both_fists,13-14,5368
E05_spatial_control,erd_lr,1,50,0,0,0.4164977186796651,14,both_fists,13-14,5369
E05_spatial_control,erd_lr,1,50,0,1,0.6181688657641251,14,both_feet,13-14,5370
E05_spatial_control,erd_lr,1,50,0,1,0.6160028857204316,14,both_fists,13-14,5371
E05_spatial_control,erd_lr,1,50,0,1,0.5314587666639975,14,both_feet,13-14,5372
E05_spatial_control,erd_lr,1,50,0,0,0.3250323909518686,14,both_fists,13-14,5373
E05_spatial_control,erd_lr,1,66,1,0,0.4817292374870716,3,right_fist,03-04,6730
E05_spatial_control,erd_lr,1,66,1,1,0.6662595536031496,3,left_fist,03-04,6731
E05_spatial_control,erd_lr,1,66,1,1,0.5298269444742995,3,right_fist,03-04,6732
E05_spatial_control,erd_lr,1,66,1,0,0.45972360000133106,3,left_fist,03-04,6733
E05_spatial_control,erd_lr,1,66,1,0,0.379471710408853,3,left_fist,03-04,6734
E05_spatial_control,erd_lr,1,66,1,0,0.33081001171699387,3,right_fist,03-04,6735
E05_spatial_control,erd_lr,1,66,1,1,0.5926908530173678,3,left_fist,03-04,6736
E05_spatial_control,erd_lr,1,66,1,1,0.604683036473081,3,right_fist,03-04,6737
E05_spatial_control,erd_lr,1,66,1,0,0.2691808968627127,3,left_fist,03-04,6738
E05_spatial_control,erd_lr,1,66,1,1,0.6929487067527463,3,right_fist,03-04,6739
E05_spatial_control,erd_lr,1,66,1,0,0.4058672499514255,3,right_fist,03-04,6740
E05_spatial_control,erd_lr,1,66,1,1,0.5500680544193024,3,left_fist,03-04,6741
E05_spatial_control,erd_lr,1,66,1,1,0.5635876613699816,3,right_fist,03-04,6742
E05_spatial_control,erd_lr,1,66,1,0,0.4439863336847711,3,left_fist,03-04,6743
E05_spatial_control,erd_lr,1,66,0,0,0.3813257699954956,4,left_fist,03-04,6744
E05_spatial_control,erd_lr,1,66,0,0,0.4536771772687775,4,right_fist,03-04,6745
E05_spatial_control,erd_lr,1,66,0,0,0.18459330446810407,4,right_fist,03-04,6746
E05_spatial_control,erd_lr,1,66,0,0,0.4853190402713348,4,left_fist,03-04,6747
E05_spatial_control,erd_lr,1,66,0,1,0.5301685899183124,4,right_fist,03-04,6748
E05_spatial_control,erd_lr,1,66,0,0,0.392775813058597,4,left_fist,03-04,6749
E05_spatial_control,erd_lr,1,66,0,0,0.31525231194952785,4,left_fist,03-04,6750
E05_spatial_control,erd_lr,1,66,0,0,0.13282072053672062,4,right_fist,03-04,6751
E05_spatial_control,erd_lr,1,66,0,0,0.17892915697426592,4,left_fist,03-04,6752
E05_spatial_control,erd_lr,1,66,0,0,0.4040475703443782,4,right_fist,03-04,6753
E05_spatial_control,erd_lr,1,66,0,0,0.1665699772784246,4,left_fist,03-04,6754
E05_spatial_control,erd_lr,1,66,0,0,0.44473975964738466,4,right_fist,03-04,6755
E05_spatial_control,erd_lr,1,66,0,0,0.18577228090029244,4,right_fist,03-04,6756
E05_spatial_control,erd_lr,1,66,0,0,0.19615168179178225,4,left_fist,03-04,6757
E05_spatial_control,erd_lr,1,66,0,0,0.2040063482746764,4,right_fist,03-04,6758
E05_spatial_control,erd_lr,1,66,1,1,0.5058875028162209,5,both_feet,05-06,6759
E05_spatial_control,erd_lr,1,66,1,1,0.6192647120356998,5,both_fists,05-06,6760
E05_spatial_control,erd_lr,1,66,1,1,0.5132941655210324,5,both_feet,05-06,6761
E05_spatial_control,erd_lr,1,66,1,1,0.6316953272198337,5,both_fists,05-06,6762
E05_spatial_control,erd_lr,1,66,1,0,0.14770687228378612,5,both_fists,05-06,6763
E05_spatial_control,erd_lr,1,66,1,1,0.6638246089080534,5,both_feet,05-06,6764
E05_spatial_control,erd_lr,1,66,1,1,0.6229132098684799,5,both_feet,05-06,6765
E05_spatial_control,erd_lr,1,66,1,0,0.3385034076966333,5,both_fists,05-06,6766
E05_spatial_control,erd_lr,1,66,1,0,0.36497584613574935,5,both_feet,05-06,6767
E05_spatial_control,erd_lr,1,66,1,0,0.2773032282664242,5,both_fists,05-06,6768
E05_spatial_control,erd_lr,1,66,1,1,0.5802682040637175,5,both_fists,05-06,6769
E05_spatial_control,erd_lr,1,66,1,0,0.37351661635957695,5,both_feet,05-06,6770
E05_spatial_control,erd_lr,1,66,1,1,0.5133341404432453,5,both_fists,05-06,6771
E05_spatial_control,erd_lr,1,66,1,0,0.43995244575222714,5,both_feet,05-06,6772
E05_spatial_control,erd_lr,1,66,1,1,0.5340865511428884,5,both_fists,05-06,6773
E05_spatial_control,erd_lr,1,66,0,0,0.4160498449979218,6,both_fists,05-06,6774
E05_spatial_control,erd_lr,1,66,0,0,0.4003924424904836,6,both_feet,05-06,6775
E05_spatial_control,erd_lr,1,66,0,0,0.3914041678604357,6,both_fists,05-06,6776
E05_spatial_control,erd_lr,1,66,0,0,0.4931632714043095,6,both_feet,05-06,6777
E05_spatial_control,erd_lr,1,66,0,0,0.4967051552522661,6,both_fists,05-06,6778
E05_spatial_control,erd_lr,1,66,0,0,0.1898253711590181,6,both_feet,05-06,6779
E05_spatial_control,erd_lr,1,66,0,1,0.5382674886100659,6,both_fists,05-06,6780
E05_spatial_control,erd_lr,1,66,0,0,0.19945831222276056,6,both_feet,05-06,6781
E05_spatial_control,erd_lr,1,66,0,0,0.4928239922078604,6,both_feet,05-06,6782
E05_spatial_control,erd_lr,1,66,0,0,0.19677311618237794,6,both_fists,05-06,6783
E05_spatial_control,erd_lr,1,66,0,0,0.3426871918736567,6,both_feet,05-06,6784
E05_spatial_control,erd_lr,1,66,0,0,0.3828097383874386,6,both_fists,05-06,6785
E05_spatial_control,erd_lr,1,66,0,0,0.23805632483217418,6,both_feet,05-06,6786
E05_spatial_control,erd_lr,1,66,0,1,0.7841567550689369,6,both_feet,05-06,6787
E05_spatial_control,erd_lr,1,66,1,0,0.4224348098961033,7,right_fist,07-08,6788
E05_spatial_control,erd_lr,1,66,1,1,0.8281511137055519,7,left_fist,07-08,6789
E05_spatial_control,erd_lr,1,66,1,0,0.29659111274826633,7,left_fist,07-08,6790
E05_spatial_control,erd_lr,1,66,1,0,0.34689046041290794,7,right_fist,07-08,6791
E05_spatial_control,erd_lr,1,66,1,0,0.48834880090886773,7,left_fist,07-08,6792
E05_spatial_control,erd_lr,1,66,1,1,0.5069354429182773,7,right_fist,07-08,6793
E05_spatial_control,erd_lr,1,66,1,0,0.34331611937614576,7,right_fist,07-08,6794
E05_spatial_control,erd_lr,1,66,1,1,0.5801606059572628,7,right_fist,07-08,6795
E05_spatial_control,erd_lr,1,66,1,1,0.6252408771463671,7,left_fist,07-08,6796
E05_spatial_control,erd_lr,1,66,1,0,0.37024868399670285,7,right_fist,07-08,6797
E05_spatial_control,erd_lr,1,66,1,1,0.5194503710828504,7,left_fist,07-08,6798
E05_spatial_control,erd_lr,1,66,1,0,0.4441981407264958,7,left_fist,07-08,6799
E05_spatial_control,erd_lr,1,66,1,0,0.3537215496459951,7,right_fist,07-08,6800
E05_spatial_control,erd_lr,1,66,1,0,0.39636835221781375,7,left_fist,07-08,6801
E05_spatial_control,erd_lr,1,66,0,0,0.45360812739643785,8,left_fist,07-08,6802
E05_spatial_control,erd_lr,1,66,0,1,0.6180175120093311,8,right_fist,07-08,6803
E05_spatial_control,erd_lr,1,66,0,0,0.49313379813784886,8,left_fist,07-08,6804
E05_spatial_control,erd_lr,1,66,0,0,0.17248500748047188,8,right_fist,07-08,6805
E05_spatial_control,erd_lr,1,66,0,1,0.7200102537683197,8,left_fist,07-08,6806
E05_spatial_control,erd_lr,1,66,0,0,0.31930538188827784,8,right_fist,07-08,6807
E05_spatial_control,erd_lr,1,66,0,1,0.5413019217601053,8,left_fist,07-08,6808
E05_spatial_control,erd_lr,1,66,1,0,0.3140813055063992,9,both_fists,09-10,6809
E05_spatial_control,erd_lr,1,66,1,0,0.20436069222896383,9,both_feet,09-10,6810
E05_spatial_control,erd_lr,1,66,1,1,0.5021120469380553,9,both_fists,09-10,6811
E05_spatial_control,erd_lr,1,66,1,1,0.5922904586694604,9,both_feet,09-10,6812
E05_spatial_control,erd_lr,1,66,1,0,0.3224271201495848,9,both_fists,09-10,6813
E05_spatial_control,erd_lr,1,66,1,0,0.17456825707820545,9,both_feet,09-10,6814
E05_spatial_control,erd_lr,1,66,1,0,0.3724138594957179,9,both_feet,09-10,6815
E05_spatial_control,erd_lr,1,66,1,1,0.68701480494583,9,both_fists,09-10,6816
E05_spatial_control,erd_lr,1,66,1,0,0.30898179203076637,9,both_fists,09-10,6817
E05_spatial_control,erd_lr,1,66,1,0,0.4760198818087221,9,both_fists,09-10,6818
E05_spatial_control,erd_lr,1,66,1,1,0.6499407232676502,9,both_feet,09-10,6819
E05_spatial_control,erd_lr,1,66,0,1,0.5630551708060408,10,both_feet,09-10,6820
E05_spatial_control,erd_lr,1,66,0,0,0.2522923972515119,10,both_fists,09-10,6821
E05_spatial_control,erd_lr,1,66,0,0,0.20671815183675496,10,both_fists,09-10,6822
E05_spatial_control,erd_lr,1,66,0,0,0.14704281806878688,10,both_feet,09-10,6823
E05_spatial_control,erd_lr,1,66,0,1,0.5029059605720874,10,both_fists,09-10,6824
E05_spatial_control,erd_lr,1,66,0,0,0.35013093135384316,10,both_feet,09-10,6825
E05_spatial_control,erd_lr,1,66,0,0,0.2375543282167445,10,both_fists,09-10,6826
E05_spatial_control,erd_lr,1,66,0,0,0.27783987883175965,10,both_feet,09-10,6827
E05_spatial_control,erd_lr,1,66,0,0,0.3779881932957479,10,both_feet,09-10,6828
E05_spatial_control,erd_lr,1,66,0,1,0.6431776112095589,10,both_fists,09-10,6829
E05_spatial_control,erd_lr,1,66,0,1,0.5657260946307803,10,both_fists,09-10,6830
E05_spatial_control,erd_lr,1,66,0,0,0.09110551198461726,10,both_feet,09-10,6831
E05_spatial_control,erd_lr,1,66,0,0,0.2668137824222123,10,both_fists,09-10,6832
E05_spatial_control,erd_lr,1,66,0,0,0.31642958171427604,10,both_feet,09-10,6833
E05_spatial_control,erd_lr,1,66,0,0,0.44003155287816925,10,both_fists,09-10,6834
E05_spatial_control,erd_lr,1,66,1,0,0.44964925953734586,11,left_fist,11-12,6835
E05_spatial_control,erd_lr,1,66,1,0,0.3863162455325264,11,right_fist,11-12,6836
E05_spatial_control,erd_lr,1,66,1,0,0.4485347188556841,11,right_fist,11-12,6837
E05_spatial_control,erd_lr,1,66,1,1,0.613328756399278,11,left_fist,11-12,6838
E05_spatial_control,erd_lr,1,66,1,1,0.5273593053136851,11,left_fist,11-12,6839
E05_spatial_control,erd_lr,1,66,1,0,0.23380250272109543,11,right_fist,11-12,6840
E05_spatial_control,erd_lr,1,66,1,0,0.22105308332215076,11,left_fist,11-12,6841
E05_spatial_control,erd_lr,1,66,1,0,0.4792446014381204,11,right_fist,11-12,6842
E05_spatial_control,erd_lr,1,66,1,0,0.15017393318239838,11,left_fist,11-12,6843
E05_spatial_control,erd_lr,1,66,1,0,0.40016044738977824,11,right_fist,11-12,6844
E05_spatial_control,erd_lr,1,66,1,0,0.43546853013360054,11,left_fist,11-12,6845
E05_spatial_control,erd_lr,1,66,1,1,0.5041624934829868,11,right_fist,11-12,6846
E05_spatial_control,erd_lr,1,66,1,1,0.6354284408209311,11,left_fist,11-12,6847
E05_spatial_control,erd_lr,1,66,1,1,0.5267527435245934,11,right_fist,11-12,6848
E05_spatial_control,erd_lr,1,66,1,1,0.6229347542604222,11,left_fist,11-12,6849
E05_spatial_control,erd_lr,1,66,0,1,0.53608097184498,12,left_fist,11-12,6850
E05_spatial_control,erd_lr,1,66,0,1,0.5887684179712949,12,right_fist,11-12,6851
E05_spatial_control,erd_lr,1,66,0,1,0.6002881436159745,12,left_fist,11-12,6852
E05_spatial_control,erd_lr,1,66,0,0,0.4415755598312512,12,right_fist,11-12,6853
E05_spatial_control,erd_lr,1,66,0,0,0.48608296097446074,12,left_fist,11-12,6854
E05_spatial_control,erd_lr,1,66,0,1,0.5580887384646386,12,right_fist,11-12,6855
E05_spatial_control,erd_lr,1,66,0,0,0.2977104679855929,12,right_fist,11-12,6856
E05_spatial_control,erd_lr,1,66,0,0,0.33712622122840186,12,left_fist,11-12,6857
E05_spatial_control,erd_lr,1,66,0,0,0.19405329266631535,12,right_fist,11-12,6858
E05_spatial_control,erd_lr,1,66,0,1,0.7571197826660581,12,left_fist,11-12,6859
E05_spatial_control,erd_lr,1,66,0,0,0.20573324524289388,12,left_fist,11-12,6860
E05_spatial_control,erd_lr,1,66,0,0,0.30583210924500703,12,right_fist,11-12,6861
E05_spatial_control,erd_lr,1,66,1,1,0.5525835073571411,13,both_fists,13-14,6862
E05_spatial_control,erd_lr,1,66,1,0,0.20251667455132635,13,both_feet,13-14,6863
E05_spatial_control,erd_lr,1,66,1,1,0.5683987536333686,13,both_feet,13-14,6864
E05_spatial_control,erd_lr,1,66,1,0,0.4579957194390368,13,both_fists,13-14,6865
E05_spatial_control,erd_lr,1,66,1,0,0.39258238365878156,13,both_feet,13-14,6866
E05_spatial_control,erd_lr,1,66,1,1,0.5871323178209638,13,both_fists,13-14,6867
E05_spatial_control,erd_lr,1,66,1,0,0.4513735584604543,13,both_fists,13-14,6868
E05_spatial_control,erd_lr,1,66,1,0,0.4401144483241036,13,both_feet,13-14,6869
E05_spatial_control,erd_lr,1,66,1,0,0.3856930894389268,13,both_fists,13-14,6870
E05_spatial_control,erd_lr,1,66,1,0,0.38596079769199143,13,both_feet,13-14,6871
E05_spatial_control,erd_lr,1,66,1,0,0.3041043796630831,13,both_feet,13-14,6872
E05_spatial_control,erd_lr,1,66,1,0,0.21515187475850972,13,both_feet,13-14,6873
E05_spatial_control,erd_lr,1,66,1,1,0.5336941172045649,13,both_fists,13-14,6874
E05_spatial_control,erd_lr,1,66,1,1,0.6153848207828883,13,both_feet,13-14,6875
E05_spatial_control,erd_lr,1,66,0,0,0.4547080046874181,14,both_feet,13-14,6876
E05_spatial_control,erd_lr,1,66,0,0,0.17017027481889793,14,both_fists,13-14,6877
E05_spatial_control,erd_lr,1,66,0,0,0.31962394853274223,14,both_feet,13-14,6878
E05_spatial_control,erd_lr,1,66,0,0,0.22026459769180778,14,both_fists,13-14,6879
E05_spatial_control,erd_lr,1,66,0,0,0.19458570915560816,14,both_fists,13-14,6880
E05_spatial_control,erd_lr,1,66,0,1,0.5511666978707946,14,both_feet,13-14,6881
E05_spatial_control,erd_lr,1,66,0,0,0.25807782559078635,14,both_fists,13-14,6882
E05_spatial_control,erd_lr,1,66,0,0,0.38468452433975425,14,both_feet,13-14,6883
E05_spatial_control,erd_lr,1,66,0,1,0.5141318870312517,14,both_feet,13-14,6884
E05_spatial_control,erd_lr,1,66,0,1,0.5561729099477934,14,both_fists,13-14,6885
E05_spatial_control,erd_lr,1,66,0,0,0.31648090846910143,14,both_fists,13-14,6886
E05_spatial_control,erd_lr,1,66,0,0,0.2747054427342511,14,both_feet,13-14,6887
E05_spatial_control,erd_lr,1,66,0,0,0.3888958955716098,14,both_fists,13-14,6888
E05_spatial_control,erd_lr,1,66,0,1,0.5885279496119804,14,both_feet,13-14,6889
E05_spatial_control,erd_lr,1,66,0,1,0.5048748578665461,14,both_feet,13-14,6890
E05_spatial_control,erd_lr,1,77,1,1,0.6697956438119361,3,right_fist,03-04,8317
E05_spatial_control,erd_lr,1,77,1,1,0.5560318276842638,3,left_fist,03-04,8318
E05_spatial_control,erd_lr,1,77,1,1,0.5183525692035486,3,left_fist,03-04,8319
E05_spatial_control,erd_lr,1,77,1,1,0.5370116310585742,3,right_fist,03-04,8320
E05_spatial_control,erd_lr,1,77,1,1,0.7639536916737398,3,right_fist,03-04,8321
E05_spatial_control,erd_lr,1,77,1,1,0.5598259783766755,3,left_fist,03-04,8322
E05_spatial_control,erd_lr,1,77,1,1,0.6135182544715484,3,left_fist,03-04,8323
E05_spatial_control,erd_lr,1,77,1,1,0.6132930989695008,3,right_fist,03-04,8324
E05_spatial_control,erd_lr,1,77,1,1,0.6666071147098147,3,left_fist,03-04,8325
E05_spatial_control,erd_lr,1,77,1,0,0.48530878564978014,3,right_fist,03-04,8326
E05_spatial_control,erd_lr,1,77,1,1,0.5761559374430345,3,right_fist,03-04,8327
E05_spatial_control,erd_lr,1,77,1,1,0.5672366579087214,3,left_fist,03-04,8328
E05_spatial_control,erd_lr,1,77,1,1,0.5967232225548945,3,right_fist,03-04,8329
E05_spatial_control,erd_lr,1,77,1,1,0.6990856792922883,3,left_fist,03-04,8330
E05_spatial_control,erd_lr,1,77,1,1,0.6614017889165191,3,right_fist,03-04,8331
E05_spatial_control,erd_lr,1,77,0,0,0.4630946687668014,4,right_fist,03-04,8332
E05_spatial_control,erd_lr,1,77,0,0,0.4421537917409256,4,left_fist,03-04,8333
E05_spatial_control,erd_lr,1,77,0,0,0.37451300560950146,4,right_fist,03-04,8334
E05_spatial_control,erd_lr,1,77,0,0,0.3812996759985798,4,left_fist,03-04,8335
E05_spatial_control,erd_lr,1,77,0,0,0.4190272821100765,4,left_fist,03-04,8336
E05_spatial_control,erd_lr,1,77,0,1,0.5307300634973566,4,right_fist,03-04,8337
E05_spatial_control,erd_lr,1,77,0,0,0.43530652653615143,4,left_fist,03-04,8338
E05_spatial_control,erd_lr,1,77,0,1,0.7026576013644003,4,right_fist,03-04,8339
E05_spatial_control,erd_lr,1,77,0,0,0.4616253301315828,4,left_fist,03-04,8340
E05_spatial_control,erd_lr,1,77,0,0,0.39897326658867943,4,right_fist,03-04,8341
E05_spatial_control,erd_lr,1,77,0,1,0.6452494847484442,4,right_fist,03-04,8342
E05_spatial_control,erd_lr,1,77,0,0,0.46949112164544493,4,left_fist,03-04,8343
E05_spatial_control,erd_lr,1,77,0,0,0.31748667434945693,4,left_fist,03-04,8344
E05_spatial_control,erd_lr,1,77,0,0,0.4587471469200798,4,right_fist,03-04,8345
E05_spatial_control,erd_lr,1,77,0,0,0.4360347005062851,4,right_fist,03-04,8346
E05_spatial_control,erd_lr,1,77,1,1,0.6579627575618061,5,both_fists,05-06,8347
E05_spatial_control,erd_lr,1,77,1,1,0.5456716948308912,5,both_fists,05-06,8348
E05_spatial_control,erd_lr,1,77,0,0,0.3857628056418019,6,both_feet,05-06,8349
E05_spatial_control,erd_lr,1,77,0,0,0.3840881422107147,6,both_fists,05-06,8350
E05_spatial_control,erd_lr,1,77,0,1,0.5397177870767256,6,both_feet,05-06,8351
E05_spatial_control,erd_lr,1,77,0,0,0.4926666756071892,6,both_feet,05-06,8352
E05_spatial_control,erd_lr,1,77,0,0,0.2925318912033796,6,both_fists,05-06,8353
E05_spatial_control,erd_lr,1,77,0,0,0.41144484140205667,6,both_feet,05-06,8354
E05_spatial_control,erd_lr,1,77,0,1,0.5147834600213286,6,both_fists,05-06,8355
E05_spatial_control,erd_lr,1,77,0,1,0.5552707258843064,6,both_feet,05-06,8356
E05_spatial_control,erd_lr,1,77,0,0,0.29291113818265113,6,both_feet,05-06,8357
E05_spatial_control,erd_lr,1,77,1,1,0.6597909043988355,7,right_fist,07-08,8358
E05_spatial_control,erd_lr,1,77,1,1,0.594539547159089,7,left_fist,07-08,8359
E05_spatial_control,erd_lr,1,77,1,1,0.5256032116976597,7,right_fist,07-08,8360
E05_spatial_control,erd_lr,1,77,1,0,0.4721643330585206,7,right_fist,07-08,8361
E05_spatial_control,erd_lr,1,77,1,1,0.5698591817934211,7,left_fist,07-08,8362
E05_spatial_control,erd_lr,1,77,1,1,0.5091431636499034,7,left_fist,07-08,8363
E05_spatial_control,erd_lr,1,77,1,0,0.4121994058298924,7,right_fist,07-08,8364
E05_spatial_control,erd_lr,1,77,1,1,0.5378453646515076,7,left_fist,07-08,8365
E05_spatial_control,erd_lr,1,77,1,1,0.7001741511055717,7,left_fist,07-08,8366
E05_spatial_control,erd_lr,1,77,1,1,0.6820796649970855,7,right_fist,07-08,8367
E05_spatial_control,erd_lr,1,77,1,0,0.49236502095988294,7,right_fist,07-08,8368
E05_spatial_control,erd_lr,1,77,1,1,0.5426177024110426,7,right_fist,07-08,8369
E05_spatial_control,erd_lr,1,77,0,0,0.459832866853923,8,right_fist,07-08,8370
E05_spatial_control,erd_lr,1,77,0,0,0.367241101875318,8,left_fist,07-08,8371
E05_spatial_control,erd_lr,1,77,0,1,0.5636460767848681,8,right_fist,07-08,8372
E05_spatial_control,erd_lr,1,77,0,0,0.3035549001578539,8,left_fist,07-08,8373
E05_spatial_control,erd_lr,1,77,0,0,0.30891817104698077,8,left_fist,07-08,8374
E05_spatial_control,erd_lr,1,77,0,0,0.42577266819832255,8,right_fist,07-08,8375
E05_spatial_control,erd_lr,1,77,0,1,0.5472247107546448,8,left_fist,07-08,8376
E05_spatial_control,erd_lr,1,77,0,0,0.44394110049269064,8,right_fist,07-08,8377
E05_spatial_control,erd_lr,1,77,0,0,0.49814875139132936,8,left_fist,07-08,8378
E05_spatial_control,erd_lr,1,77,0,1,0.5326504742233152,8,left_fist,07-08,8379
E05_spatial_control,erd_lr,1,77,0,0,0.40437746195056284,8,right_fist,07-08,8380
E05_spatial_control,erd_lr,1,77,1,0,0.45025525561729834,9,both_fists,09-10,8381
E05_spatial_control,erd_lr,1,77,1,1,0.5159755030824171,9,both_feet,09-10,8382
E05_spatial_control,erd_lr,1,77,1,0,0.45797599480764045,9,both_fists,09-10,8383
E05_spatial_control,erd_lr,1,77,1,0,0.4810759983005317,9,both_feet,09-10,8384
E05_spatial_control,erd_lr,1,77,1,1,0.586713866055301,9,both_fists,09-10,8385
E05_spatial_control,erd_lr,1,77,1,1,0.6375453448111652,9,both_fists,09-10,8386
E05_spatial_control,erd_lr,1,77,1,1,0.5609228346532131,9,both_feet,09-10,8387
E05_spatial_control,erd_lr,1,77,1,0,0.4829616624415371,9,both_fists,09-10,8388
E05_spatial_control,erd_lr,1,77,1,1,0.5701369096591589,9,both_fists,09-10,8389
E05_spatial_control,erd_lr,1,77,1,0,0.375120675174614,9,both_feet,09-10,8390
E05_spatial_control,erd_lr,1,77,1,1,0.5096952154640744,9,both_feet,09-10,8391
E05_spatial_control,erd_lr,1,77,1,1,0.6656357615492213,9,both_fists,09-10,8392
E05_spatial_control,erd_lr,1,77,1,1,0.5437086417076696,9,both_feet,09-10,8393
E05_spatial_control,erd_lr,1,77,0,0,0.4563596756173424,10,both_feet,09-10,8394
E05_spatial_control,erd_lr,1,77,0,0,0.423994770140095,10,both_fists,09-10,8395
E05_spatial_control,erd_lr,1,77,0,1,0.522239453794487,10,both_fists,09-10,8396
E05_spatial_control,erd_lr,1,77,0,1,0.6362726599127051,10,both_feet,09-10,8397
E05_spatial_control,erd_lr,1,77,0,0,0.38578790422739473,10,both_fists,09-10,8398
E05_spatial_control,erd_lr,1,77,0,1,0.5861787413186756,10,both_feet,09-10,8399
E05_spatial_control,erd_lr,1,77,0,0,0.28918695324614635,10,both_feet,09-10,8400
E05_spatial_control,erd_lr,1,77,0,0,0.4392662500314656,10,both_feet,09-10,8401
E05_spatial_control,erd_lr,1,77,0,0,0.4535993726769607,10,both_fists,09-10,8402
E05_spatial_control,erd_lr,1,77,0,1,0.6811271205832531,10,both_feet,09-10,8403
E05_spatial_control,erd_lr,1,77,0,0,0.48599184979917087,10,both_feet,09-10,8404
E05_spatial_control,erd_lr,1,77,1,0,0.4432783984801818,11,left_fist,11-12,8405
E05_spatial_control,erd_lr,1,77,1,1,0.6495535392511246,11,right_fist,11-12,8406
E05_spatial_control,erd_lr,1,77,1,0,0.4061121680088365,11,left_fist,11-12,8407
E05_spatial_control,erd_lr,1,77,1,1,0.568072313982175,11,left_fist,11-12,8408
E05_spatial_control,erd_lr,1,77,1,1,0.6295067386619546,11,left_fist,11-12,8409
E05_spatial_control,erd_lr,1,77,1,0,0.2690826093281383,11,right_fist,11-12,8410
E05_spatial_control,erd_lr,1,77,1,0,0.4823337545846776,11,left_fist,11-12,8411
E05_spatial_control,erd_lr,1,77,1,1,0.5357938903204736,11,right_fist,11-12,8412
E05_spatial_control,erd_lr,1,77,1,1,0.6198454990694965,11,left_fist,11-12,8413
E05_spatial_control,erd_lr,1,77,1,1,0.591762657862478,11,right_fist,11-12,8414
E05_spatial_control,erd_lr,1,77,1,1,0.5827477155930375,11,right_fist,11-12,8415
E05_spatial_control,erd_lr,1,77,0,0,0.48337926005433135,12,left_fist,11-12,8416
E05_spatial_control,erd_lr,1,77,0,0,0.4532020378424809,12,right_fist,11-12,8417
E05_spatial_control,erd_lr,1,77,0,0,0.28931530551927287,12,left_fist,11-12,8418
E05_spatial_control,erd_lr,1,77,0,0,0.4129152730578805,12,right_fist,11-12,8419
E05_spatial_control,erd_lr,1,77,0,0,0.4008346174158494,12,right_fist,11-12,8420
E05_spatial_control,erd_lr,1,77,0,0,0.4099611015364154,12,left_fist,11-12,8421
E05_spatial_control,erd_lr,1,77,0,1,0.6599690195020329,12,left_fist,11-12,8422
E05_spatial_control,erd_lr,1,77,0,1,0.5994748480690895,12,right_fist,11-12,8423
E05_spatial_control,erd_lr,1,77,0,0,0.4835893100579817,12,left_fist,11-12,8424
E05_spatial_control,erd_lr,1,77,0,1,0.6424960168658943,12,right_fist,11-12,8425
E05_spatial_control,erd_lr,1,77,0,1,0.6593145316016957,12,left_fist,11-12,8426
E05_spatial_control,erd_lr,1,77,0,0,0.4619664087289085,12,right_fist,11-12,8427
E05_spatial_control,erd_lr,1,77,1,1,0.6668101521937485,13,both_fists,13-14,8428
E05_spatial_control,erd_lr,1,77,1,1,0.6556037988121275,13,both_feet,13-14,8429
E05_spatial_control,erd_lr,1,77,1,1,0.5994281985888946,13,both_feet,13-14,8430
E05_spatial_control,erd_lr,1,77,1,1,0.5055787860231229,13,both_fists,13-14,8431
E05_spatial_control,erd_lr,1,77,1,0,0.423148855062071,13,both_fists,13-14,8432
E05_spatial_control,erd_lr,1,77,1,0,0.4376507810857718,13,both_fists,13-14,8433
E05_spatial_control,erd_lr,1,77,1,1,0.5626347362958679,13,both_feet,13-14,8434
E05_spatial_control,erd_lr,1,77,1,0,0.4351137033172779,13,both_fists,13-14,8435
E05_spatial_control,erd_lr,1,77,0,0,0.3644112306445601,14,both_fists,13-14,8436
E05_spatial_control,erd_lr,1,77,0,0,0.3267519315216003,14,both_fists,13-14,8437
E05_spatial_control,erd_lr,1,77,0,0,0.46543689062662247,14,both_feet,13-14,8438
E05_spatial_control,erd_lr,1,77,0,0,0.3458820402611206,14,both_fists,13-14,8439
E05_spatial_control,erd_lr,1,77,0,1,0.5993013801141671,14,both_feet,13-14,8440
E05_spatial_control,erd_lr,1,77,0,1,0.6118631044802035,14,both_fists,13-14,8441
E05_spatial_control,erd_lr,1,77,0,1,0.6557498405640775,14,both_fists,13-14,8442
E05_spatial_control,erd_lr,1,77,0,1,0.6185985208276237,14,both_feet,13-14,8443
E05_spatial_control,erd_lr,1,77,0,0,0.38958791310280855,14,both_fists,13-14,8444
E05_spatial_control,erd_lr,1,79,1,0,0.4823668513634533,3,right_fist,03-04,8612
E05_spatial_control,erd_lr,1,79,1,1,0.5636985892400455,3,left_fist,03-04,8613
E05_spatial_control,erd_lr,1,79,1,1,0.5949550862274329,3,left_fist,03-04,8614
E05_spatial_control,erd_lr,1,79,1,0,0.37274518268014567,3,right_fist,03-04,8615
E05_spatial_control,erd_lr,1,79,1,1,0.531157742586543,3,left_fist,03-04,8616
E05_spatial_control,erd_lr,1,79,1,1,0.6025212862788756,3,left_fist,03-04,8617
E05_spatial_control,erd_lr,1,79,1,1,0.599024877244306,3,right_fist,03-04,8618
E05_spatial_control,erd_lr,1,79,1,1,0.6600046280558552,3,right_fist,03-04,8619
E05_spatial_control,erd_lr,1,79,1,1,0.6131626300818387,3,left_fist,03-04,8620
E05_spatial_control,erd_lr,1,79,1,1,0.5083982722434957,3,left_fist,03-04,8621
E05_spatial_control,erd_lr,1,79,0,1,0.5307010024220822,4,right_fist,03-04,8622
E05_spatial_control,erd_lr,1,79,0,1,0.5088823183152124,4,left_fist,03-04,8623
E05_spatial_control,erd_lr,1,79,0,0,0.3923080331799835,4,right_fist,03-04,8624
E05_spatial_control,erd_lr,1,79,0,1,0.5419811836791605,4,left_fist,03-04,8625
E05_spatial_control,erd_lr,1,79,0,1,0.565525212438555,4,left_fist,03-04,8626
E05_spatial_control,erd_lr,1,79,0,1,0.5265265479829024,4,left_fist,03-04,8627
E05_spatial_control,erd_lr,1,79,0,0,0.4640301144907195,4,right_fist,03-04,8628
E05_spatial_control,erd_lr,1,79,0,1,0.5075491697852227,4,left_fist,03-04,8629
E05_spatial_control,erd_lr,1,79,1,1,0.6003667963351612,5,both_fists,05-06,8630
E05_spatial_control,erd_lr,1,79,1,1,0.5322956977232517,5,both_feet,05-06,8631
E05_spatial_control,erd_lr,1,79,1,1,0.6898373309495137,5,both_fists,05-06,8632
E05_spatial_control,erd_lr,1,79,1,1,0.5085870124185595,5,both_feet,05-06,8633
E05_spatial_control,erd_lr,1,79,1,1,0.7090357189348854,5,both_fists,05-06,8634
E05_spatial_control,erd_lr,1,79,1,1,0.5917493403780736,5,both_feet,05-06,8635
E05_spatial_control,erd_lr,1,79,1,1,0.6016356126446708,5,both_fists,05-06,8636
E05_spatial_control,erd_lr,1,79,1,1,0.5774305128117146,5,both_feet,05-06,8637
E05_spatial_control,erd_lr,1,79,1,1,0.6487789800532622,5,both_feet,05-06,8638
E05_spatial_control,erd_lr,1,79,0,1,0.5954729207067946,6,both_feet,05-06,8639
E05_spatial_control,erd_lr,1,79,0,1,0.5677598915761992,6,both_feet,05-06,8640
E05_spatial_control,erd_lr,1,79,0,0,0.45724074106143636,6,both_feet,05-06,8641
E05_spatial_control,erd_lr,1,79,0,0,0.4577669000460732,6,both_fists,05-06,8642
E05_spatial_control,erd_lr,1,79,0,1,0.664853555911782,6,both_feet,05-06,8643
E05_spatial_control,erd_lr,1,79,1,1,0.707672664080722,7,left_fist,07-08,8644
E05_spatial_control,erd_lr,1,79,1,1,0.5845733381397948,7,right_fist,07-08,8645
E05_spatial_control,erd_lr,1,79,0,1,0.5143582910438849,8,right_fist,07-08,8646
E05_spatial_control,erd_lr,1,79,0,1,0.5334047891807788,8,left_fist,07-08,8647
E05_spatial_control,erd_lr,1,79,0,1,0.615230203736873,8,left_fist,07-08,8648
E05_spatial_control,erd_lr,1,79,0,0,0.4718334745769475,8,right_fist,07-08,8649
E05_spatial_control,erd_lr,1,79,1,0,0.39053393911268747,9,both_feet,09-10,8650
E05_spatial_control,erd_lr,1,79,1,0,0.43730561834034265,9,both_fists,09-10,8651
E05_spatial_control,erd_lr,1,79,1,1,0.5417935517759268,9,both_feet,09-10,8652
E05_spatial_control,erd_lr,1,79,0,0,0.24930279737727026,10,both_feet,09-10,8653
E05_spatial_control,erd_lr,1,79,0,0,0.21168046024259393,10,both_fists,09-10,8654
E05_spatial_control,erd_lr,1,79,0,1,0.5988230458125087,10,both_fists,09-10,8655
E05_spatial_control,erd_lr,1,79,0,0,0.29717294203902767,10,both_feet,09-10,8656
E05_spatial_control,erd_lr,1,79,0,0,0.35315748094459354,10,both_fists,09-10,8657
E05_spatial_control,erd_lr,1,79,0,0,0.47791096682403567,10,both_feet,09-10,8658
E05_spatial_control,erd_lr,1,79,0,0,0.429301044914316,10,both_fists,09-10,8659
E05_spatial_control,erd_lr,1,79,0,0,0.442635574777623,10,both_fists,09-10,8660
E05_spatial_control,erd_lr,1,79,1,1,0.5529332128466397,11,right_fist,11-12,8661
E05_spatial_control,erd_lr,1,79,1,0,0.4477428884050007,11,left_fist,11-12,8662
E05_spatial_control,erd_lr,1,79,1,1,0.6826794273454625,11,left_fist,11-12,8663
E05_spatial_control,erd_lr,1,79,1,1,0.531402127030994,11,right_fist,11-12,8664
E05_spatial_control,erd_lr,1,79,1,1,0.7066043994861142,11,right_fist,11-12,8665
E05_spatial_control,erd_lr,1,79,1,1,0.505337807288479,11,right_fist,11-12,8666
E05_spatial_control,erd_lr,1,79,1,1,0.6124457190254918,11,right_fist,11-12,8667
E05_spatial_control,erd_lr,1,79,0,0,0.4798830763084425,12,right_fist,11-12,8668
E05_spatial_control,erd_lr,1,79,0,0,0.38238404724074965,12,right_fist,11-12,8669
E05_spatial_control,erd_lr,1,79,0,0,0.43437033956919446,12,right_fist,11-12,8670
E05_spatial_control,erd_lr,1,79,0,0,0.4271283057510852,12,right_fist,11-12,8671
E05_spatial_control,erd_lr,1,79,0,0,0.39444064415205277,12,right_fist,11-12,8672
E05_spatial_control,erd_lr,1,79,1,1,0.5881140373220374,13,both_feet,13-14,8673
E05_spatial_control,erd_lr,1,79,1,1,0.5791324747721225,13,both_fists,13-14,8674
E05_spatial_control,erd_lr,1,79,1,1,0.6344471153486503,13,both_feet,13-14,8675
E05_spatial_control,erd_lr,1,79,1,0,0.368108387213788,13,both_feet,13-14,8676
E05_spatial_control,erd_lr,1,79,1,1,0.6226641997139106,13,both_fists,13-14,8677
E05_spatial_control,erd_lr,1,79,1,1,0.7970072141362633,13,both_fists,13-14,8678
E05_spatial_control,erd_lr,1,79,1,0,0.394012144352994,13,both_feet,13-14,8679
E05_spatial_control,erd_lr,1,79,0,1,0.5846975503274667,14,both_fists,13-14,8680
E05_spatial_control,erd_lr,1,79,0,0,0.27418517207441945,14,both_feet,13-14,8681
E05_spatial_control,erd_lr,1,79,0,0,0.45173990554414467,14,both_feet,13-14,8682
E05_spatial_control,erd_lr,1,79,0,0,0.32860382877915584,14,both_feet,13-14,8683
E05_spatial_control,erd_lr,1,79,0,1,0.6110170655143816,14,both_feet,13-14,8684
E05_spatial_control,erd_lr,1,79,0,0,0.46237900739493853,14,both_feet,13-14,8685
E05_spatial_control,erd_lr,1,79,0,0,0.30320307839180116,14,both_feet,13-14,8686
E05_spatial_control,erd_lr,1,80,1,0,0.49375731684862184,3,right_fist,03-04,8687
E05_spatial_control,erd_lr,1,80,1,0,0.48246714598066565,3,left_fist,03-04,8688
E05_spatial_control,erd_lr,1,80,1,0,0.4491323357166949,3,right_fist,03-04,8689
E05_spatial_control,erd_lr,1,80,1,0,0.4243758038753852,3,left_fist,03-04,8690
E05_spatial_control,erd_lr,1,80,1,1,0.5161426639705806,3,right_fist,03-04,8691
E05_spatial_control,erd_lr,1,80,1,1,0.5629565453461509,3,left_fist,03-04,8692
E05_spatial_control,erd_lr,1,80,1,0,0.4388115127764657,3,right_fist,03-04,8693
E05_spatial_control,erd_lr,1,80,1,1,0.5118650789764193,3,left_fist,03-04,8694
E05_spatial_control,erd_lr,1,80,1,0,0.39868883235903485,3,right_fist,03-04,8695
E05_spatial_control,erd_lr,1,80,1,0,0.3711993870948969,3,right_fist,03-04,8696
E05_spatial_control,erd_lr,1,80,1,1,0.5041354860946089,3,left_fist,03-04,8697
E05_spatial_control,erd_lr,1,80,1,1,0.5152938410852372,3,left_fist,03-04,8698
E05_spatial_control,erd_lr,1,80,1,1,0.6067067227868016,3,right_fist,03-04,8699
E05_spatial_control,erd_lr,1,80,0,0,0.4386949147310331,4,left_fist,03-04,8700
E05_spatial_control,erd_lr,1,80,0,0,0.42611437015810455,4,right_fist,03-04,8701
E05_spatial_control,erd_lr,1,80,0,0,0.4425711996271882,4,right_fist,03-04,8702
E05_spatial_control,erd_lr,1,80,0,0,0.4262578838161146,4,left_fist,03-04,8703
E05_spatial_control,erd_lr,1,80,0,1,0.5943271819716244,4,left_fist,03-04,8704
E05_spatial_control,erd_lr,1,80,0,0,0.45907092905180774,4,right_fist,03-04,8705
E05_spatial_control,erd_lr,1,80,0,0,0.4498017891626399,4,left_fist,03-04,8706
E05_spatial_control,erd_lr,1,80,0,0,0.47533187253282494,4,right_fist,03-04,8707
E05_spatial_control,erd_lr,1,80,0,0,0.32299610179624405,4,left_fist,03-04,8708
E05_spatial_control,erd_lr,1,80,0,1,0.6232428178586967,4,right_fist,03-04,8709
E05_spatial_control,erd_lr,1,80,0,0,0.4666198046028329,4,right_fist,03-04,8710
E05_spatial_control,erd_lr,1,80,0,1,0.6529527741558794,4,left_fist,03-04,8711
E05_spatial_control,erd_lr,1,80,0,1,0.5030074881852417,4,right_fist,03-04,8712
E05_spatial_control,erd_lr,1,80,0,1,0.5681579139376545,4,left_fist,03-04,8713
E05_spatial_control,erd_lr,1,80,0,0,0.34951291679570057,4,right_fist,03-04,8714
E05_spatial_control,erd_lr,1,80,1,1,0.5671719799830557,5,both_feet,05-06,8715
E05_spatial_control,erd_lr,1,80,1,1,0.5793132003738614,5,both_feet,05-06,8716
E05_spatial_control,erd_lr,1,80,1,0,0.3895807548894039,5,both_fists,05-06,8717
E05_spatial_control,erd_lr,1,80,1,0,0.4060419894773544,5,both_fists,05-06,8718
E05_spatial_control,erd_lr,1,80,1,1,0.5205437367843027,5,both_feet,05-06,8719
E05_spatial_control,erd_lr,1,80,1,0,0.48445403884619914,5,both_feet,05-06,8720
E05_spatial_control,erd_lr,1,80,1,0,0.4219984819015893,5,both_fists,05-06,8721
E05_spatial_control,erd_lr,1,80,1,1,0.6961481111900811,5,both_fists,05-06,8722
E05_spatial_control,erd_lr,1,80,1,0,0.485760013034394,5,both_feet,05-06,8723
E05_spatial_control,erd_lr,1,80,1,0,0.48411882419717944,5,both_fists,05-06,8724
E05_spatial_control,erd_lr,1,80,1,1,0.6215734249307759,5,both_fists,05-06,8725
E05_spatial_control,erd_lr,1,80,1,1,0.5594755427480222,5,both_feet,05-06,8726
E05_spatial_control,erd_lr,1,80,0,0,0.41756509785684764,6,both_fists,05-06,8727
E05_spatial_control,erd_lr,1,80,0,0,0.43712216644821533,6,both_feet,05-06,8728
E05_spatial_control,erd_lr,1,80,0,0,0.467991427519131,6,both_fists,05-06,8729
E05_spatial_control,erd_lr,1,80,0,1,0.5426802303682697,6,both_feet,05-06,8730
E05_spatial_control,erd_lr,1,80,0,0,0.42099453381831087,6,both_fists,05-06,8731
E05_spatial_control,erd_lr,1,80,0,1,0.5151433381709621,6,both_feet,05-06,8732
E05_spatial_control,erd_lr,1,80,0,1,0.5410874294198862,6,both_fists,05-06,8733
E05_spatial_control,erd_lr,1,80,0,1,0.5768790599621764,6,both_feet,05-06,8734
E05_spatial_control,erd_lr,1,80,0,0,0.43102252644049366,6,both_fists,05-06,8735
E05_spatial_control,erd_lr,1,80,0,1,0.5343538770761462,6,both_feet,05-06,8736
E05_spatial_control,erd_lr,1,80,0,0,0.47075508209583056,6,both_feet,05-06,8737
E05_spatial_control,erd_lr,1,80,0,1,0.5476609405731888,6,both_fists,05-06,8738
E05_spatial_control,erd_lr,1,80,0,0,0.3427623646858444,6,both_fists,05-06,8739
E05_spatial_control,erd_lr,1,80,0,1,0.5008204162721525,6,both_feet,05-06,8740
E05_spatial_control,erd_lr,1,80,0,1,0.5599088367339279,6,both_fists,05-06,8741
E05_spatial_control,erd_lr,1,80,1,0,0.362639309915803,7,right_fist,07-08,8742
E05_spatial_control,erd_lr,1,80,1,0,0.49576906805712173,7,left_fist,07-08,8743
E05_spatial_control,erd_lr,1,80,1,0,0.42310849688019936,7,right_fist,07-08,8744
E05_spatial_control,erd_lr,1,80,1,0,0.36385334164178396,7,left_fist,07-08,8745
E05_spatial_control,erd_lr,1,80,1,1,0.5026664396562662,7,right_fist,07-08,8746
E05_spatial_control,erd_lr,1,80,1,1,0.7445548448638195,7,right_fist,07-08,8747
E05_spatial_control,erd_lr,1,80,1,1,0.6197796479384711,7,left_fist,07-08,8748
E05_spatial_control,erd_lr,1,80,1,0,0.49218625236843316,7,left_fist,07-08,8749
E05_spatial_control,erd_lr,1,80,1,0,0.49689362778990626,7,left_fist,07-08,8750
E05_spatial_control,erd_lr,1,80,1,0,0.4788749881345598,7,right_fist,07-08,8751
E05_spatial_control,erd_lr,1,80,1,0,0.4771170038680342,7,left_fist,07-08,8752
E05_spatial_control,erd_lr,1,80,1,1,0.6051645043157047,7,right_fist,07-08,8753
E05_spatial_control,erd_lr,1,80,0,1,0.5129152783596485,8,right_fist,07-08,8754
E05_spatial_control,erd_lr,1,80,0,1,0.5234453229275075,8,left_fist,07-08,8755
E05_spatial_control,erd_lr,1,80,0,0,0.45693031629360664,8,left_fist,07-08,8756
E05_spatial_control,erd_lr,1,80,0,0,0.43452670035883106,8,right_fist,07-08,8757
E05_spatial_control,erd_lr,1,80,0,0,0.4355295447622559,8,left_fist,07-08,8758
E05_spatial_control,erd_lr,1,80,0,1,0.5709309090173723,8,right_fist,07-08,8759
E05_spatial_control,erd_lr,1,80,0,0,0.4056946781240137,8,right_fist,07-08,8760
E05_spatial_control,erd_lr,1,80,0,1,0.5446048349699883,8,left_fist,07-08,8761
E05_spatial_control,erd_lr,1,80,0,1,0.5173843559495112,8,right_fist,07-08,8762
E05_spatial_control,erd_lr,1,80,0,1,0.5579692911490085,8,left_fist,07-08,8763
E05_spatial_control,erd_lr,1,80,0,1,0.5618106248611722,8,left_fist,07-08,8764
E05_spatial_control,erd_lr,1,80,0,1,0.60409560780942,8,right_fist,07-08,8765
E05_spatial_control,erd_lr,1,80,0,1,0.6115974663452289,8,right_fist,07-08,8766
E05_spatial_control,erd_lr,1,80,0,1,0.551145381887019,8,left_fist,07-08,8767
E05_spatial_control,erd_lr,1,80,0,0,0.460213588912664,8,left_fist,07-08,8768
E05_spatial_control,erd_lr,1,80,1,1,0.5545743097852321,9,both_feet,09-10,8769
E05_spatial_control,erd_lr,1,80,1,0,0.43234511686813,9,both_fists,09-10,8770
E05_spatial_control,erd_lr,1,80,1,0,0.45427088300811236,9,both_fists,09-10,8771
E05_spatial_control,erd_lr,1,80,1,0,0.432099559141064,9,both_feet,09-10,8772
E05_spatial_control,erd_lr,1,80,1,1,0.5911682587738379,9,both_fists,09-10,8773
E05_spatial_control,erd_lr,1,80,1,0,0.3436088433719907,9,both_fists,09-10,8774
E05_spatial_control,erd_lr,1,80,1,1,0.5700941768192297,9,both_feet,09-10,8775
E05_spatial_control,erd_lr,1,80,1,0,0.4715611416704695,9,both_fists,09-10,8776
E05_spatial_control,erd_lr,1,80,1,1,0.6639098281528673,9,both_feet,09-10,8777
E05_spatial_control,erd_lr,1,80,1,0,0.4948080451015884,9,both_feet,09-10,8778
E05_spatial_control,erd_lr,1,80,1,0,0.4224796352549445,9,both_fists,09-10,8779
E05_spatial_control,erd_lr,1,80,1,1,0.6648743718259507,9,both_fists,09-10,8780
E05_spatial_control,erd_lr,1,80,1,1,0.6725747068176045,9,both_feet,09-10,8781
E05_spatial_control,erd_lr,1,80,0,1,0.6766181361044609,10,both_fists,09-10,8782
E05_spatial_control,erd_lr,1,80,0,1,0.6340070712896863,10,both_fists,09-10,8783
E05_spatial_control,erd_lr,1,80,0,0,0.4684333392018963,10,both_feet,09-10,8784
E05_spatial_control,erd_lr,1,80,0,0,0.3719017028603543,10,both_fists,09-10,8785
E05_spatial_control,erd_lr,1,80,0,1,0.6346324921552883,10,both_fists,09-10,8786
E05_spatial_control,erd_lr,1,80,0,1,0.5168698162373416,10,both_feet,09-10,8787
E05_spatial_control,erd_lr,1,80,0,0,0.2838972802235729,10,both_feet,09-10,8788
E05_spatial_control,erd_lr,1,80,0,0,0.4330148435999172,10,both_feet,09-10,8789
E05_spatial_control,erd_lr,1,80,0,0,0.4091867943159433,10,both_fists,09-10,8790
E05_spatial_control,erd_lr,1,80,0,0,0.42246037954225213,10,both_fists,09-10,8791
E05_spatial_control,erd_lr,1,80,1,1,0.5397641440550298,11,right_fist,11-12,8792
E05_spatial_control,erd_lr,1,80,1,1,0.5251372959204179,11,left_fist,11-12,8793
E05_spatial_control,erd_lr,1,80,1,1,0.5799426527539526,11,left_fist,11-12,8794
E05_spatial_control,erd_lr,1,80,1,0,0.4317490839799704,11,left_fist,11-12,8795
E05_spatial_control,erd_lr,1,80,1,1,0.546880672462679,11,right_fist,11-12,8796
E05_spatial_control,erd_lr,1,80,1,0,0.49399804678433584,11,right_fist,11-12,8797
E05_spatial_control,erd_lr,1,80,1,0,0.375203258297067,11,left_fist,11-12,8798
E05_spatial_control,erd_lr,1,80,1,0,0.46873979536095106,11,left_fist,11-12,8799
E05_spatial_control,erd_lr,1,80,1,0,0.34353089152197613,11,right_fist,11-12,8800
E05_spatial_control,erd_lr,1,80,1,0,0.43513918699231297,11,left_fist,11-12,8801
E05_spatial_control,erd_lr,1,80,1,1,0.5134593321088619,11,right_fist,11-12,8802
E05_spatial_control,erd_lr,1,80,1,0,0.36930582413085494,11,left_fist,11-12,8803
E05_spatial_control,erd_lr,1,80,1,0,0.4366935424755903,11,right_fist,11-12,8804
E05_spatial_control,erd_lr,1,80,1,1,0.5704523031607582,11,left_fist,11-12,8805
E05_spatial_control,erd_lr,1,80,0,0,0.45325311180925115,12,left_fist,11-12,8806
E05_spatial_control,erd_lr,1,80,0,0,0.3125419515081682,12,right_fist,11-12,8807
E05_spatial_control,erd_lr,1,80,0,0,0.47444860023918634,12,left_fist,11-12,8808
E05_spatial_control,erd_lr,1,80,0,0,0.46880518614984634,12,right_fist,11-12,8809
E05_spatial_control,erd_lr,1,80,0,0,0.3819603192059493,12,left_fist,11-12,8810
E05_spatial_control,erd_lr,1,80,0,1,0.6038870430768787,12,left_fist,11-12,8811
E05_spatial_control,erd_lr,1,80,0,0,0.3756783896195032,12,right_fist,11-12,8812
E05_spatial_control,erd_lr,1,80,0,1,0.5541226634332945,12,left_fist,11-12,8813
E05_spatial_control,erd_lr,1,80,0,0,0.4985002920777148,12,right_fist,11-12,8814
E05_spatial_control,erd_lr,1,80,0,0,0.4539763759797863,12,left_fist,11-12,8815
E05_spatial_control,erd_lr,1,80,0,1,0.518109878494922,12,right_fist,11-12,8816
E05_spatial_control,erd_lr,1,80,0,1,0.5563603528901709,12,left_fist,11-12,8817
E05_spatial_control,erd_lr,1,80,0,0,0.41076014442481296,12,left_fist,11-12,8818
E05_spatial_control,erd_lr,1,80,1,1,0.5421359655445336,13,both_fists,13-14,8819
E05_spatial_control,erd_lr,1,80,1,1,0.665006178825921,13,both_feet,13-14,8820
E05_spatial_control,erd_lr,1,80,1,0,0.41104504714989365,13,both_fists,13-14,8821
E05_spatial_control,erd_lr,1,80,1,0,0.4120843047710903,13,both_feet,13-14,8822
E05_spatial_control,erd_lr,1,80,1,0,0.34631028934207264,13,both_feet,13-14,8823
E05_spatial_control,erd_lr,1,80,1,1,0.6995282696185949,13,both_fists,13-14,8824
E05_spatial_control,erd_lr,1,80,1,0,0.49451437711937596,13,both_fists,13-14,8825
E05_spatial_control,erd_lr,1,80,1,0,0.4233517734420328,13,both_feet,13-14,8826
E05_spatial_control,erd_lr,1,80,1,0,0.4933311861063259,13,both_fists,13-14,8827
E05_spatial_control,erd_lr,1,80,1,1,0.5476230838208404,13,both_feet,13-14,8828
E05_spatial_control,erd_lr,1,80,1,0,0.4773520109962544,13,both_feet,13-14,8829
E05_spatial_control,erd_lr,1,80,1,1,0.516096856310423,13,both_fists,13-14,8830
E05_spatial_control,erd_lr,1,80,1,1,0.5235623547641937,13,both_fists,13-14,8831
E05_spatial_control,erd_lr,1,80,0,1,0.6381382083855357,14,both_feet,13-14,8832
E05_spatial_control,erd_lr,1,80,0,0,0.4728270432852512,14,both_fists,13-14,8833
E05_spatial_control,erd_lr,1,80,0,1,0.527442049967276,14,both_feet,13-14,8834
E05_spatial_control,erd_lr,1,80,0,1,0.5844030319045512,14,both_feet,13-14,8835
E05_spatial_control,erd_lr,1,80,0,1,0.5550431262552218,14,both_fists,13-14,8836
E05_spatial_control,erd_lr,1,80,0,0,0.43508939847143463,14,both_feet,13-14,8837
E05_spatial_control,erd_lr,1,80,0,1,0.5348357812085702,14,both_fists,13-14,8838
E05_spatial_control,erd_lr,1,80,0,0,0.38734997483337974,14,both_feet,13-14,8839
E05_spatial_control,erd_lr,1,80,0,1,0.6511291655212045,14,both_fists,13-14,8840
E05_spatial_control,erd_lr,1,80,0,0,0.48574342446193103,14,both_fists,13-14,8841
E05_spatial_control,erd_lr,1,80,0,0,0.23908843128227136,14,both_feet,13-14,8842
E05_spatial_control,erd_lr,1,80,0,1,0.6706665457304675,14,both_fists,13-14,8843
E05_spatial_control,erd_lr,1,90,1,0,0.4712757574079218,3,right_fist,03-04,10074
E05_spatial_control,erd_lr,1,90,1,1,0.6439571820216806,3,right_fist,03-04,10075
E05_spatial_control,erd_lr,1,90,1,0,0.4863551270041676,3,left_fist,03-04,10076
E05_spatial_control,erd_lr,1,90,1,1,0.5758206297104431,3,right_fist,03-04,10077
E05_spatial_control,erd_lr,1,90,1,0,0.2902050776071401,3,left_fist,03-04,10078
E05_spatial_control,erd_lr,1,90,1,0,0.4727313946880686,3,right_fist,03-04,10079
E05_spatial_control,erd_lr,1,90,0,1,0.6170279392623591,4,left_fist,03-04,10080
E05_spatial_control,erd_lr,1,90,0,0,0.32547239887095764,4,left_fist,03-04,10081
E05_spatial_control,erd_lr,1,90,1,1,0.6641703394294408,5,both_feet,05-06,10082
E05_spatial_control,erd_lr,1,90,1,1,0.6095993377425759,5,both_fists,05-06,10083
E05_spatial_control,erd_lr,1,90,1,1,0.5092969763284555,5,both_fists,05-06,10084
E05_spatial_control,erd_lr,1,90,1,0,0.30309001951694853,5,both_feet,05-06,10085
E05_spatial_control,erd_lr,1,90,1,1,0.5679949663734432,5,both_fists,05-06,10086
E05_spatial_control,erd_lr,1,90,0,1,0.5084815844252141,6,both_feet,05-06,10087
E05_spatial_control,erd_lr,1,90,0,0,0.49149968828259955,6,both_feet,05-06,10088
E05_spatial_control,erd_lr,1,90,0,0,0.31085330845327624,6,both_fists,05-06,10089
E05_spatial_control,erd_lr,1,90,0,0,0.33264017806841817,6,both_fists,05-06,10090
E05_spatial_control,erd_lr,1,90,0,0,0.44010200741501004,6,both_feet,05-06,10091
E05_spatial_control,erd_lr,1,90,0,0,0.48260711524325556,6,both_feet,05-06,10092
E05_spatial_control,erd_lr,1,90,0,1,0.5461405552117283,6,both_fists,05-06,10093
E05_spatial_control,erd_lr,1,90,0,0,0.4077801404072515,6,both_fists,05-06,10094
E05_spatial_control,erd_lr,1,90,1,0,0.461233460726116,7,right_fist,07-08,10095
E05_spatial_control,erd_lr,1,90,1,1,0.5112933466598297,7,right_fist,07-08,10096
E05_spatial_control,erd_lr,1,90,1,1,0.7170697493221709,7,right_fist,07-08,10097
E05_spatial_control,erd_lr,1,90,1,1,0.5708002257444005,7,left_fist,07-08,10098
E05_spatial_control,erd_lr,1,90,1,0,0.35792608872708614,7,right_fist,07-08,10099
E05_spatial_control,erd_lr,1,90,1,0,0.49000605561480626,7,left_fist,07-08,10100
E05_spatial_control,erd_lr,1,90,1,0,0.4494994991530618,7,right_fist,07-08,10101
E05_spatial_control,erd_lr,1,90,1,0,0.4003779994591912,7,right_fist,07-08,10102
E05_spatial_control,erd_lr,1,90,1,0,0.49393779159480944,7,left_fist,07-08,10103
E05_spatial_control,erd_lr,1,90,0,0,0.48728854610098693,8,left_fist,07-08,10104
E05_spatial_control,erd_lr,1,90,0,1,0.5673095036599233,8,right_fist,07-08,10105
E05_spatial_control,erd_lr,1,90,0,1,0.5770957034234282,8,left_fist,07-08,10106
E05_spatial_control,erd_lr,1,90,0,0,0.37906047304792856,8,right_fist,07-08,10107
E05_spatial_control,erd_lr,1,90,0,1,0.5652462820857621,8,left_fist,07-08,10108
E05_spatial_control,erd_lr,1,90,0,0,0.4665011891403372,8,right_fist,07-08,10109
E05_spatial_control,erd_lr,1,90,0,0,0.40694650014036116,8,left_fist,07-08,10110
E05_spatial_control,erd_lr,1,90,0,0,0.40156609927410575,8,left_fist,07-08,10111
E05_spatial_control,erd_lr,1,90,0,0,0.4300998104514428,8,right_fist,07-08,10112
E05_spatial_control,erd_lr,1,90,1,0,0.4855535666815049,9,both_feet,09-10,10113
E05_spatial_control,erd_lr,1,90,1,0,0.394019177505712,9,both_feet,09-10,10114
E05_spatial_control,erd_lr,1,90,0,0,0.4427245088539484,10,both_fists,09-10,10115
E05_spatial_control,erd_lr,1,90,0,1,0.5638657355758319,10,both_feet,09-10,10116
E05_spatial_control,erd_lr,1,90,0,0,0.33464484540697836,10,both_feet,09-10,10117
E05_spatial_control,erd_lr,1,90,0,0,0.44044759505503867,10,both_fists,09-10,10118
E05_spatial_control,erd_lr,1,90,0,1,0.5228816569744241,10,both_fists,09-10,10119
E05_spatial_control,erd_lr,1,90,0,0,0.4098461664896429,10,both_feet,09-10,10120
E05_spatial_control,erd_lr,1,90,1,0,0.47555929219847515,11,left_fist,11-12,10121
E05_spatial_control,erd_lr,1,90,1,0,0.3850115293285327,11,right_fist,11-12,10122
E05_spatial_control,erd_lr,1,90,1,1,0.6322847161448917,11,left_fist,11-12,10123
E05_spatial_control,erd_lr,1,90,1,0,0.38253506521294367,11,right_fist,11-12,10124
E05_spatial_control,erd_lr,1,90,0,0,0.4311390909771339,12,left_fist,11-12,10125
E05_spatial_control,erd_lr,1,90,0,0,0.4222153156251155,12,left_fist,11-12,10126
E05_spatial_control,erd_lr,1,90,0,0,0.4811652270274801,12,left_fist,11-12,10127
E05_spatial_control,erd_lr,1,90,0,1,0.5203857722479559,12,right_fist,11-12,10128
E05_spatial_control,erd_lr,1,90,0,0,0.4668788447464865,12,left_fist,11-12,10129
E05_spatial_control,erd_lr,1,90,1,1,0.5867747695530712,13,both_fists,13-14,10130
E05_spatial_control,erd_lr,1,90,1,0,0.39761448146407397,13,both_fists,13-14,10131
E05_spatial_control,erd_lr,1,90,1,0,0.29520244023041986,13,both_feet,13-14,10132
E05_spatial_control,erd_lr,1,90,1,0,0.4202260761311086,13,both_fists,13-14,10133
E05_spatial_control,erd_lr,1,90,1,0,0.4538547155908896,13,both_fists,13-14,10134
E05_spatial_control,erd_lr,1,90,1,1,0.5232166463310468,13,both_fists,13-14,10135
E05_spatial_control,erd_lr,1,90,1,1,0.5388292170549881,13,both_fists,13-14,10136
E05_spatial_control,erd_lr,1,90,1,0,0.4819477510032543,13,both_fists,13-14,10137
E05_spatial_control,erd_lr,1,90,0,0,0.4790404721668941,14,both_fists,13-14,10138
E05_spatial_control,erd_lr,1,90,0,1,0.5044548959227878,14,both_feet,13-14,10139
E05_spatial_control,erd_lr,1,90,0,0,0.22402346076129198,14,both_fists,13-14,10140
E05_spatial_control,erd_lr,1,90,0,1,0.6230557527310822,14,both_feet,13-14,10141
E05_spatial_control,erd_lr,1,90,0,0,0.4302934930586534,14,both_fists,13-14,10142
E05_spatial_control,erd_lr,1,90,0,1,0.5209601697134307,14,both_feet,13-14,10143
E05_spatial_control,erd_lr,1,90,0,1,0.5248846742938633,14,both_feet,13-14,10144
E05_spatial_control,erd_lr,1,90,0,1,0.5422017578712742,14,both_fists,13-14,10145
E05_spatial_control,erd_lr,1,90,0,0,0.4367159521499549,14,both_feet,13-14,10146
E05_spatial_control,erd_lr,1,92,1,1,0.5748654970669885,3,right_fist,03-04,10147
E05_spatial_control,erd_lr,1,92,1,0,0.38214275903784867,3,right_fist,03-04,10148
E05_spatial_control,erd_lr,1,92,1,0,0.4025271914385092,3,left_fist,03-04,10149
E05_spatial_control,erd_lr,1,92,1,0,0.4816489623527169,3,left_fist,03-04,10150
E05_spatial_control,erd_lr,1,92,1,0,0.41268372854377067,3,right_fist,03-04,10151
E05_spatial_control,erd_lr,1,92,1,0,0.45268252793061997,3,left_fist,03-04,10152
E05_spatial_control,erd_lr,1,92,1,1,0.539468348921534,3,right_fist,03-04,10153
E05_spatial_control,erd_lr,1,92,1,0,0.48462805211804705,3,left_fist,03-04,10154
E05_spatial_control,erd_lr,1,92,1,0,0.48023178597509647,3,right_fist,03-04,10155
E05_spatial_control,erd_lr,1,92,1,1,0.5200606853064802,3,right_fist,03-04,10156
E05_spatial_control,erd_lr,1,92,1,1,0.5318297081566854,3,left_fist,03-04,10157
E05_spatial_control,erd_lr,1,92,1,0,0.4785202255238458,3,left_fist,03-04,10158
E05_spatial_control,erd_lr,1,92,1,1,0.5994932992375793,3,right_fist,03-04,10159
E05_spatial_control,erd_lr,1,92,1,1,0.5458220828999086,3,left_fist,03-04,10160
E05_spatial_control,erd_lr,1,92,1,0,0.42818847316113745,3,right_fist,03-04,10161
E05_spatial_control,erd_lr,1,92,1,0,0.49109162117724947,3,left_fist,03-04,10162
E05_spatial_control,erd_lr,1,92,1,0,0.37689357046500827,3,left_fist,03-04,10163
E05_spatial_control,erd_lr,1,92,0,0,0.49704261678633893,4,left_fist,03-04,10164
E05_spatial_control,erd_lr,1,92,0,0,0.324734233851766,4,right_fist,03-04,10165
E05_spatial_control,erd_lr,1,92,0,1,0.6064758075002477,4,left_fist,03-04,10166
E05_spatial_control,erd_lr,1,92,0,0,0.46499523000221676,4,left_fist,03-04,10167
E05_spatial_control,erd_lr,1,92,0,1,0.5393094079216995,4,right_fist,03-04,10168
E05_spatial_control,erd_lr,1,92,0,0,0.3510438395312593,4,right_fist,03-04,10169
E05_spatial_control,erd_lr,1,92,0,0,0.48524213869078564,4,left_fist,03-04,10170
E05_spatial_control,erd_lr,1,92,0,1,0.61860185908173,4,left_fist,03-04,10171
E05_spatial_control,erd_lr,1,92,0,0,0.43578500597935804,4,right_fist,03-04,10172
E05_spatial_control,erd_lr,1,92,0,0,0.30603030525494107,4,left_fist,03-04,10173
E05_spatial_control,erd_lr,1,92,0,0,0.41108288413841526,4,left_fist,03-04,10174
E05_spatial_control,erd_lr,1,92,0,0,0.4348848319241704,4,right_fist,03-04,10175
E05_spatial_control,erd_lr,1,92,0,0,0.46998835363458924,4,right_fist,03-04,10176
E05_spatial_control,erd_lr,1,92,0,0,0.41106089555170117,4,right_fist,03-04,10177
E05_spatial_control,erd_lr,1,92,1,1,0.626344370626045,5,both_feet,05-06,10178
E05_spatial_control,erd_lr,1,92,1,0,0.3424948262698479,5,both_fists,05-06,10179
E05_spatial_control,erd_lr,1,92,1,0,0.34850341580271005,5,both_feet,05-06,10180
E05_spatial_control,erd_lr,1,92,1,0,0.41049101952025757,5,both_fists,05-06,10181
E05_spatial_control,erd_lr,1,92,1,1,0.5474389824916007,5,both_feet,05-06,10182
E05_spatial_control,erd_lr,1,92,1,0,0.4004524726884821,5,both_fists,05-06,10183
E05_spatial_control,erd_lr,1,92,1,0,0.40152010709172387,5,both_feet,05-06,10184
E05_spatial_control,erd_lr,1,92,1,1,0.5335545833625465,5,both_feet,05-06,10185
E05_spatial_control,erd_lr,1,92,1,0,0.436862739301412,5,both_feet,05-06,10186
E05_spatial_control,erd_lr,1,92,1,1,0.5408600909135781,5,both_fists,05-06,10187
E05_spatial_control,erd_lr,1,92,1,0,0.4504952388823772,5,both_feet,05-06,10188
E05_spatial_control,erd_lr,1,92,1,0,0.45841214787565576,5,both_fists,05-06,10189
E05_spatial_control,erd_lr,1,92,1,0,0.3890891777953239,5,both_feet,05-06,10190
E05_spatial_control,erd_lr,1,92,1,0,0.4592991498119608,5,both_fists,05-06,10191
E05_spatial_control,erd_lr,1,92,1,1,0.5840033289197849,5,both_feet,05-06,10192
E05_spatial_control,erd_lr,1,92,1,1,0.5827990935702458,5,both_fists,05-06,10193
E05_spatial_control,erd_lr,1,92,0,1,0.5549466727762851,6,both_feet,05-06,10194
E05_spatial_control,erd_lr,1,92,0,0,0.3458134091135301,6,both_fists,05-06,10195
E05_spatial_control,erd_lr,1,92,0,0,0.38251402527528544,6,both_feet,05-06,10196
E05_spatial_control,erd_lr,1,92,0,0,0.3461398221063852,6,both_fists,05-06,10197
E05_spatial_control,erd_lr,1,92,0,0,0.35877244748699944,6,both_feet,05-06,10198
E05_spatial_control,erd_lr,1,92,0,0,0.49579076909314546,6,both_fists,05-06,10199
E05_spatial_control,erd_lr,1,92,0,0,0.4534892180167145,6,both_feet,05-06,10200
E05_spatial_control,erd_lr,1,92,0,0,0.37562764203226,6,both_feet,05-06,10201
E05_spatial_control,erd_lr,1,92,0,0,0.47609187911066536,6,both_fists,05-06,10202
E05_spatial_control,erd_lr,1,92,0,0,0.481787739563526,6,both_feet,05-06,10203
E05_spatial_control,erd_lr,1,92,0,0,0.47015303747118814,6,both_fists,05-06,10204
E05_spatial_control,erd_lr,1,92,0,0,0.40490712232000053,6,both_fists,05-06,10205
E05_spatial_control,erd_lr,1,92,1,1,0.5848718443713126,7,right_fist,07-08,10206
E05_spatial_control,erd_lr,1,92,1,1,0.5334609602271378,7,right_fist,07-08,10207
E05_spatial_control,erd_lr,1,92,1,0,0.41522838414282226,7,left_fist,07-08,10208
E05_spatial_control,erd_lr,1,92,1,0,0.4433149593137487,7,left_fist,07-08,10209
E05_spatial_control,erd_lr,1,92,1,1,0.5108120095583579,7,right_fist,07-08,10210
E05_spatial_control,erd_lr,1,92,1,0,0.4193907271122865,7,right_fist,07-08,10211
E05_spatial_control,erd_lr,1,92,1,0,0.2621831153735225,7,left_fist,07-08,10212
E05_spatial_control,erd_lr,1,92,1,0,0.46254332435441653,7,left_fist,07-08,10213
E05_spatial_control,erd_lr,1,92,1,0,0.4872291500125935,7,right_fist,07-08,10214
E05_spatial_control,erd_lr,1,92,1,0,0.46910937665137914,7,right_fist,07-08,10215
E05_spatial_control,erd_lr,1,92,1,0,0.4794192950046881,7,left_fist,07-08,10216
E05_spatial_control,erd_lr,1,92,1,0,0.4413853407944257,7,right_fist,07-08,10217
E05_spatial_control,erd_lr,1,92,1,1,0.6410387942841188,7,left_fist,07-08,10218
E05_spatial_control,erd_lr,1,92,1,1,0.5721093941203256,7,left_fist,07-08,10219
E05_spatial_control,erd_lr,1,92,1,0,0.459282338878264,7,left_fist,07-08,10220
E05_spatial_control,erd_lr,1,92,0,0,0.40561108704050264,8,right_fist,07-08,10221
E05_spatial_control,erd_lr,1,92,0,0,0.4364404166113469,8,left_fist,07-08,10222
E05_spatial_control,erd_lr,1,92,0,0,0.32876296330651394,8,right_fist,07-08,10223
E05_spatial_control,erd_lr,1,92,0,0,0.47349312819473655,8,right_fist,07-08,10224
E05_spatial_control,erd_lr,1,92,0,0,0.3949808270395766,8,right_fist,07-08,10225
E05_spatial_control,erd_lr,1,92,0,0,0.4358448886334668,8,left_fist,07-08,10226
E05_spatial_control,erd_lr,1,92,0,0,0.4426862911743881,8,right_fist,07-08,10227
E05_spatial_control,erd_lr,1,92,0,1,0.5404227298864589,8,right_fist,07-08,10228
E05_spatial_control,erd_lr,1,92,0,0,0.4305465803077886,8,right_fist,07-08,10229
E05_spatial_control,erd_lr,1,92,0,0,0.36146846731362314,8,left_fist,07-08,10230
E05_spatial_control,erd_lr,1,92,0,0,0.3500444162706673,8,right_fist,07-08,10231
E05_spatial_control,erd_lr,1,92,0,0,0.3401094805800693,8,left_fist,07-08,10232
E05_spatial_control,erd_lr,1,92,0,0,0.3954168050069229,8,right_fist,07-08,10233
E05_spatial_control,erd_lr,1,92,1,1,0.6060834611146972,9,both_feet,09-10,10234
E05_spatial_control,erd_lr,1,92,1,1,0.5586982543423369,9,both_fists,09-10,10235
E05_spatial_control,erd_lr,1,92,1,0,0.42461603853793267,9,both_feet,09-10,10236
E05_spatial_control,erd_lr,1,92,1,0,0.40903444480143186,9,both_fists,09-10,10237
E05_spatial_control,erd_lr,1,92,1,0,0.38684570901323617,9,both_feet,09-10,10238
E05_spatial_control,erd_lr,1,92,1,0,0.34618027770830107,9,both_fists,09-10,10239
E05_spatial_control,erd_lr,1,92,1,1,0.5111807561073219,9,both_fists,09-10,10240
E05_spatial_control,erd_lr,1,92,1,0,0.4903075633101035,9,both_fists,09-10,10241
E05_spatial_control,erd_lr,1,92,1,0,0.49428338696872537,9,both_feet,09-10,10242
E05_spatial_control,erd_lr,1,92,1,0,0.4242321066905458,9,both_feet,09-10,10243
E05_spatial_control,erd_lr,1,92,1,0,0.42564426228765107,9,both_fists,09-10,10244
E05_spatial_control,erd_lr,1,92,1,0,0.4625434191816085,9,both_feet,09-10,10245
E05_spatial_control,erd_lr,1,92,1,1,0.5372465696109336,9,both_feet,09-10,10246
E05_spatial_control,erd_lr,1,92,0,0,0.4449076715594703,10,both_fists,09-10,10247
E05_spatial_control,erd_lr,1,92,0,1,0.5959989232474658,10,both_feet,09-10,10248
E05_spatial_control,erd_lr,1,92,0,0,0.4124650656119502,10,both_fists,09-10,10249
E05_spatial_control,erd_lr,1,92,0,0,0.48603328134417334,10,both_fists,09-10,10250
E05_spatial_control,erd_lr,1,92,0,1,0.614051046280534,10,both_feet,09-10,10251
E05_spatial_control,erd_lr,1,92,0,0,0.3220668629176232,10,both_fists,09-10,10252
E05_spatial_control,erd_lr,1,92,0,0,0.4218692718785119,10,both_feet,09-10,10253
E05_spatial_control,erd_lr,1,92,0,0,0.379354159581736,10,both_feet,09-10,10254
E05_spatial_control,erd_lr,1,92,0,0,0.42520187913678803,10,both_fists,09-10,10255
E05_spatial_control,erd_lr,1,92,0,0,0.4724934486471645,10,both_feet,09-10,10256
E05_spatial_control,erd_lr,1,92,0,0,0.39498103344823815,10,both_feet,09-10,10257
E05_spatial_control,erd_lr,1,92,0,0,0.39852396636220383,10,both_fists,09-10,10258
E05_spatial_control,erd_lr,1,92,0,0,0.44100286306434483,10,both_feet,09-10,10259
E05_spatial_control,erd_lr,1,92,0,0,0.38314726464525944,10,both_fists,09-10,10260
E05_spatial_control,erd_lr,1,92,1,1,0.5868955206820293,11,right_fist,11-12,10261
E05_spatial_control,erd_lr,1,92,1,1,0.536501961407512,11,left_fist,11-12,10262
E05_spatial_control,erd_lr,1,92,1,0,0.42130969197715357,11,right_fist,11-12,10263
E05_spatial_control,erd_lr,1,92,1,0,0.49212380415456314,11,right_fist,11-12,10264
E05_spatial_control,erd_lr,1,92,1,0,0.4929381976744963,11,left_fist,11-12,10265
E05_spatial_control,erd_lr,1,92,1,0,0.43399236669297264,11,right_fist,11-12,10266
E05_spatial_control,erd_lr,1,92,1,0,0.45454939262145866,11,left_fist,11-12,10267
E05_spatial_control,erd_lr,1,92,1,0,0.38081209665182597,11,right_fist,11-12,10268
E05_spatial_control,erd_lr,1,92,1,1,0.5418594232271846,11,left_fist,11-12,10269
E05_spatial_control,erd_lr,1,92,1,0,0.45045271333640674,11,left_fist,11-12,10270
E05_spatial_control,erd_lr,1,92,0,0,0.4499902225390223,12,right_fist,11-12,10271
E05_spatial_control,erd_lr,1,92,0,0,0.3815941088261745,12,right_fist,11-12,10272
E05_spatial_control,erd_lr,1,92,0,1,0.7297635344859494,12,right_fist,11-12,10273
E05_spatial_control,erd_lr,1,92,0,1,0.6057654199446243,12,left_fist,11-12,10274
E05_spatial_control,erd_lr,1,92,0,1,0.5809111625943857,12,left_fist,11-12,10275
E05_spatial_control,erd_lr,1,92,1,0,0.43649639576905674,13,both_fists,13-14,10276
E05_spatial_control,erd_lr,1,92,1,1,0.5171984797628302,13,both_fists,13-14,10277
E05_spatial_control,erd_lr,1,92,1,0,0.2996403620957419,13,both_feet,13-14,10278
E05_spatial_control,erd_lr,1,92,1,1,0.6189461754150484,13,both_fists,13-14,10279
E05_spatial_control,erd_lr,1,92,1,0,0.45094823979176757,13,both_feet,13-14,10280
E05_spatial_control,erd_lr,1,92,1,0,0.2741567574999096,13,both_feet,13-14,10281
E05_spatial_control,erd_lr,1,92,1,0,0.45557930304839334,13,both_fists,13-14,10282
E05_spatial_control,erd_lr,1,92,1,0,0.41895922180190376,13,both_feet,13-14,10283
E05_spatial_control,erd_lr,1,92,1,1,0.7107460742430057,13,both_feet,13-14,10284
E05_spatial_control,erd_lr,1,92,0,0,0.447731884299101,14,both_fists,13-14,10285
E05_spatial_control,erd_lr,1,92,0,1,0.5734384068041516,14,both_feet,13-14,10286
E05_spatial_control,erd_lr,1,92,0,0,0.36522187718503296,14,both_fists,13-14,10287
E05_spatial_control,erd_lr,1,92,0,1,0.5385840750252685,14,both_feet,13-14,10288
E05_spatial_control,erd_lr,1,92,0,0,0.46680456585732577,14,both_feet,13-14,10289
E05_spatial_control,erd_lr,1,92,0,0,0.49002341756699314,14,both_feet,13-14,10290
E05_spatial_control,erd_lr,1,92,0,0,0.4759579253520357,14,both_fists,13-14,10291
E05_spatial_control,erd_lr,1,92,0,0,0.4681367908671625,14,both_fists,13-14,10292
E05_spatial_control,erd_lr,1,92,0,0,0.464449044411324,14,both_feet,13-14,10293
E05_spatial_control,erd_lr,1,94,1,1,0.6618590599777495,3,right_fist,03-04,10463
E05_spatial_control,erd_lr,1,94,1,1,0.5509235443886373,3,left_fist,03-04,10464
E05_spatial_control,erd_lr,1,94,1,1,0.5463098772358105,3,left_fist,03-04,10465
E05_spatial_control,erd_lr,1,94,1,1,0.5404562539588799,3,right_fist,03-04,10466
E05_spatial_control,erd_lr,1,94,1,1,0.6163860746824198,3,right_fist,03-04,10467
E05_spatial_control,erd_lr,1,94,1,0,0.41603193720159787,3,left_fist,03-04,10468
E05_spatial_control,erd_lr,1,94,1,0,0.44670597588812394,3,right_fist,03-04,10469
E05_spatial_control,erd_lr,1,94,1,1,0.5442278031750096,3,left_fist,03-04,10470
E05_spatial_control,erd_lr,1,94,1,1,0.6246313846539909,3,right_fist,03-04,10471
E05_spatial_control,erd_lr,1,94,1,0,0.42299058145932134,3,left_fist,03-04,10472
E05_spatial_control,erd_lr,1,94,0,0,0.40293702685971783,4,left_fist,03-04,10473
E05_spatial_control,erd_lr,1,94,0,1,0.5322736814433945,4,right_fist,03-04,10474
E05_spatial_control,erd_lr,1,94,0,1,0.5579780268141079,4,right_fist,03-04,10475
E05_spatial_control,erd_lr,1,94,0,1,0.5401776711246583,4,left_fist,03-04,10476
E05_spatial_control,erd_lr,1,94,0,0,0.36772345273397916,4,right_fist,03-04,10477
E05_spatial_control,erd_lr,1,94,0,1,0.5162004631247228,4,left_fist,03-04,10478
E05_spatial_control,erd_lr,1,94,0,0,0.4469361060066739,4,right_fist,03-04,10479
E05_spatial_control,erd_lr,1,94,0,1,0.5518502973891404,4,left_fist,03-04,10480
E05_spatial_control,erd_lr,1,94,0,0,0.4679017030734656,4,right_fist,03-04,10481
E05_spatial_control,erd_lr,1,94,0,1,0.5185960913436168,4,left_fist,03-04,10482
E05_spatial_control,erd_lr,1,94,0,0,0.35150435625778975,4,right_fist,03-04,10483
E05_spatial_control,erd_lr,1,94,0,0,0.3282346078182016,4,right_fist,03-04,10484
E05_spatial_control,erd_lr,1,94,0,1,0.55095616453119,4,left_fist,03-04,10485
E05_spatial_control,erd_lr,1,94,1,1,0.6114524884231877,5,both_feet,05-06,10486
E05_spatial_control,erd_lr,1,94,1,1,0.5856715316975628,5,both_fists,05-06,10487
E05_spatial_control,erd_lr,1,94,1,1,0.6077867277001634,5,both_feet,05-06,10488
E05_spatial_control,erd_lr,1,94,1,0,0.4123425915099941,5,both_fists,05-06,10489
E05_spatial_control,erd_lr,1,94,1,1,0.5173663624143214,5,both_feet,05-06,10490
E05_spatial_control,erd_lr,1,94,1,1,0.5019837681372562,5,both_fists,05-06,10491
E05_spatial_control,erd_lr,1,94,1,0,0.48344951232721634,5,both_fists,05-06,10492
E05_spatial_control,erd_lr,1,94,1,0,0.433424041912024,5,both_feet,05-06,10493
E05_spatial_control,erd_lr,1,94,1,1,0.5524004761754318,5,both_fists,05-06,10494
E05_spatial_control,erd_lr,1,94,1,0,0.3958422712673278,5,both_feet,05-06,10495
E05_spatial_control,erd_lr,1,94,1,0,0.44510333148553316,5,both_feet,05-06,10496
E05_spatial_control,erd_lr,1,94,1,0,0.43288616539881397,5,both_fists,05-06,10497
E05_spatial_control,erd_lr,1,94,1,1,0.5161538368090169,5,both_feet,05-06,10498
E05_spatial_control,erd_lr,1,94,0,0,0.3559272501420041,6,both_fists,05-06,10499
E05_spatial_control,erd_lr,1,94,0,1,0.5484675531376606,6,both_feet,05-06,10500
E05_spatial_control,erd_lr,1,94,0,0,0.43677770194239524,6,both_feet,05-06,10501
E05_spatial_control,erd_lr,1,94,0,0,0.37763286473160507,6,both_fists,05-06,10502
E05_spatial_control,erd_lr,1,94,0,0,0.34249913830628037,6,both_feet,05-06,10503
E05_spatial_control,erd_lr,1,94,0,1,0.6056296265972351,6,both_fists,05-06,10504
E05_spatial_control,erd_lr,1,94,0,0,0.42075079994347425,6,both_fists,05-06,10505
E05_spatial_control,erd_lr,1,94,0,1,0.5745860256012635,6,both_feet,05-06,10506
E05_spatial_control,erd_lr,1,94,0,1,0.5736622632816667,6,both_fists,05-06,10507
E05_spatial_control,erd_lr,1,94,0,0,0.2885112105692789,6,both_feet,05-06,10508
E05_spatial_control,erd_lr,1,94,0,1,0.5388939625647456,6,both_feet,05-06,10509
E05_spatial_control,erd_lr,1,94,0,0,0.4037483529876659,6,both_fists,05-06,10510
E05_spatial_control,erd_lr,1,94,0,0,0.40300469920939846,6,both_fists,05-06,10511
E05_spatial_control,erd_lr,1,94,0,0,0.38296393940295603,6,both_feet,05-06,10512
E05_spatial_control,erd_lr,1,94,1,0,0.4558776717203782,7,right_fist,07-08,10513
E05_spatial_control,erd_lr,1,94,1,1,0.5992268891753008,7,left_fist,07-08,10514
E05_spatial_control,erd_lr,1,94,1,1,0.5908602327273127,7,left_fist,07-08,10515
E05_spatial_control,erd_lr,1,94,1,1,0.6086901428210358,7,right_fist,07-08,10516
E05_spatial_control,erd_lr,1,94,1,1,0.5766982232089612,7,left_fist,07-08,10517
E05_spatial_control,erd_lr,1,94,1,0,0.42064742737100397,7,right_fist,07-08,10518
E05_spatial_control,erd_lr,1,94,1,0,0.378320248985144,7,right_fist,07-08,10519
E05_spatial_control,erd_lr,1,94,1,1,0.657507214807998,7,left_fist,07-08,10520
E05_spatial_control,erd_lr,1,94,1,1,0.5872430956007019,7,right_fist,07-08,10521
E05_spatial_control,erd_lr,1,94,1,1,0.6284749710946789,7,left_fist,07-08,10522
E05_spatial_control,erd_lr,1,94,1,1,0.6629247046465411,7,left_fist,07-08,10523
E05_spatial_control,erd_lr,1,94,1,0,0.39342265576055924,7,right_fist,07-08,10524
E05_spatial_control,erd_lr,1,94,1,1,0.5739125206520587,7,left_fist,07-08,10525
E05_spatial_control,erd_lr,1,94,0,0,0.4241484363495282,8,right_fist,07-08,10526
E05_spatial_control,erd_lr,1,94,0,0,0.43896019330575925,8,right_fist,07-08,10527
E05_spatial_control,erd_lr,1,94,0,0,0.3760436695934331,8,right_fist,07-08,10528
E05_spatial_control,erd_lr,1,94,0,0,0.4285905352804842,8,right_fist,07-08,10529
E05_spatial_control,erd_lr,1,94,0,0,0.40170634808682953,8,left_fist,07-08,10530
E05_spatial_control,erd_lr,1,94,0,0,0.3700514864627841,8,right_fist,07-08,10531
E05_spatial_control,erd_lr,1,94,0,0,0.49506615573676427,8,right_fist,07-08,10532
E05_spatial_control,erd_lr,1,94,0,0,0.45136741596306884,8,left_fist,07-08,10533
E05_spatial_control,erd_lr,1,94,0,1,0.5052402417999498,8,left_fist,07-08,10534
E05_spatial_control,erd_lr,1,94,1,0,0.46048941105731833,9,both_feet,09-10,10535
E05_spatial_control,erd_lr,1,94,1,0,0.4637582012790094,9,both_fists,09-10,10536
E05_spatial_control,erd_lr,1,94,1,1,0.5855366628455082,9,both_fists,09-10,10537
E05_spatial_control,erd_lr,1,94,1,1,0.526721840710534,9,both_feet,09-10,10538
E05_spatial_control,erd_lr,1,94,1,1,0.6051477949748296,9,both_feet,09-10,10539
E05_spatial_control,erd_lr,1,94,1,0,0.4375312094495556,9,both_fists,09-10,10540
E05_spatial_control,erd_lr,1,94,1,0,0.3956021109426371,9,both_feet,09-10,10541
E05_spatial_control,erd_lr,1,94,1,0,0.46088106061954415,9,both_feet,09-10,10542
E05_spatial_control,erd_lr,1,94,1,1,0.6896178232290617,9,both_fists,09-10,10543
E05_spatial_control,erd_lr,1,94,1,0,0.4448026836520976,9,both_feet,09-10,10544
E05_spatial_control,erd_lr,1,94,1,1,0.6778805365520182,9,both_fists,09-10,10545
E05_spatial_control,erd_lr,1,94,1,0,0.44672764647129026,9,both_fists,09-10,10546
E05_spatial_control,erd_lr,1,94,0,0,0.37472152954107923,10,both_fists,09-10,10547
E05_spatial_control,erd_lr,1,94,0,1,0.5294610197156393,10,both_feet,09-10,10548
E05_spatial_control,erd_lr,1,94,0,0,0.39100083021189214,10,both_fists,09-10,10549
E05_spatial_control,erd_lr,1,94,0,0,0.38428590220483794,10,both_fists,09-10,10550
E05_spatial_control,erd_lr,1,94,0,0,0.43386103149098626,10,both_fists,09-10,10551
E05_spatial_control,erd_lr,1,94,0,1,0.5602202609401336,10,both_fists,09-10,10552
E05_spatial_control,erd_lr,1,94,1,1,0.5728936404925813,11,left_fist,11-12,10553
E05_spatial_control,erd_lr,1,94,1,0,0.34647691289430926,11,right_fist,11-12,10554
E05_spatial_control,erd_lr,1,94,1,1,0.5184235213643453,11,right_fist,11-12,10555
E05_spatial_control,erd_lr,1,94,1,1,0.6299976651411685,11,right_fist,11-12,10556
E05_spatial_control,erd_lr,1,94,1,1,0.5425095235920061,11,right_fist,11-12,10557
E05_spatial_control,erd_lr,1,94,1,0,0.3974894636546776,11,right_fist,11-12,10558
E05_spatial_control,erd_lr,1,94,1,1,0.653071321153057,11,left_fist,11-12,10559
E05_spatial_control,erd_lr,1,94,1,1,0.5560819950521099,11,left_fist,11-12,10560
E05_spatial_control,erd_lr,1,94,1,1,0.5879666712157172,11,right_fist,11-12,10561
E05_spatial_control,erd_lr,1,94,0,0,0.46143134815728365,12,left_fist,11-12,10562
E05_spatial_control,erd_lr,1,94,0,0,0.32701007320613756,12,right_fist,11-12,10563
E05_spatial_control,erd_lr,1,94,1,1,0.5314827431993999,13,both_feet,13-14,10564
E05_spatial_control,erd_lr,1,94,1,0,0.46189961660213663,13,both_feet,13-14,10565
E05_spatial_control,erd_lr,1,94,1,0,0.3135376448081374,13,both_fists,13-14,10566
E05_spatial_control,erd_lr,1,94,1,1,0.5271251731881705,13,both_feet,13-14,10567
E05_spatial_control,erd_lr,1,94,1,1,0.5284657853104613,13,both_fists,13-14,10568
E05_spatial_control,erd_lr,1,94,1,1,0.6714370715270502,13,both_feet,13-14,10569
E05_spatial_control,erd_lr,1,94,1,1,0.509790655487528,13,both_fists,13-14,10570
E05_spatial_control,erd_lr,1,94,1,0,0.46397589729637634,13,both_feet,13-14,10571
E05_spatial_control,erd_lr,1,94,0,1,0.6960664001926518,14,both_fists,13-14,10572
E05_spatial_control,erd_lr,1,94,0,1,0.5176135303869617,14,both_feet,13-14,10573
E05_spatial_control,erd_lr,1,94,0,0,0.3678718695406456,14,both_fists,13-14,10574
E05_spatial_control,erd_lr,1,94,0,0,0.4399492724751367,14,both_fists,13-14,10575
E05_spatial_control,erd_lr,1,94,0,0,0.48673062657133,14,both_feet,13-14,10576
E05_spatial_control,erd_lr,1,94,0,0,0.32305081858797574,14,both_fists,13-14,10577
E05_spatial_control,erd_lr,1,94,0,0,0.4450382598206244,14,both_fists,13-14,10578
E05_spatial_control,erd_lr,1,104,1,0,0.2855672903844623,3,right_fist,03-04,11237
E05_spatial_control,erd_lr,1,104,1,1,0.5242145689666818,3,left_fist,03-04,11238
E05_spatial_control,erd_lr,1,104,1,1,0.5301922920591438,3,left_fist,03-04,11239
E05_spatial_control,erd_lr,1,104,1,1,0.5648908859990616,3,right_fist,03-04,11240
E05_spatial_control,erd_lr,1,104,1,0,0.4012891836071709,3,left_fist,03-04,11241
E05_spatial_control,erd_lr,1,104,1,0,0.4170132938630966,3,right_fist,03-04,11242
E05_spatial_control,erd_lr,1,104,1,1,0.5422385037944053,3,left_fist,03-04,11243
E05_spatial_control,erd_lr,1,104,1,1,0.5980678984641107,3,right_fist,03-04,11244
E05_spatial_control,erd_lr,1,104,1,1,0.5123563082359474,3,right_fist,03-04,11245
E05_spatial_control,erd_lr,1,104,1,1,0.5763514248399774,3,left_fist,03-04,11246
E05_spatial_control,erd_lr,1,104,1,0,0.4360605443329798,3,right_fist,03-04,11247
E05_spatial_control,erd_lr,1,104,1,1,0.5653118398224062,3,left_fist,03-04,11248
E05_spatial_control,erd_lr,1,104,1,1,0.607341688887391,3,right_fist,03-04,11249
E05_spatial_control,erd_lr,1,104,1,0,0.38947879656680057,3,left_fist,03-04,11250
E05_spatial_control,erd_lr,1,104,1,1,0.589638878164789,3,right_fist,03-04,11251
E05_spatial_control,erd_lr,1,104,0,0,0.3920430473838127,4,left_fist,03-04,11252
E05_spatial_control,erd_lr,1,104,0,1,0.5766649804826838,4,right_fist,03-04,11253
E05_spatial_control,erd_lr,1,104,0,0,0.4400545325647847,4,right_fist,03-04,11254
E05_spatial_control,erd_lr,1,104,0,0,0.41701708562538364,4,left_fist,03-04,11255
E05_spatial_control,erd_lr,1,104,0,0,0.38589581246696125,4,right_fist,03-04,11256
E05_spatial_control,erd_lr,1,104,0,1,0.5217300904752143,4,left_fist,03-04,11257
E05_spatial_control,erd_lr,1,104,0,0,0.4406128151130513,4,right_fist,03-04,11258
E05_spatial_control,erd_lr,1,104,0,0,0.35819722438709045,4,left_fist,03-04,11259
E05_spatial_control,erd_lr,1,104,0,0,0.4825624712520968,4,left_fist,03-04,11260
E05_spatial_control,erd_lr,1,104,0,0,0.49452235403103956,4,right_fist,03-04,11261
E05_spatial_control,erd_lr,1,104,0,1,0.5475735783080362,4,left_fist,03-04,11262
E05_spatial_control,erd_lr,1,104,0,0,0.4762386419179886,4,right_fist,03-04,11263
E05_spatial_control,erd_lr,1,104,0,1,0.6152853841542473,4,right_fist,03-04,11264
E05_spatial_control,erd_lr,1,104,0,0,0.4442016949604953,4,left_fist,03-04,11265
E05_spatial_control,erd_lr,1,104,0,0,0.4657980063280905,4,right_fist,03-04,11266
E05_spatial_control,erd_lr,1,104,1,1,0.5687701301572118,5,both_feet,05-06,11267
E05_spatial_control,erd_lr,1,104,1,0,0.4369413736718641,5,both_fists,05-06,11268
E05_spatial_control,erd_lr,1,104,1,1,0.588644352082644,5,both_fists,05-06,11269
E05_spatial_control,erd_lr,1,104,1,1,0.6177149104173367,5,both_feet,05-06,11270
E05_spatial_control,erd_lr,1,104,1,1,0.5979105862169929,5,both_fists,05-06,11271
E05_spatial_control,erd_lr,1,104,1,1,0.5215618260767317,5,both_fists,05-06,11272
E05_spatial_control,erd_lr,1,104,1,1,0.7687072439955815,5,both_feet,05-06,11273
E05_spatial_control,erd_lr,1,104,1,1,0.7017847846317029,5,both_feet,05-06,11274
E05_spatial_control,erd_lr,1,104,1,0,0.48947516492695986,5,both_fists,05-06,11275
E05_spatial_control,erd_lr,1,104,1,1,0.5403550250909459,5,both_feet,05-06,11276
E05_spatial_control,erd_lr,1,104,1,1,0.5268243054576273,5,both_fists,05-06,11277
E05_spatial_control,erd_lr,1,104,1,1,0.6252593318755448,5,both_feet,05-06,11278
E05_spatial_control,erd_lr,1,104,1,0,0.34737598471170833,5,both_fists,05-06,11279
E05_spatial_control,erd_lr,1,104,1,0,0.48134329153255606,5,both_fists,05-06,11280
E05_spatial_control,erd_lr,1,104,0,0,0.31087402615315085,6,both_fists,05-06,11281
E05_spatial_control,erd_lr,1,104,0,0,0.45201393732269235,6,both_feet,05-06,11282
E05_spatial_control,erd_lr,1,104,0,0,0.3449953521428071,6,both_feet,05-06,11283
E05_spatial_control,erd_lr,1,104,0,0,0.4977659690758788,6,both_fists,05-06,11284
E05_spatial_control,erd_lr,1,104,0,1,0.6648393545601299,6,both_feet,05-06,11285
E05_spatial_control,erd_lr,1,104,0,1,0.5269669773608492,6,both_fists,05-06,11286
E05_spatial_control,erd_lr,1,104,0,0,0.47858441912391225,6,both_fists,05-06,11287
E05_spatial_control,erd_lr,1,104,0,1,0.5520357484394168,6,both_feet,05-06,11288
E05_spatial_control,erd_lr,1,104,0,0,0.3182013724035891,6,both_fists,05-06,11289
E05_spatial_control,erd_lr,1,104,0,1,0.6192597881456624,6,both_feet,05-06,11290
E05_spatial_control,erd_lr,1,104,0,1,0.5597613327556308,6,both_feet,05-06,11291
E05_spatial_control,erd_lr,1,104,0,0,0.48891671442079887,6,both_fists,05-06,11292
E05_spatial_control,erd_lr,1,104,0,1,0.5114063664559115,6,both_feet,05-06,11293
E05_spatial_control,erd_lr,1,104,0,0,0.37541811153503624,6,both_fists,05-06,11294
E05_spatial_control,erd_lr,1,104,0,1,0.6024766780997695,6,both_feet,05-06,11295
E05_spatial_control,erd_lr,1,104,1,0,0.4348803019295809,7,right_fist,07-08,11296
E05_spatial_control,erd_lr,1,104,1,0,0.4038166336197697,7,left_fist,07-08,11297
E05_spatial_control,erd_lr,1,104,1,0,0.42300423442358337,7,left_fist,07-08,11298
E05_spatial_control,erd_lr,1,104,1,1,0.6023269138788114,7,right_fist,07-08,11299
E05_spatial_control,erd_lr,1,104,1,1,0.5572835643797371,7,right_fist,07-08,11300
E05_spatial_control,erd_lr,1,104,1,0,0.3824613418999872,7,left_fist,07-08,11301
E05_spatial_control,erd_lr,1,104,1,0,0.4331361692499374,7,left_fist,07-08,11302
E05_spatial_control,erd_lr,1,104,1,0,0.42629711244185614,7,right_fist,07-08,11303
E05_spatial_control,erd_lr,1,104,1,1,0.6225539291809139,7,right_fist,07-08,11304
E05_spatial_control,erd_lr,1,104,1,1,0.5995527045110298,7,left_fist,07-08,11305
E05_spatial_control,erd_lr,1,104,1,0,0.4361100903190047,7,left_fist,07-08,11306
E05_spatial_control,erd_lr,1,104,1,1,0.5054972046076773,7,right_fist,07-08,11307
E05_spatial_control,erd_lr,1,104,1,0,0.4271811003667898,7,right_fist,07-08,11308
E05_spatial_control,erd_lr,1,104,1,0,0.3808868283845784,7,left_fist,07-08,11309
E05_spatial_control,erd_lr,1,104,1,1,0.5828909886090127,7,left_fist,07-08,11310
E05_spatial_control,erd_lr,1,104,0,1,0.5386159657305427,8,left_fist,07-08,11311
E05_spatial_control,erd_lr,1,104,0,0,0.4954876506289556,8,right_fist,07-08,11312
E05_spatial_control,erd_lr,1,104,0,0,0.4498562278144709,8,right_fist,07-08,11313
E05_spatial_control,erd_lr,1,104,0,0,0.40838794996926453,8,left_fist,07-08,11314
E05_spatial_control,erd_lr,1,104,0,1,0.5299112618488221,8,left_fist,07-08,11315
E05_spatial_control,erd_lr,1,104,0,0,0.4290978151098146,8,right_fist,07-08,11316
E05_spatial_control,erd_lr,1,104,0,0,0.34985705260391237,8,left_fist,07-08,11317
E05_spatial_control,erd_lr,1,104,0,0,0.31783834286614215,8,right_fist,07-08,11318
E05_spatial_control,erd_lr,1,104,0,0,0.43001548322720445,8,left_fist,07-08,11319
E05_spatial_control,erd_lr,1,104,0,0,0.4399508201782064,8,right_fist,07-08,11320
E05_spatial_control,erd_lr,1,104,0,0,0.27418341125390283,8,right_fist,07-08,11321
E05_spatial_control,erd_lr,1,104,0,0,0.4474213085435226,8,left_fist,07-08,11322
E05_spatial_control,erd_lr,1,104,1,0,0.38478677675966455,9,both_fists,09-10,11323
E05_spatial_control,erd_lr,1,104,1,1,0.608385976543966,9,both_feet,09-10,11324
E05_spatial_control,erd_lr,1,104,1,0,0.407504293182364,9,both_fists,09-10,11325
E05_spatial_control,erd_lr,1,104,1,0,0.4922119919636038,9,both_feet,09-10,11326
E05_spatial_control,erd_lr,1,104,1,0,0.45324331572499676,9,both_feet,09-10,11327
E05_spatial_control,erd_lr,1,104,1,0,0.4396733347632522,9,both_fists,09-10,11328
E05_spatial_control,erd_lr,1,104,1,0,0.3879287125336237,9,both_fists,09-10,11329
E05_spatial_control,erd_lr,1,104,1,1,0.5253510795284515,9,both_feet,09-10,11330
E05_spatial_control,erd_lr,1,104,1,0,0.34725233170818365,9,both_feet,09-10,11331
E05_spatial_control,erd_lr,1,104,1,1,0.6015769802114425,9,both_fists,09-10,11332
E05_spatial_control,erd_lr,1,104,1,1,0.5116191486561998,9,both_feet,09-10,11333
E05_spatial_control,erd_lr,1,104,1,0,0.4530899689448306,9,both_fists,09-10,11334
E05_spatial_control,erd_lr,1,104,1,1,0.5352052896133327,9,both_fists,09-10,11335
E05_spatial_control,erd_lr,1,104,1,0,0.34182202795950345,9,both_feet,09-10,11336
E05_spatial_control,erd_lr,1,104,1,1,0.5514345127617692,9,both_fists,09-10,11337
E05_spatial_control,erd_lr,1,104,0,0,0.4808019198819206,10,both_feet,09-10,11338
E05_spatial_control,erd_lr,1,104,0,1,0.6385529881732255,10,both_fists,09-10,11339
E05_spatial_control,erd_lr,1,104,0,1,0.5623426787944018,10,both_feet,09-10,11340
E05_spatial_control,erd_lr,1,104,0,1,0.5616679373906501,10,both_fists,09-10,11341
E05_spatial_control,erd_lr,1,104,0,0,0.4218194397852075,10,both_feet,09-10,11342
E05_spatial_control,erd_lr,1,104,0,0,0.4666181859150314,10,both_fists,09-10,11343
E05_spatial_control,erd_lr,1,104,0,0,0.4170546870914566,10,both_feet,09-10,11344
E05_spatial_control,erd_lr,1,104,0,0,0.44920245704015854,10,both_fists,09-10,11345
E05_spatial_control,erd_lr,1,104,0,0,0.4059532054428249,10,both_feet,09-10,11346
E05_spatial_control,erd_lr,1,104,0,0,0.3940426477758772,10,both_fists,09-10,11347
E05_spatial_control,erd_lr,1,104,0,1,0.5110175363767262,10,both_fists,09-10,11348
E05_spatial_control,erd_lr,1,104,0,0,0.3223655151561926,10,both_feet,09-10,11349
E05_spatial_control,erd_lr,1,104,0,1,0.5926689618183044,10,both_feet,09-10,11350
E05_spatial_control,erd_lr,1,104,0,0,0.469924714630781,10,both_fists,09-10,11351
E05_spatial_control,erd_lr,1,104,0,0,0.37538631122506494,10,both_fists,09-10,11352
E05_spatial_control,erd_lr,1,104,1,0,0.4355303385942236,11,left_fist,11-12,11353
E05_spatial_control,erd_lr,1,104,1,1,0.5342418260783555,11,right_fist,11-12,11354
E05_spatial_control,erd_lr,1,104,1,0,0.4448177200945744,11,left_fist,11-12,11355
E05_spatial_control,erd_lr,1,104,1,0,0.4704282198854139,11,right_fist,11-12,11356
E05_spatial_control,erd_lr,1,104,1,0,0.37389133103733985,11,right_fist,11-12,11357
E05_spatial_control,erd_lr,1,104,1,1,0.591117384910195,11,left_fist,11-12,11358
E05_spatial_control,erd_lr,1,104,1,0,0.4317765313080252,11,right_fist,11-12,11359
E05_spatial_control,erd_lr,1,104,1,1,0.5879278354802531,11,left_fist,11-12,11360
E05_spatial_control,erd_lr,1,104,1,0,0.4288144184394335,11,right_fist,11-12,11361
E05_spatial_control,erd_lr,1,104,1,1,0.5810141475240621,11,left_fist,11-12,11362
E05_spatial_control,erd_lr,1,104,1,1,0.5227481885184595,11,right_fist,11-12,11363
E05_spatial_control,erd_lr,1,104,1,1,0.5628956580132107,11,left_fist,11-12,11364
E05_spatial_control,erd_lr,1,104,1,0,0.46147672013213553,11,right_fist,11-12,11365
E05_spatial_control,erd_lr,1,104,1,0,0.4695074600335922,11,left_fist,11-12,11366
E05_spatial_control,erd_lr,1,104,1,0,0.4628062557788546,11,left_fist,11-12,11367
E05_spatial_control,erd_lr,1,104,0,0,0.46748618961286087,12,left_fist,11-12,11368
E05_spatial_control,erd_lr,1,104,0,0,0.3224441791143947,12,right_fist,11-12,11369
E05_spatial_control,erd_lr,1,104,0,1,0.6157395354519167,12,left_fist,11-12,11370
E05_spatial_control,erd_lr,1,104,0,1,0.5877155420676564,12,right_fist,11-12,11371
E05_spatial_control,erd_lr,1,104,0,0,0.41296593791363245,12,left_fist,11-12,11372
E05_spatial_control,erd_lr,1,104,0,0,0.4314792821072889,12,right_fist,11-12,11373
E05_spatial_control,erd_lr,1,104,0,1,0.522579713548577,12,left_fist,11-12,11374
E05_spatial_control,erd_lr,1,104,0,0,0.4095213143634465,12,right_fist,11-12,11375
E05_spatial_control,erd_lr,1,104,0,1,0.5533385699703167,12,right_fist,11-12,11376
E05_spatial_control,erd_lr,1,104,0,0,0.28911683656874826,12,left_fist,11-12,11377
E05_spatial_control,erd_lr,1,104,0,1,0.5035569343807506,12,left_fist,11-12,11378
E05_spatial_control,erd_lr,1,104,0,1,0.5549306307054369,12,right_fist,11-12,11379
E05_spatial_control,erd_lr,1,104,0,1,0.5963705555072556,12,right_fist,11-12,11380
E05_spatial_control,erd_lr,1,104,0,1,0.5353855945758063,12,left_fist,11-12,11381
E05_spatial_control,erd_lr,1,104,0,0,0.47408968073620206,12,left_fist,11-12,11382
E05_spatial_control,erd_lr,1,104,1,1,0.5071240605102353,13,both_fists,13-14,11383
E05_spatial_control,erd_lr,1,104,1,0,0.4732588845354705,13,both_feet,13-14,11384
E05_spatial_control,erd_lr,1,104,1,0,0.48276880300200953,13,both_feet,13-14,11385
E05_spatial_control,erd_lr,1,104,1,1,0.5714583226507001,13,both_fists,13-14,11386
E05_spatial_control,erd_lr,1,104,1,1,0.5536124865566887,13,both_feet,13-14,11387
E05_spatial_control,erd_lr,1,104,1,0,0.4773107020030161,13,both_fists,13-14,11388
E05_spatial_control,erd_lr,1,104,1,1,0.536153446807776,13,both_fists,13-14,11389
E05_spatial_control,erd_lr,1,104,1,1,0.5802816118430992,13,both_feet,13-14,11390
E05_spatial_control,erd_lr,1,104,1,0,0.3850334182683965,13,both_fists,13-14,11391
E05_spatial_control,erd_lr,1,104,1,0,0.4714255902809353,13,both_feet,13-14,11392
E05_spatial_control,erd_lr,1,104,1,0,0.3383734364299569,13,both_feet,13-14,11393
E05_spatial_control,erd_lr,1,104,1,1,0.5254943900454568,13,both_fists,13-14,11394
E05_spatial_control,erd_lr,1,104,1,0,0.43674203003168094,13,both_fists,13-14,11395
E05_spatial_control,erd_lr,1,104,1,0,0.3427053342942207,13,both_feet,13-14,11396
E05_spatial_control,erd_lr,1,104,1,1,0.6447081023597483,13,both_feet,13-14,11397
E05_spatial_control,erd_lr,1,104,0,0,0.04802993527490231,14,both_fists,13-14,11398
E05_spatial_control,erd_lr,1,104,0,1,0.523447240354796,14,both_feet,13-14,11399
E05_spatial_control,erd_lr,1,104,0,0,0.48772039312271154,14,both_fists,13-14,11400
E05_spatial_control,erd_lr,1,104,0,0,0.40516426817627443,14,both_feet,13-14,11401
E05_spatial_control,erd_lr,1,104,0,0,0.3614904041495505,14,both_feet,13-14,11402
E05_spatial_control,erd_lr,1,104,0,1,0.5518387045505307,14,both_fists,13-14,11403
E05_spatial_control,erd_lr,1,104,0,1,0.5238306944310057,14,both_feet,13-14,11404
E05_spatial_control,erd_lr,1,104,0,0,0.49355262703287645,14,both_fists,13-14,11405
E05_spatial_control,erd_lr,1,104,0,0,0.33922551248649635,14,both_feet,13-14,11406
E05_spatial_control,erd_lr,1,104,0,0,0.42781359029029886,14,both_fists,13-14,11407
E05_spatial_control,erd_lr,1,104,0,0,0.3451819890548047,14,both_feet,13-14,11408
E05_spatial_control,erd_lr,1,104,0,0,0.3075682039791753,14,both_fists,13-14,11409
E05_spatial_control,erd_lr,1,104,0,0,0.2701320673253331,14,both_fists,13-14,11410
E05_spatial_control,erd_lr,1,104,0,0,0.4745159188881522,14,both_feet,13-14,11411
E05_spatial_control,erd_lr,1,104,0,0,0.378936530852423,14,both_feet,13-14,11412
E05_spatial_control,erd_lr,1,109,1,0,0.4685141879245607,3,left_fist,03-04,11573
E05_spatial_control,erd_lr,1,109,1,0,0.3943849738036158,3,right_fist,03-04,11574
E05_spatial_control,erd_lr,1,109,1,0,0.3208897070700482,3,left_fist,03-04,11575
E05_spatial_control,erd_lr,1,109,1,0,0.458687621158106,3,right_fist,03-04,11576
E05_spatial_control,erd_lr,1,109,1,0,0.47814227971968315,3,right_fist,03-04,11577
E05_spatial_control,erd_lr,1,109,1,0,0.490631778050979,3,left_fist,03-04,11578
E05_spatial_control,erd_lr,1,109,1,0,0.30478551057659475,3,left_fist,03-04,11579
E05_spatial_control,erd_lr,1,109,1,1,0.5038270137711444,3,right_fist,03-04,11580
E05_spatial_control,erd_lr,1,109,1,0,0.39867721719864446,3,left_fist,03-04,11581
E05_spatial_control,erd_lr,1,109,1,0,0.4205194356210981,3,right_fist,03-04,11582
E05_spatial_control,erd_lr,1,109,1,0,0.38483661648100004,3,right_fist,03-04,11583
E05_spatial_control,erd_lr,1,109,1,0,0.4891090363184071,3,left_fist,03-04,11584
E05_spatial_control,erd_lr,1,109,1,0,0.3603909837274541,3,right_fist,03-04,11585
E05_spatial_control,erd_lr,1,109,1,1,0.5706641698640442,3,left_fist,03-04,11586
E05_spatial_control,erd_lr,1,109,1,0,0.4472525686131357,3,left_fist,03-04,11587
E05_spatial_control,erd_lr,1,109,0,1,0.5304063566670871,4,left_fist,03-04,11588
E05_spatial_control,erd_lr,1,109,0,1,0.5140399078622698,4,right_fist,03-04,11589
E05_spatial_control,erd_lr,1,109,0,0,0.3750295104700763,4,right_fist,03-04,11590
E05_spatial_control,erd_lr,1,109,0,0,0.4066801209281954,4,left_fist,03-04,11591
E05_spatial_control,erd_lr,1,109,0,1,0.5358527333929833,4,right_fist,03-04,11592
E05_spatial_control,erd_lr,1,109,0,1,0.5834885901174707,4,left_fist,03-04,11593
E05_spatial_control,erd_lr,1,109,0,0,0.4853920197466308,4,right_fist,03-04,11594
E05_spatial_control,erd_lr,1,109,0,1,0.5766418163421951,4,left_fist,03-04,11595
E05_spatial_control,erd_lr,1,109,0,0,0.4645245574839771,4,right_fist,03-04,11596
E05_spatial_control,erd_lr,1,109,0,1,0.5927218548751386,4,left_fist,03-04,11597
E05_spatial_control,erd_lr,1,109,0,0,0.4896678188583474,4,left_fist,03-04,11598
E05_spatial_control,erd_lr,1,109,0,1,0.6198696530855491,4,right_fist,03-04,11599
E05_spatial_control,erd_lr,1,109,0,0,0.4419183815771102,4,left_fist,03-04,11600
E05_spatial_control,erd_lr,1,109,0,0,0.49856547023256387,4,right_fist,03-04,11601
E05_spatial_control,erd_lr,1,109,0,0,0.34886556338586777,4,right_fist,03-04,11602
E05_spatial_control,erd_lr,1,109,1,1,0.6405202038471152,5,both_fists,05-06,11603
E05_spatial_control,erd_lr,1,109,1,1,0.533432651787454,5,both_feet,05-06,11604
E05_spatial_control,erd_lr,1,109,1,1,0.5940339918033258,5,both_fists,05-06,11605
E05_spatial_control,erd_lr,1,109,1,1,0.5137152707480881,5,both_feet,05-06,11606
E05_spatial_control,erd_lr,1,109,1,1,0.6318612618081132,5,both_feet,05-06,11607
E05_spatial_control,erd_lr,1,109,1,0,0.24400264254625748,5,both_fists,05-06,11608
E05_spatial_control,erd_lr,1,109,1,1,0.6471024469273746,5,both_fists,05-06,11609
E05_spatial_control,erd_lr,1,109,1,1,0.5287342174023555,5,both_feet,05-06,11610
E05_spatial_control,erd_lr,1,109,1,0,0.3874537107005062,5,both_fists,05-06,11611
E05_spatial_control,erd_lr,1,109,1,1,0.6591750337982731,5,both_feet,05-06,11612
E05_spatial_control,erd_lr,1,109,1,1,0.5037684299316889,5,both_feet,05-06,11613
E05_spatial_control,erd_lr,1,109,1,1,0.5758924674006666,5,both_fists,05-06,11614
E05_spatial_control,erd_lr,1,109,1,1,0.5456562041212883,5,both_feet,05-06,11615
E05_spatial_control,erd_lr,1,109,1,0,0.2840985188249128,5,both_fists,05-06,11616
E05_spatial_control,erd_lr,1,109,0,0,0.43486749400952207,6,both_feet,05-06,11617
E05_spatial_control,erd_lr,1,109,0,0,0.33904781024004943,6,both_fists,05-06,11618
E05_spatial_control,erd_lr,1,109,0,0,0.4386899603623945,6,both_fists,05-06,11619
E05_spatial_control,erd_lr,1,109,0,0,0.4326251869053449,6,both_feet,05-06,11620
E05_spatial_control,erd_lr,1,109,0,1,0.5133966975833731,6,both_feet,05-06,11621
E05_spatial_control,erd_lr,1,109,0,1,0.508412289055674,6,both_fists,05-06,11622
E05_spatial_control,erd_lr,1,109,0,0,0.3709207911869041,6,both_fists,05-06,11623
E05_spatial_control,erd_lr,1,109,0,0,0.4986723420625691,6,both_feet,05-06,11624
E05_spatial_control,erd_lr,1,109,0,1,0.591722211827788,6,both_fists,05-06,11625
E05_spatial_control,erd_lr,1,109,0,1,0.5146663881186709,6,both_feet,05-06,11626
E05_spatial_control,erd_lr,1,109,0,0,0.4608697376298903,6,both_fists,05-06,11627
E05_spatial_control,erd_lr,1,109,0,0,0.4651460233420764,6,both_feet,05-06,11628
E05_spatial_control,erd_lr,1,109,0,0,0.4451935898746717,6,both_feet,05-06,11629
E05_spatial_control,erd_lr,1,109,0,0,0.45335841990054226,6,both_fists,05-06,11630
E05_spatial_control,erd_lr,1,109,0,0,0.449664583093156,6,both_fists,05-06,11631
E05_spatial_control,erd_lr,1,109,1,0,0.45096464368205313,7,right_fist,07-08,11632
E05_spatial_control,erd_lr,1,109,1,1,0.5708089673043197,7,left_fist,07-08,11633
E05_spatial_control,erd_lr,1,109,1,0,0.4147026884142633,7,right_fist,07-08,11634
E05_spatial_control,erd_lr,1,109,1,0,0.4289826210037961,7,left_fist,07-08,11635
E05_spatial_control,erd_lr,1,109,1,0,0.3462525095656291,7,right_fist,07-08,11636
E05_spatial_control,erd_lr,1,109,1,1,0.56599470890215,7,left_fist,07-08,11637
E05_spatial_control,erd_lr,1,109,1,0,0.4813045748078282,7,right_fist,07-08,11638
E05_spatial_control,erd_lr,1,109,1,1,0.5621774413614118,7,left_fist,07-08,11639
E05_spatial_control,erd_lr,1,109,1,1,0.5748173910206754,7,right_fist,07-08,11640
E05_spatial_control,erd_lr,1,109,1,1,0.5759695834213833,7,left_fist,07-08,11641
E05_spatial_control,erd_lr,1,109,1,1,0.5862471365222133,7,right_fist,07-08,11642
E05_spatial_control,erd_lr,1,109,1,1,0.5058777551750264,7,left_fist,07-08,11643
E05_spatial_control,erd_lr,1,109,1,1,0.5432226149986974,7,right_fist,07-08,11644
E05_spatial_control,erd_lr,1,109,1,1,0.6147372947164449,7,left_fist,07-08,11645
E05_spatial_control,erd_lr,1,109,1,0,0.47343132198431115,7,right_fist,07-08,11646
E05_spatial_control,erd_lr,1,109,0,1,0.6013946014548929,8,right_fist,07-08,11647
E05_spatial_control,erd_lr,1,109,0,0,0.4178109058770221,8,left_fist,07-08,11648
E05_spatial_control,erd_lr,1,109,0,0,0.34141739964427675,8,right_fist,07-08,11649
E05_spatial_control,erd_lr,1,109,0,1,0.553910529485319,8,left_fist,07-08,11650
E05_spatial_control,erd_lr,1,109,0,1,0.5524438455347963,8,left_fist,07-08,11651
E05_spatial_control,erd_lr,1,109,0,0,0.3328065295727996,8,right_fist,07-08,11652
E05_spatial_control,erd_lr,1,109,0,0,0.3725340047753092,8,left_fist,07-08,11653
E05_spatial_control,erd_lr,1,109,0,0,0.29754251903910967,8,right_fist,07-08,11654
E05_spatial_control,erd_lr,1,109,0,1,0.5328059343468057,8,right_fist,07-08,11655
E05_spatial_control,erd_lr,1,109,0,0,0.40780826164945383,8,left_fist,07-08,11656
E05_spatial_control,erd_lr,1,109,0,0,0.3328484354657518,8,right_fist,07-08,11657
E05_spatial_control,erd_lr,1,109,0,0,0.4179111224742602,8,left_fist,07-08,11658
E05_spatial_control,erd_lr,1,109,0,0,0.4055182952854433,8,right_fist,07-08,11659
E05_spatial_control,erd_lr,1,109,0,0,0.48516017111294946,8,left_fist,07-08,11660
E05_spatial_control,erd_lr,1,109,0,0,0.3848257470774905,8,left_fist,07-08,11661
E05_spatial_control,erd_lr,1,109,1,0,0.3928686977264354,9,both_fists,09-10,11662
E05_spatial_control,erd_lr,1,109,1,1,0.6252497472398875,9,both_fists,09-10,11663
E05_spatial_control,erd_lr,1,109,1,0,0.39428966634167295,9,both_feet,09-10,11664
E05_spatial_control,erd_lr,1,109,1,0,0.4577617982659411,9,both_feet,09-10,11665
E05_spatial_control,erd_lr,1,109,1,1,0.5876516829774159,9,both_fists,09-10,11666
E05_spatial_control,erd_lr,1,109,1,1,0.5226565880792549,9,both_fists,09-10,11667
E05_spatial_control,erd_lr,1,109,1,0,0.43681638553145985,9,both_feet,09-10,11668
E05_spatial_control,erd_lr,1,109,1,1,0.5093388305067923,9,both_fists,09-10,11669
E05_spatial_control,erd_lr,1,109,1,0,0.2961308806412852,9,both_fists,09-10,11670
E05_spatial_control,erd_lr,1,109,1,1,0.5290943206003466,9,both_fists,09-10,11671
E05_spatial_control,erd_lr,1,109,0,0,0.4513615470486473,10,both_fists,09-10,11672
E05_spatial_control,erd_lr,1,109,0,0,0.31371987906172777,10,both_feet,09-10,11673
E05_spatial_control,erd_lr,1,109,0,1,0.5121268965116351,10,both_fists,09-10,11674
E05_spatial_control,erd_lr,1,109,0,1,0.5067103774582685,10,both_feet,09-10,11675
E05_spatial_control,erd_lr,1,109,0,0,0.3960959585970103,10,both_feet,09-10,11676
E05_spatial_control,erd_lr,1,109,0,0,0.3999282652690068,10,both_fists,09-10,11677
E05_spatial_control,erd_lr,1,109,0,0,0.4805213986916415,10,both_feet,09-10,11678
E05_spatial_control,erd_lr,1,109,0,0,0.4193783569555482,10,both_fists,09-10,11679
E05_spatial_control,erd_lr,1,109,0,1,0.6255604482593595,10,both_feet,09-10,11680
E05_spatial_control,erd_lr,1,109,0,0,0.46680943680031256,10,both_fists,09-10,11681
E05_spatial_control,erd_lr,1,109,0,0,0.39366279711672125,10,both_fists,09-10,11682
E05_spatial_control,erd_lr,1,109,0,0,0.41799946458206033,10,both_feet,09-10,11683
E05_spatial_control,erd_lr,1,109,0,0,0.3780944692974484,10,both_fists,09-10,11684
E05_spatial_control,erd_lr,1,109,0,1,0.5499799241516743,10,both_feet,09-10,11685
E05_spatial_control,erd_lr,1,109,0,0,0.4135636539074068,10,both_fists,09-10,11686
E05_spatial_control,erd_lr,1,109,1,0,0.4299628076114885,11,left_fist,11-12,11687
E05_spatial_control,erd_lr,1,109,1,0,0.3106384551511324,11,right_fist,11-12,11688
E05_spatial_control,erd_lr,1,109,1,0,0.47156331656702566,11,right_fist,11-12,11689
E05_spatial_control,erd_lr,1,109,1,0,0.4346912304492224,11,left_fist,11-12,11690
E05_spatial_control,erd_lr,1,109,1,0,0.3579842854337241,11,left_fist,11-12,11691
E05_spatial_control,erd_lr,1,109,1,0,0.47826920305169224,11,right_fist,11-12,11692
E05_spatial_control,erd_lr,1,109,1,0,0.41323368050569664,11,left_fist,11-12,11693
E05_spatial_control,erd_lr,1,109,1,1,0.5234206718219157,11,right_fist,11-12,11694
E05_spatial_control,erd_lr,1,109,1,0,0.46722063894351124,11,right_fist,11-12,11695
E05_spatial_control,erd_lr,1,109,1,0,0.43946851862735714,11,left_fist,11-12,11696
E05_spatial_control,erd_lr,1,109,1,1,0.559338013610247,11,right_fist,11-12,11697
E05_spatial_control,erd_lr,1,109,1,0,0.4010944899055342,11,left_fist,11-12,11698
E05_spatial_control,erd_lr,1,109,1,0,0.3169298380115597,11,right_fist,11-12,11699
E05_spatial_control,erd_lr,1,109,1,0,0.38076609335456707,11,left_fist,11-12,11700
E05_spatial_control,erd_lr,1,109,1,1,0.6248202945908069,11,left_fist,11-12,11701
E05_spatial_control,erd_lr,1,109,0,1,0.6039347996774002,12,right_fist,11-12,11702
E05_spatial_control,erd_lr,1,109,0,1,0.6003459896643099,12,left_fist,11-12,11703
E05_spatial_control,erd_lr,1,109,0,0,0.41629287055420355,12,right_fist,11-12,11704
E05_spatial_control,erd_lr,1,109,0,1,0.5267570971907957,12,left_fist,11-12,11705
E05_spatial_control,erd_lr,1,109,0,0,0.42860715699691443,12,left_fist,11-12,11706
E05_spatial_control,erd_lr,1,109,0,1,0.5160308162481322,12,right_fist,11-12,11707
E05_spatial_control,erd_lr,1,109,0,0,0.4495632807464801,12,right_fist,11-12,11708
E05_spatial_control,erd_lr,1,109,0,1,0.570982527752463,12,left_fist,11-12,11709
E05_spatial_control,erd_lr,1,109,0,1,0.5460749943277299,12,right_fist,11-12,11710
E05_spatial_control,erd_lr,1,109,0,0,0.3879605435230397,12,left_fist,11-12,11711
E05_spatial_control,erd_lr,1,109,0,0,0.4020409415370371,12,left_fist,11-12,11712
E05_spatial_control,erd_lr,1,109,0,0,0.4777265079583414,12,right_fist,11-12,11713
E05_spatial_control,erd_lr,1,109,0,0,0.3417998422313074,12,left_fist,11-12,11714
E05_spatial_control,erd_lr,1,109,0,0,0.43972743384342566,12,right_fist,11-12,11715
E05_spatial_control,erd_lr,1,109,1,0,0.33518496965119116,13,both_fists,13-14,11716
E05_spatial_control,erd_lr,1,109,1,0,0.3598269986842094,13,both_feet,13-14,11717
E05_spatial_control,erd_lr,1,109,1,1,0.5951351874236054,13,both_feet,13-14,11718
E05_spatial_control,erd_lr,1,109,1,0,0.3645334558432019,13,both_fists,13-14,11719
E05_spatial_control,erd_lr,1,109,1,1,0.5647374456882748,13,both_fists,13-14,11720
E05_spatial_control,erd_lr,1,109,1,0,0.38840491948718037,13,both_feet,13-14,11721
E05_spatial_control,erd_lr,1,109,1,0,0.4909459321893106,13,both_feet,13-14,11722
E05_spatial_control,erd_lr,1,109,1,1,0.6178316432739486,13,both_fists,13-14,11723
E05_spatial_control,erd_lr,1,109,1,1,0.6131702798764654,13,both_fists,13-14,11724
E05_spatial_control,erd_lr,1,109,1,0,0.4742901068570094,13,both_fists,13-14,11725
E05_spatial_control,erd_lr,1,109,0,0,0.32147378454009645,14,both_fists,13-14,11726
E05_spatial_control,erd_lr,1,109,0,1,0.5200139542994401,14,both_feet,13-14,11727
E05_spatial_control,erd_lr,1,109,0,1,0.5456218830634614,14,both_fists,13-14,11728
E05_spatial_control,erd_lr,1,109,0,0,0.39651887505585154,14,both_feet,13-14,11729
E05_spatial_control,erd_lr,1,109,0,0,0.4546329329409217,14,both_fists,13-14,11730
E05_spatial_control,erd_lr,1,109,0,0,0.47004360165871123,14,both_feet,13-14,11731
E05_spatial_control,erd_lr,1,109,0,0,0.45002488610819313,14,both_fists,13-14,11732
E05_spatial_control,erd_lr,1,109,0,1,0.5874300978582784,14,both_feet,13-14,11733
E05_spatial_control,erd_lr,1,109,0,1,0.5451580138743841,14,both_feet,13-14,11734
E05_spatial_control,erd_lr,1,109,0,0,0.4896765861219763,14,both_fists,13-14,11735
E05_spatial_control,erd_lr,1,109,0,1,0.5767761696475199,14,both_feet,13-14,11736
E05_spatial_control,erd_lr,1,109,0,0,0.44909699969271943,14,both_fists,13-14,11737
E05_spatial_control,erd_lr,1,109,0,0,0.4676003858391753,14,both_fists,13-14,11738
E05_spatial_control,erd_lr,1,109,0,0,0.36130446628479534,14,both_feet,13-14,11739
E05_spatial_control,erd_lr,1,109,0,0,0.4918956898863953,14,both_feet,13-14,11740
E05_spatial_control,erd_lr,2,10,1,0,0.34419513346994113,3,right_fist,03-04,780
E05_spatial_control,erd_lr,2,10,1,0,0.38701260410228777,3,left_fist,03-04,781
E05_spatial_control,erd_lr,2,10,1,0,0.41362419308571163,3,left_fist,03-04,782
E05_spatial_control,erd_lr,2,10,1,1,0.5242618061581686,3,right_fist,03-04,783
E05_spatial_control,erd_lr,2,10,1,0,0.4310373344844307,3,right_fist,03-04,784
E05_spatial_control,erd_lr,2,10,1,1,0.658619076888466,3,left_fist,03-04,785
E05_spatial_control,erd_lr,2,10,1,0,0.43329875763184245,3,right_fist,03-04,786
E05_spatial_control,erd_lr,2,10,1,0,0.4915329341295168,3,left_fist,03-04,787
E05_spatial_control,erd_lr,2,10,1,1,0.5783980699953886,3,right_fist,03-04,788
E05_spatial_control,erd_lr,2,10,1,0,0.3932266454016134,3,left_fist,03-04,789
E05_spatial_control,erd_lr,2,10,1,1,0.569918204802392,3,right_fist,03-04,790
E05_spatial_control,erd_lr,2,10,1,0,0.49209666614605213,3,right_fist,03-04,791
E05_spatial_control,erd_lr,2,10,1,0,0.313614985547166,3,left_fist,03-04,792
E05_spatial_control,erd_lr,2,10,1,1,0.5548502290685171,3,left_fist,03-04,793
E05_spatial_control,erd_lr,2,10,0,0,0.4749652546333184,4,left_fist,03-04,794
E05_spatial_control,erd_lr,2,10,0,0,0.35440915306807325,4,right_fist,03-04,795
E05_spatial_control,erd_lr,2,10,0,0,0.4608623164194485,4,left_fist,03-04,796
E05_spatial_control,erd_lr,2,10,0,0,0.3118729564431649,4,right_fist,03-04,797
E05_spatial_control,erd_lr,2,10,0,0,0.3226028059375319,4,left_fist,03-04,798
E05_spatial_control,erd_lr,2,10,0,0,0.4135145839206159,4,right_fist,03-04,799
E05_spatial_control,erd_lr,2,10,0,1,0.5055925186941459,4,right_fist,03-04,800
E05_spatial_control,erd_lr,2,10,0,1,0.6226895793685904,4,left_fist,03-04,801
E05_spatial_control,erd_lr,2,10,0,0,0.4436167428134639,4,right_fist,03-04,802
E05_spatial_control,erd_lr,2,10,0,0,0.4057837401220275,4,left_fist,03-04,803
E05_spatial_control,erd_lr,2,10,0,0,0.4813603481890087,4,right_fist,03-04,804
E05_spatial_control,erd_lr,2,10,0,1,0.7262257999204154,4,left_fist,03-04,805
E05_spatial_control,erd_lr,2,10,0,0,0.36404861242187986,4,right_fist,03-04,806
E05_spatial_control,erd_lr,2,10,0,0,0.4141897676554428,4,left_fist,03-04,807
E05_spatial_control,erd_lr,2,10,0,0,0.3917139725797091,4,left_fist,03-04,808
E05_spatial_control,erd_lr,2,10,1,1,0.5379929311489107,5,both_feet,05-06,809
E05_spatial_control,erd_lr,2,10,1,1,0.5659170276327115,5,both_fists,05-06,810
E05_spatial_control,erd_lr,2,10,1,0,0.4675215962948479,5,both_feet,05-06,811
E05_spatial_control,erd_lr,2,10,1,0,0.4119184179285609,5,both_feet,05-06,812
E05_spatial_control,erd_lr,2,10,1,1,0.5008477064469902,5,both_fists,05-06,813
E05_spatial_control,erd_lr,2,10,1,0,0.45598166499060505,5,both_feet,05-06,814
E05_spatial_control,erd_lr,2,10,1,0,0.3984646654607458,5,both_fists,05-06,815
E05_spatial_control,erd_lr,2,10,1,0,0.41433473928664727,5,both_fists,05-06,816
E05_spatial_control,erd_lr,2,10,1,0,0.4540083642778151,5,both_fists,05-06,817
E05_spatial_control,erd_lr,2,10,1,0,0.4592803458636118,5,both_feet,05-06,818
E05_spatial_control,erd_lr,2,10,1,0,0.4742560614282789,5,both_feet,05-06,819
E05_spatial_control,erd_lr,2,10,0,0,0.46500100056706534,6,both_feet,05-06,820
E05_spatial_control,erd_lr,2,10,0,1,0.5370012351568006,6,both_fists,05-06,821
E05_spatial_control,erd_lr,2,10,0,0,0.4799899841108642,6,both_feet,05-06,822
E05_spatial_control,erd_lr,2,10,0,0,0.44078237291358835,6,both_feet,05-06,823
E05_spatial_control,erd_lr,2,10,0,1,0.5809397854826558,6,both_fists,05-06,824
E05_spatial_control,erd_lr,2,10,0,1,0.5008795144335532,6,both_feet,05-06,825
E05_spatial_control,erd_lr,2,10,0,1,0.5106127890114577,6,both_fists,05-06,826
E05_spatial_control,erd_lr,2,10,0,0,0.48395533747024033,6,both_feet,05-06,827
E05_spatial_control,erd_lr,2,10,0,0,0.477145378915786,6,both_feet,05-06,828
E05_spatial_control,erd_lr,2,10,0,1,0.6541527905764034,6,both_fists,05-06,829
E05_spatial_control,erd_lr,2,10,0,0,0.3880515717917336,6,both_feet,05-06,830
E05_spatial_control,erd_lr,2,10,1,0,0.4667418939971949,7,right_fist,07-08,831
E05_spatial_control,erd_lr,2,10,1,0,0.4388992948392826,7,left_fist,07-08,832
E05_spatial_control,erd_lr,2,10,1,0,0.4051667025095568,7,left_fist,07-08,833
E05_spatial_control,erd_lr,2,10,1,0,0.309273935157269,7,right_fist,07-08,834
E05_spatial_control,erd_lr,2,10,1,1,0.5468923756121965,7,left_fist,07-08,835
E05_spatial_control,erd_lr,2,10,1,1,0.6586965178347303,7,right_fist,07-08,836
E05_spatial_control,erd_lr,2,10,1,0,0.42975458027943725,7,right_fist,07-08,837
E05_spatial_control,erd_lr,2,10,1,1,0.576771010674835,7,left_fist,07-08,838
E05_spatial_control,erd_lr,2,10,1,1,0.5460260767048201,7,left_fist,07-08,839
E05_spatial_control,erd_lr,2,10,1,1,0.5068730709940311,7,right_fist,07-08,840
E05_spatial_control,erd_lr,2,10,1,0,0.4345997540783142,7,right_fist,07-08,841
E05_spatial_control,erd_lr,2,10,1,0,0.30754857336640457,7,left_fist,07-08,842
E05_spatial_control,erd_lr,2,10,1,1,0.6447309085609559,7,left_fist,07-08,843
E05_spatial_control,erd_lr,2,10,1,0,0.49021080908941633,7,right_fist,07-08,844
E05_spatial_control,erd_lr,2,10,0,0,0.27519899864669256,8,right_fist,07-08,845
E05_spatial_control,erd_lr,2,10,0,0,0.4349726648941119,8,left_fist,07-08,846
E05_spatial_control,erd_lr,2,10,0,0,0.4204187080971526,8,right_fist,07-08,847
E05_spatial_control,erd_lr,2,10,0,0,0.4115447817136669,8,right_fist,07-08,848
E05_spatial_control,erd_lr,2,10,0,0,0.3281630544155622,8,left_fist,07-08,849
E05_spatial_control,erd_lr,2,10,0,0,0.48369204538346466,8,left_fist,07-08,850
E05_spatial_control,erd_lr,2,10,0,0,0.35715174838607827,8,right_fist,07-08,851
E05_spatial_control,erd_lr,2,10,0,0,0.4020287087102179,8,left_fist,07-08,852
E05_spatial_control,erd_lr,2,10,0,0,0.44890975290201884,8,right_fist,07-08,853
E05_spatial_control,erd_lr,2,10,0,0,0.4298104228263419,8,left_fist,07-08,854
E05_spatial_control,erd_lr,2,10,0,0,0.47066431417025306,8,left_fist,07-08,855
E05_spatial_control,erd_lr,2,10,0,0,0.3587585263460883,8,right_fist,07-08,856
E05_spatial_control,erd_lr,2,10,0,1,0.5129296946302077,8,left_fist,07-08,857
E05_spatial_control,erd_lr,2,10,1,1,0.5698285103220114,9,both_feet,09-10,858
E05_spatial_control,erd_lr,2,10,1,0,0.482713684239952,9,both_fists,09-10,859
E05_spatial_control,erd_lr,2,10,1,0,0.4903371411564524,9,both_feet,09-10,860
E05_spatial_control,erd_lr,2,10,1,0,0.485912486938989,9,both_fists,09-10,861
E05_spatial_control,erd_lr,2,10,1,1,0.6436830253997197,9,both_feet,09-10,862
E05_spatial_control,erd_lr,2,10,1,1,0.6274269035499772,9,both_fists,09-10,863
E05_spatial_control,erd_lr,2,10,1,0,0.4726775411132326,9,both_feet,09-10,864
E05_spatial_control,erd_lr,2,10,1,1,0.5728123475193746,9,both_fists,09-10,865
E05_spatial_control,erd_lr,2,10,1,1,0.5819182841935937,9,both_fists,09-10,866
E05_spatial_control,erd_lr,2,10,1,1,0.6301821714092938,9,both_feet,09-10,867
E05_spatial_control,erd_lr,2,10,1,0,0.3676007244887864,9,both_fists,09-10,868
E05_spatial_control,erd_lr,2,10,0,0,0.3803104920289074,10,both_feet,09-10,869
E05_spatial_control,erd_lr,2,10,0,1,0.73869550708132,10,both_fists,09-10,870
E05_spatial_control,erd_lr,2,10,0,0,0.3647678124714286,10,both_feet,09-10,871
E05_spatial_control,erd_lr,2,10,0,1,0.5015586371788829,10,both_fists,09-10,872
E05_spatial_control,erd_lr,2,10,0,1,0.5312602693638248,10,both_feet,09-10,873
E05_spatial_control,erd_lr,2,10,0,0,0.36823587390602974,10,both_fists,09-10,874
E05_spatial_control,erd_lr,2,10,0,1,0.5805422731783961,10,both_fists,09-10,875
E05_spatial_control,erd_lr,2,10,0,1,0.5074537769428052,10,both_feet,09-10,876
E05_spatial_control,erd_lr,2,10,0,1,0.5151777624307264,10,both_feet,09-10,877
E05_spatial_control,erd_lr,2,10,0,0,0.4134368275112899,10,both_fists,09-10,878
E05_spatial_control,erd_lr,2,10,0,0,0.42995883347415326,10,both_feet,09-10,879
E05_spatial_control,erd_lr,2,10,0,1,0.5027064170611764,10,both_fists,09-10,880
E05_spatial_control,erd_lr,2,10,1,0,0.47992958876385844,11,left_fist,11-12,881
E05_spatial_control,erd_lr,2,10,1,1,0.5013643623562802,11,right_fist,11-12,882
E05_spatial_control,erd_lr,2,10,1,1,0.5627355955845392,11,right_fist,11-12,883
E05_spatial_control,erd_lr,2,10,1,1,0.6440919229214866,11,right_fist,11-12,884
E05_spatial_control,erd_lr,2,10,1,1,0.7013537187380352,11,left_fist,11-12,885
E05_spatial_control,erd_lr,2,10,1,0,0.49621234261006736,11,left_fist,11-12,886
E05_spatial_control,erd_lr,2,10,1,0,0.27052155080422546,11,right_fist,11-12,887
E05_spatial_control,erd_lr,2,10,1,0,0.47540852225271446,11,left_fist,11-12,888
E05_spatial_control,erd_lr,2,10,1,1,0.5207193451707013,11,right_fist,11-12,889
E05_spatial_control,erd_lr,2,10,1,1,0.5343814558523139,11,right_fist,11-12,890
E05_spatial_control,erd_lr,2,10,1,1,0.603652239903922,11,left_fist,11-12,891
E05_spatial_control,erd_lr,2,10,0,0,0.47176704021605415,12,left_fist,11-12,892
E05_spatial_control,erd_lr,2,10,0,0,0.33156043465203283,12,right_fist,11-12,893
E05_spatial_control,erd_lr,2,10,0,1,0.5137850556274809,12,right_fist,11-12,894
E05_spatial_control,erd_lr,2,10,0,1,0.5042202672073888,12,left_fist,11-12,895
E05_spatial_control,erd_lr,2,10,0,0,0.4153111924000547,12,left_fist,11-12,896
E05_spatial_control,erd_lr,2,10,0,1,0.6075779891956956,12,left_fist,11-12,897
E05_spatial_control,erd_lr,2,10,0,0,0.4903991572384924,12,right_fist,11-12,898
E05_spatial_control,erd_lr,2,10,0,1,0.5305680165756588,12,left_fist,11-12,899
E05_spatial_control,erd_lr,2,10,0,0,0.46747470141905567,12,right_fist,11-12,900
E05_spatial_control,erd_lr,2,10,0,1,0.5742741048287044,12,left_fist,11-12,901
E05_spatial_control,erd_lr,2,10,0,1,0.5590604510270983,12,right_fist,11-12,902
E05_spatial_control,erd_lr,2,10,0,1,0.620022876774035,12,right_fist,11-12,903
E05_spatial_control,erd_lr,2,10,0,1,0.539300278969441,12,left_fist,11-12,904
E05_spatial_control,erd_lr,2,10,0,1,0.5511501125298146,12,left_fist,11-12,905
E05_spatial_control,erd_lr,2,10,1,0,0.3679698534950454,13,both_feet,13-14,906
E05_spatial_control,erd_lr,2,10,1,1,0.5631603415063744,13,both_fists,13-14,907
E05_spatial_control,erd_lr,2,10,1,0,0.4788462322733949,13,both_fists,13-14,908
E05_spatial_control,erd_lr,2,10,1,0,0.47172474784239216,13,both_feet,13-14,909
E05_spatial_control,erd_lr,2,10,1,0,0.43745769335351786,13,both_feet,13-14,910
E05_spatial_control,erd_lr,2,10,1,1,0.5273393830555749,13,both_fists,13-14,911
E05_spatial_control,erd_lr,2,10,1,1,0.5161431050735266,13,both_fists,13-14,912
E05_spatial_control,erd_lr,2,10,1,0,0.4427090626976531,13,both_feet,13-14,913
E05_spatial_control,erd_lr,2,10,1,1,0.5242100286738468,13,both_fists,13-14,914
E05_spatial_control,erd_lr,2,10,1,0,0.48778096776748264,13,both_feet,13-14,915
E05_spatial_control,erd_lr,2,10,1,1,0.7045093921650794,13,both_fists,13-14,916
E05_spatial_control,erd_lr,2,10,1,1,0.5220708597875695,13,both_feet,13-14,917
E05_spatial_control,erd_lr,2,10,1,1,0.6544460291977479,13,both_fists,13-14,918
E05_spatial_control,erd_lr,2,10,1,1,0.6295223506743923,13,both_feet,13-14,919
E05_spatial_control,erd_lr,2,10,0,1,0.6567940782647266,14,both_fists,13-14,920
E05_spatial_control,erd_lr,2,10,0,1,0.5011759841436272,14,both_feet,13-14,921
E05_spatial_control,erd_lr,2,10,0,0,0.4073705284545875,14,both_fists,13-14,922
E05_spatial_control,erd_lr,2,10,0,1,0.5012926459184986,14,both_feet,13-14,923
E05_spatial_control,erd_lr,2,10,0,0,0.463018418294039,14,both_fists,13-14,924
E05_spatial_control,erd_lr,2,10,0,1,0.5740023033993944,14,both_feet,13-14,925
E05_spatial_control,erd_lr,2,10,0,0,0.4035275742154457,14,both_fists,13-14,926
E05_spatial_control,erd_lr,2,10,0,0,0.4436207574506081,14,both_fists,13-14,927
E05_spatial_control,erd_lr,2,10,0,1,0.6057296886956285,14,both_feet,13-14,928
E05_spatial_control,erd_lr,2,10,0,0,0.46438302241135454,14,both_feet,13-14,929
E05_spatial_control,erd_lr,2,10,0,1,0.5995528326868951,14,both_fists,13-14,930
E05_spatial_control,erd_lr,2,10,0,0,0.4751698615021466,14,both_feet,13-14,931
E05_spatial_control,erd_lr,2,10,0,1,0.5091363997963,14,both_fists,13-14,932
E05_spatial_control,erd_lr,2,10,0,1,0.6283856636704769,14,both_fists,13-14,933
E05_spatial_control,erd_lr,2,18,1,0,0.4797505103114396,3,right_fist,03-04,1714
E05_spatial_control,erd_lr,2,18,1,1,0.5370486777786255,3,left_fist,03-04,1715
E05_spatial_control,erd_lr,2,18,1,0,0.37526126328109294,3,left_fist,03-04,1716
E05_spatial_control,erd_lr,2,18,1,1,0.595445921435676,3,right_fist,03-04,1717
E05_spatial_control,erd_lr,2,18,1,0,0.49845287471173383,3,left_fist,03-04,1718
E05_spatial_control,erd_lr,2,18,1,1,0.6262143954785127,3,right_fist,03-04,1719
E05_spatial_control,erd_lr,2,18,1,0,0.41927150351536,3,right_fist,03-04,1720
E05_spatial_control,erd_lr,2,18,1,1,0.5829288539023318,3,left_fist,03-04,1721
E05_spatial_control,erd_lr,2,18,1,1,0.6441839474427599,3,right_fist,03-04,1722
E05_spatial_control,erd_lr,2,18,1,0,0.42906000293333685,3,left_fist,03-04,1723
E05_spatial_control,erd_lr,2,18,1,0,0.41567186945994045,3,left_fist,03-04,1724
E05_spatial_control,erd_lr,2,18,1,0,0.4369036017777856,3,right_fist,03-04,1725
E05_spatial_control,erd_lr,2,18,1,0,0.41967622580654895,3,right_fist,03-04,1726
E05_spatial_control,erd_lr,2,18,1,1,0.561959544819886,3,left_fist,03-04,1727
E05_spatial_control,erd_lr,2,18,1,1,0.6530154874180826,3,left_fist,03-04,1728
E05_spatial_control,erd_lr,2,18,0,1,0.5770058767774674,4,right_fist,03-04,1729
E05_spatial_control,erd_lr,2,18,0,1,0.5445317595654594,4,left_fist,03-04,1730
E05_spatial_control,erd_lr,2,18,0,0,0.3826310211601962,4,left_fist,03-04,1731
E05_spatial_control,erd_lr,2,18,0,0,0.45457242611497783,4,right_fist,03-04,1732
E05_spatial_control,erd_lr,2,18,0,1,0.555618125165413,4,left_fist,03-04,1733
E05_spatial_control,erd_lr,2,18,0,0,0.47412343330967777,4,right_fist,03-04,1734
E05_spatial_control,erd_lr,2,18,0,1,0.6700826626169276,4,right_fist,03-04,1735
E05_spatial_control,erd_lr,2,18,0,1,0.5901070554342892,4,left_fist,03-04,1736
E05_spatial_control,erd_lr,2,18,0,0,0.4582638735043188,4,left_fist,03-04,1737
E05_spatial_control,erd_lr,2,18,0,0,0.48427129991702716,4,right_fist,03-04,1738
E05_spatial_control,erd_lr,2,18,0,0,0.33798392987860887,4,left_fist,03-04,1739
E05_spatial_control,erd_lr,2,18,0,0,0.4669330912026975,4,right_fist,03-04,1740
E05_spatial_control,erd_lr,2,18,0,0,0.42919908029570153,4,right_fist,03-04,1741
E05_spatial_control,erd_lr,2,18,0,1,0.5355616275981625,4,left_fist,03-04,1742
E05_spatial_control,erd_lr,2,18,0,1,0.5252928124073867,4,right_fist,03-04,1743
E05_spatial_control,erd_lr,2,18,1,0,0.46850944380644677,5,both_fists,05-06,1744
E05_spatial_control,erd_lr,2,18,1,1,0.6340430294279437,5,both_feet,05-06,1745
E05_spatial_control,erd_lr,2,18,1,1,0.6391884138693879,5,both_feet,05-06,1746
E05_spatial_control,erd_lr,2,18,1,0,0.4299970025190445,5,both_fists,05-06,1747
E05_spatial_control,erd_lr,2,18,1,1,0.7078415528174631,5,both_fists,05-06,1748
E05_spatial_control,erd_lr,2,18,1,1,0.5159425537097225,5,both_feet,05-06,1749
E05_spatial_control,erd_lr,2,18,1,1,0.54881110615678,5,both_fists,05-06,1750
E05_spatial_control,erd_lr,2,18,1,1,0.5092801598753018,5,both_feet,05-06,1751
E05_spatial_control,erd_lr,2,18,1,1,0.6027728873214485,5,both_fists,05-06,1752
E05_spatial_control,erd_lr,2,18,1,1,0.6360157230532024,5,both_feet,05-06,1753
E05_spatial_control,erd_lr,2,18,1,1,0.5995932413736274,5,both_fists,05-06,1754
E05_spatial_control,erd_lr,2,18,1,1,0.5872991188751894,5,both_feet,05-06,1755
E05_spatial_control,erd_lr,2,18,1,0,0.493120927632133,5,both_fists,05-06,1756
E05_spatial_control,erd_lr,2,18,1,1,0.6079202438724117,5,both_feet,05-06,1757
E05_spatial_control,erd_lr,2,18,1,0,0.3834189887685611,5,both_fists,05-06,1758
E05_spatial_control,erd_lr,2,18,0,1,0.5043268771876899,6,both_feet,05-06,1759
E05_spatial_control,erd_lr,2,18,0,0,0.4517426457633775,6,both_fists,05-06,1760
E05_spatial_control,erd_lr,2,18,0,0,0.4626461880715844,6,both_fists,05-06,1761
E05_spatial_control,erd_lr,2,18,0,0,0.35447217279088095,6,both_feet,05-06,1762
E05_spatial_control,erd_lr,2,18,0,0,0.430860466502994,6,both_feet,05-06,1763
E05_spatial_control,erd_lr,2,18,0,0,0.4262375323497764,6,both_fists,05-06,1764
E05_spatial_control,erd_lr,2,18,0,0,0.31108704304744694,6,both_fists,05-06,1765
E05_spatial_control,erd_lr,2,18,0,0,0.3749355543450494,6,both_feet,05-06,1766
E05_spatial_control,erd_lr,2,18,0,0,0.2689125303063223,6,both_fists,05-06,1767
E05_spatial_control,erd_lr,2,18,0,0,0.4156249409591032,6,both_feet,05-06,1768
E05_spatial_control,erd_lr,2,18,0,1,0.598016299098927,6,both_feet,05-06,1769
E05_spatial_control,erd_lr,2,18,0,1,0.5040328974702629,6,both_fists,05-06,1770
E05_spatial_control,erd_lr,2,18,0,0,0.38846774287956415,6,both_feet,05-06,1771
E05_spatial_control,erd_lr,2,18,0,0,0.41129039341622914,6,both_fists,05-06,1772
E05_spatial_control,erd_lr,2,18,0,0,0.23913841614788237,6,both_feet,05-06,1773
E05_spatial_control,erd_lr,2,18,1,1,0.543823824961838,7,right_fist,07-08,1774
E05_spatial_control,erd_lr,2,18,1,1,0.6003007495612336,7,left_fist,07-08,1775
E05_spatial_control,erd_lr,2,18,1,1,0.5362226725775688,7,right_fist,07-08,1776
E05_spatial_control,erd_lr,2,18,1,1,0.5768367593582163,7,left_fist,07-08,1777
E05_spatial_control,erd_lr,2,18,1,0,0.4930491283337001,7,right_fist,07-08,1778
E05_spatial_control,erd_lr,2,18,1,0,0.38174162393874383,7,left_fist,07-08,1779
E05_spatial_control,erd_lr,2,18,1,1,0.5117464910905374,7,right_fist,07-08,1780
E05_spatial_control,erd_lr,2,18,1,0,0.377383101965335,7,left_fist,07-08,1781
E05_spatial_control,erd_lr,2,18,1,1,0.5517102122804916,7,left_fist,07-08,1782
E05_spatial_control,erd_lr,2,18,1,1,0.606134075804869,7,right_fist,07-08,1783
E05_spatial_control,erd_lr,2,18,1,1,0.5830022930862447,7,right_fist,07-08,1784
E05_spatial_control,erd_lr,2,18,1,1,0.5547143417545283,7,left_fist,07-08,1785
E05_spatial_control,erd_lr,2,18,1,1,0.5602820082743861,7,left_fist,07-08,1786
E05_spatial_control,erd_lr,2,18,1,1,0.5465487861193026,7,right_fist,07-08,1787
E05_spatial_control,erd_lr,2,18,1,0,0.46229706134340326,7,right_fist,07-08,1788
E05_spatial_control,erd_lr,2,18,0,1,0.526485296061305,8,right_fist,07-08,1789
E05_spatial_control,erd_lr,2,18,0,0,0.4259771216711659,8,left_fist,07-08,1790
E05_spatial_control,erd_lr,2,18,0,0,0.47564320497911505,8,left_fist,07-08,1791
E05_spatial_control,erd_lr,2,18,0,0,0.32823064546764935,8,right_fist,07-08,1792
E05_spatial_control,erd_lr,2,18,0,0,0.35301294857013826,8,left_fist,07-08,1793
E05_spatial_control,erd_lr,2,18,0,0,0.4698936216949432,8,right_fist,07-08,1794
E05_spatial_control,erd_lr,2,18,0,0,0.43212906311529514,8,left_fist,07-08,1795
E05_spatial_control,erd_lr,2,18,0,0,0.4362489695140903,8,right_fist,07-08,1796
E05_spatial_control,erd_lr,2,18,0,0,0.4420255112287907,8,left_fist,07-08,1797
E05_spatial_control,erd_lr,2,18,0,1,0.6591121233828009,8,right_fist,07-08,1798
E05_spatial_control,erd_lr,2,18,0,0,0.4431389115970669,8,left_fist,07-08,1799
E05_spatial_control,erd_lr,2,18,0,0,0.4760164485955208,8,right_fist,07-08,1800
E05_spatial_control,erd_lr,2,18,0,0,0.4679240144011598,8,right_fist,07-08,1801
E05_spatial_control,erd_lr,2,18,0,0,0.30017916076687556,8,left_fist,07-08,1802
E05_spatial_control,erd_lr,2,18,0,0,0.46332260722690966,8,left_fist,07-08,1803
E05_spatial_control,erd_lr,2,18,1,0,0.4788465794306213,9,both_feet,09-10,1804
E05_spatial_control,erd_lr,2,18,1,1,0.5132831483196297,9,both_fists,09-10,1805
E05_spatial_control,erd_lr,2,18,1,1,0.6751992904972047,9,both_feet,09-10,1806
E05_spatial_control,erd_lr,2,18,1,1,0.5307337327162366,9,both_fists,09-10,1807
E05_spatial_control,erd_lr,2,18,1,0,0.4336288944628016,9,both_fists,09-10,1808
E05_spatial_control,erd_lr,2,18,1,1,0.553670935382807,9,both_feet,09-10,1809
E05_spatial_control,erd_lr,2,18,1,1,0.5190388793554055,9,both_feet,09-10,1810
E05_spatial_control,erd_lr,2,18,1,1,0.6204086013383194,9,both_fists,09-10,1811
E05_spatial_control,erd_lr,2,18,1,1,0.5801886742540808,9,both_fists,09-10,1812
E05_spatial_control,erd_lr,2,18,1,1,0.53375290621926,9,both_feet,09-10,1813
E05_spatial_control,erd_lr,2,18,1,0,0.371040872108777,9,both_feet,09-10,1814
E05_spatial_control,erd_lr,2,18,1,0,0.3986623408393049,9,both_fists,09-10,1815
E05_spatial_control,erd_lr,2,18,1,0,0.46735318455655106,9,both_fists,09-10,1816
E05_spatial_control,erd_lr,2,18,1,0,0.3863637907265769,9,both_feet,09-10,1817
E05_spatial_control,erd_lr,2,18,1,0,0.44769741683613773,9,both_fists,09-10,1818
E05_spatial_control,erd_lr,2,18,0,1,0.5057199616638319,10,both_feet,09-10,1819
E05_spatial_control,erd_lr,2,18,0,0,0.48854865442725925,10,both_fists,09-10,1820
E05_spatial_control,erd_lr,2,18,0,0,0.39751228418688034,10,both_feet,09-10,1821
E05_spatial_control,erd_lr,2,18,0,0,0.4680479111533417,10,both_fists,09-10,1822
E05_spatial_control,erd_lr,2,18,0,0,0.32308585694672864,10,both_feet,09-10,1823
E05_spatial_control,erd_lr,2,18,0,0,0.35407120240335915,10,both_fists,09-10,1824
E05_spatial_control,erd_lr,2,18,0,0,0.3030915052905745,10,both_fists,09-10,1825
E05_spatial_control,erd_lr,2,18,0,0,0.3122772919095125,10,both_feet,09-10,1826
E05_spatial_control,erd_lr,2,18,0,0,0.42668851976212485,10,both_feet,09-10,1827
E05_spatial_control,erd_lr,2,18,0,0,0.37607452983575673,10,both_fists,09-10,1828
E05_spatial_control,erd_lr,2,18,0,0,0.35155240054345843,10,both_fists,09-10,1829
E05_spatial_control,erd_lr,2,18,0,0,0.42980920928432786,10,both_feet,09-10,1830
E05_spatial_control,erd_lr,2,18,0,0,0.43193350300148714,10,both_fists,09-10,1831
E05_spatial_control,erd_lr,2,18,0,0,0.4075797060111129,10,both_feet,09-10,1832
E05_spatial_control,erd_lr,2,18,0,0,0.250536134727173,10,both_feet,09-10,1833
E05_spatial_control,erd_lr,2,18,1,0,0.48233342358582326,11,left_fist,11-12,1834
E05_spatial_control,erd_lr,2,18,1,1,0.6197206300242932,11,right_fist,11-12,1835
E05_spatial_control,erd_lr,2,18,1,1,0.5876461151707344,11,right_fist,11-12,1836
E05_spatial_control,erd_lr,2,18,1,0,0.37791479831137387,11,left_fist,11-12,1837
E05_spatial_control,erd_lr,2,18,1,1,0.578679230594675,11,right_fist,11-12,1838
E05_spatial_control,erd_lr,2,18,1,1,0.5600551152857248,11,left_fist,11-12,1839
E05_spatial_control,erd_lr,2,18,1,1,0.6980913943829133,11,left_fist,11-12,1840
E05_spatial_control,erd_lr,2,18,1,1,0.6274910520349599,11,right_fist,11-12,1841
E05_spatial_control,erd_lr,2,18,1,0,0.4003050808043784,11,left_fist,11-12,1842
E05_spatial_control,erd_lr,2,18,1,1,0.5912077266960882,11,right_fist,11-12,1843
E05_spatial_control,erd_lr,2,18,1,0,0.4889103611514702,11,left_fist,11-12,1844
E05_spatial_control,erd_lr,2,18,1,0,0.43883414360644313,11,right_fist,11-12,1845
E05_spatial_control,erd_lr,2,18,1,1,0.5098512003995275,11,right_fist,11-12,1846
E05_spatial_control,erd_lr,2,18,1,1,0.5351710997733673,11,left_fist,11-12,1847
E05_spatial_control,erd_lr,2,18,1,0,0.30911796562702154,11,right_fist,11-12,1848
E05_spatial_control,erd_lr,2,18,0,0,0.3607033040105333,12,left_fist,11-12,1849
E05_spatial_control,erd_lr,2,18,0,0,0.4994152407192069,12,right_fist,11-12,1850
E05_spatial_control,erd_lr,2,18,0,0,0.38660972187226045,12,right_fist,11-12,1851
E05_spatial_control,erd_lr,2,18,0,1,0.5304776819717842,12,left_fist,11-12,1852
E05_spatial_control,erd_lr,2,18,0,0,0.4855336056971654,12,left_fist,11-12,1853
E05_spatial_control,erd_lr,2,18,0,0,0.31689605354553974,12,right_fist,11-12,1854
E05_spatial_control,erd_lr,2,18,0,0,0.3353400020833657,12,left_fist,11-12,1855
E05_spatial_control,erd_lr,2,18,0,0,0.3164112555280762,12,right_fist,11-12,1856
E05_spatial_control,erd_lr,2,18,0,0,0.4767785845315767,12,right_fist,11-12,1857
E05_spatial_control,erd_lr,2,18,0,0,0.4330512776685682,12,left_fist,11-12,1858
E05_spatial_control,erd_lr,2,18,0,0,0.3318931603035788,12,right_fist,11-12,1859
E05_spatial_control,erd_lr,2,18,0,0,0.40059510985428315,12,left_fist,11-12,1860
E05_spatial_control,erd_lr,2,18,0,1,0.6141884297438751,12,left_fist,11-12,1861
E05_spatial_control,erd_lr,2,18,0,0,0.4896288549134146,12,right_fist,11-12,1862
E05_spatial_control,erd_lr,2,18,0,1,0.6109388588069572,12,right_fist,11-12,1863
E05_spatial_control,erd_lr,2,18,1,0,0.4810184862335691,13,both_feet,13-14,1864
E05_spatial_control,erd_lr,2,18,1,0,0.3762947495759706,13,both_fists,13-14,1865
E05_spatial_control,erd_lr,2,18,1,1,0.5283084245071953,13,both_fists,13-14,1866
E05_spatial_control,erd_lr,2,18,1,1,0.5955602467802003,13,both_feet,13-14,1867
E05_spatial_control,erd_lr,2,18,1,0,0.48655486297947725,13,both_fists,13-14,1868
E05_spatial_control,erd_lr,2,18,1,1,0.5975614209028663,13,both_feet,13-14,1869
E05_spatial_control,erd_lr,2,18,1,1,0.5086679043989588,13,both_feet,13-14,1870
E05_spatial_control,erd_lr,2,18,1,0,0.393276899377518,13,both_fists,13-14,1871
E05_spatial_control,erd_lr,2,18,1,0,0.44749762229015055,13,both_fists,13-14,1872
E05_spatial_control,erd_lr,2,18,1,0,0.3926665928282479,13,both_feet,13-14,1873
E05_spatial_control,erd_lr,2,18,1,1,0.5009051110550092,13,both_fists,13-14,1874
E05_spatial_control,erd_lr,2,18,1,0,0.3793698690651226,13,both_feet,13-14,1875
E05_spatial_control,erd_lr,2,18,1,0,0.4912887369238947,13,both_feet,13-14,1876
E05_spatial_control,erd_lr,2,18,1,0,0.3687202480000206,13,both_fists,13-14,1877
E05_spatial_control,erd_lr,2,18,1,0,0.45393815150765066,13,both_fists,13-14,1878
E05_spatial_control,erd_lr,2,18,0,0,0.4702930310634804,14,both_feet,13-14,1879
E05_spatial_control,erd_lr,2,18,0,0,0.2427495833414291,14,both_fists,13-14,1880
E05_spatial_control,erd_lr,2,18,0,0,0.27522163373437625,14,both_feet,13-14,1881
E05_spatial_control,erd_lr,2,18,0,1,0.5027987917896699,14,both_fists,13-14,1882
E05_spatial_control,erd_lr,2,18,0,0,0.3802563524701106,14,both_fists,13-14,1883
E05_spatial_control,erd_lr,2,18,0,0,0.49750569838396513,14,both_feet,13-14,1884
E05_spatial_control,erd_lr,2,18,0,0,0.43535737528305685,14,both_fists,13-14,1885
E05_spatial_control,erd_lr,2,18,0,0,0.31919208071328936,14,both_feet,13-14,1886
E05_spatial_control,erd_lr,2,18,0,0,0.3802642784116408,14,both_feet,13-14,1887
E05_spatial_control,erd_lr,2,18,0,1,0.5851519773998218,14,both_fists,13-14,1888
E05_spatial_control,erd_lr,2,18,0,0,0.45370896544437833,14,both_fists,13-14,1889
E05_spatial_control,erd_lr,2,18,0,0,0.32517161857013216,14,both_feet,13-14,1890
E05_spatial_control,erd_lr,2,18,0,0,0.3837851983868827,14,both_feet,13-14,1891
E05_spatial_control,erd_lr,2,18,0,0,0.3623575512011787,14,both_fists,13-14,1892
E05_spatial_control,erd_lr,2,18,0,0,0.45590398017025646,14,both_fists,13-14,1893
E05_spatial_control,erd_lr,2,20,1,0,0.37519446229662945,3,left_fist,03-04,1894
E05_spatial_control,erd_lr,2,20,1,0,0.4935190152476525,3,right_fist,03-04,1895
E05_spatial_control,erd_lr,2,20,1,1,0.6197574207614414,3,right_fist,03-04,1896
E05_spatial_control,erd_lr,2,20,1,1,0.5542145813028193,3,left_fist,03-04,1897
E05_spatial_control,erd_lr,2,20,1,0,0.49289732108638906,3,right_fist,03-04,1898
E05_spatial_control,erd_lr,2,20,1,1,0.5324670488947999,3,left_fist,03-04,1899
E05_spatial_control,erd_lr,2,20,1,1,0.5245153437669205,3,right_fist,03-04,1900
E05_spatial_control,erd_lr,2,20,1,0,0.2874432061156534,3,left_fist,03-04,1901
E05_spatial_control,erd_lr,2,20,1,0,0.4395515142279853,3,right_fist,03-04,1902
E05_spatial_control,erd_lr,2,20,1,1,0.7277611492687076,3,left_fist,03-04,1903
E05_spatial_control,erd_lr,2,20,1,1,0.5071784976606127,3,right_fist,03-04,1904
E05_spatial_control,erd_lr,2,20,1,1,0.583422235981976,3,left_fist,03-04,1905
E05_spatial_control,erd_lr,2,20,1,1,0.5580297718875341,3,right_fist,03-04,1906
E05_spatial_control,erd_lr,2,20,1,1,0.7973797657145377,3,left_fist,03-04,1907
E05_spatial_control,erd_lr,2,20,1,0,0.45219351884311276,3,right_fist,03-04,1908
E05_spatial_control,erd_lr,2,20,0,0,0.45235010587371394,4,left_fist,03-04,1909
E05_spatial_control,erd_lr,2,20,0,1,0.5465365617237049,4,right_fist,03-04,1910
E05_spatial_control,erd_lr,2,20,0,0,0.4708126631121829,4,right_fist,03-04,1911
E05_spatial_control,erd_lr,2,20,0,1,0.5422136767977992,4,left_fist,03-04,1912
E05_spatial_control,erd_lr,2,20,0,1,0.5122739890361011,4,right_fist,03-04,1913
E05_spatial_control,erd_lr,2,20,0,0,0.4608405946653716,4,left_fist,03-04,1914
E05_spatial_control,erd_lr,2,20,0,1,0.597916637353562,4,left_fist,03-04,1915
E05_spatial_control,erd_lr,2,20,0,1,0.5978388630674504,4,right_fist,03-04,1916
E05_spatial_control,erd_lr,2,20,0,1,0.581023363522389,4,left_fist,03-04,1917
E05_spatial_control,erd_lr,2,20,0,1,0.5099031712202882,4,right_fist,03-04,1918
E05_spatial_control,erd_lr,2,20,0,0,0.46416037405275656,4,right_fist,03-04,1919
E05_spatial_control,erd_lr,2,20,0,1,0.6815053378532601,4,left_fist,03-04,1920
E05_spatial_control,erd_lr,2,20,0,1,0.6057112383112403,4,right_fist,03-04,1921
E05_spatial_control,erd_lr,2,20,0,1,0.565453342473757,4,left_fist,03-04,1922
E05_spatial_control,erd_lr,2,20,0,0,0.36985999451216195,4,right_fist,03-04,1923
E05_spatial_control,erd_lr,2,20,1,1,0.5070207440143958,5,both_feet,05-06,1924
E05_spatial_control,erd_lr,2,20,1,0,0.36540424759552215,5,both_fists,05-06,1925
E05_spatial_control,erd_lr,2,20,1,0,0.396948946253531,5,both_fists,05-06,1926
E05_spatial_control,erd_lr,2,20,1,1,0.5458491064274297,5,both_feet,05-06,1927
E05_spatial_control,erd_lr,2,20,1,1,0.5995223300189223,5,both_feet,05-06,1928
E05_spatial_control,erd_lr,2,20,1,1,0.5331000921838112,5,both_fists,05-06,1929
E05_spatial_control,erd_lr,2,20,1,0,0.4420000212694594,5,both_fists,05-06,1930
E05_spatial_control,erd_lr,2,20,1,0,0.48886904472451603,5,both_feet,05-06,1931
E05_spatial_control,erd_lr,2,20,1,1,0.5226302067540011,5,both_feet,05-06,1932
E05_spatial_control,erd_lr,2,20,1,0,0.45133116735581374,5,both_fists,05-06,1933
E05_spatial_control,erd_lr,2,20,1,1,0.6214420450918213,5,both_fists,05-06,1934
E05_spatial_control,erd_lr,2,20,1,1,0.6366711804698417,5,both_feet,05-06,1935
E05_spatial_control,erd_lr,2,20,1,0,0.33055456210281403,5,both_feet,05-06,1936
E05_spatial_control,erd_lr,2,20,1,0,0.24075918150305864,5,both_fists,05-06,1937
E05_spatial_control,erd_lr,2,20,1,1,0.5173741455481722,5,both_feet,05-06,1938
E05_spatial_control,erd_lr,2,20,0,1,0.704186270896809,6,both_fists,05-06,1939
E05_spatial_control,erd_lr,2,20,0,0,0.37078546150225156,6,both_feet,05-06,1940
E05_spatial_control,erd_lr,2,20,0,0,0.4838349972901841,6,both_feet,05-06,1941
E05_spatial_control,erd_lr,2,20,0,0,0.4510174022667953,6,both_fists,05-06,1942
E05_spatial_control,erd_lr,2,20,0,1,0.594337550305098,6,both_fists,05-06,1943
E05_spatial_control,erd_lr,2,20,0,0,0.4363200755272686,6,both_feet,05-06,1944
E05_spatial_control,erd_lr,2,20,0,1,0.656387635525462,6,both_feet,05-06,1945
E05_spatial_control,erd_lr,2,20,0,1,0.5551506984800563,6,both_fists,05-06,1946
E05_spatial_control,erd_lr,2,20,0,0,0.41141138723186127,6,both_feet,05-06,1947
E05_spatial_control,erd_lr,2,20,0,0,0.2107023757979383,6,both_fists,05-06,1948
E05_spatial_control,erd_lr,2,20,0,0,0.3646369263179674,6,both_fists,05-06,1949
E05_spatial_control,erd_lr,2,20,0,1,0.5933457308412954,6,both_feet,05-06,1950
E05_spatial_control,erd_lr,2,20,0,1,0.5825486576879041,6,both_fists,05-06,1951
E05_spatial_control,erd_lr,2,20,0,0,0.42342425175573295,6,both_feet,05-06,1952
E05_spatial_control,erd_lr,2,20,0,1,0.6114477955544272,6,both_fists,05-06,1953
E05_spatial_control,erd_lr,2,20,1,1,0.5304013498354783,7,right_fist,07-08,1954
E05_spatial_control,erd_lr,2,20,1,0,0.36693386376625275,7,left_fist,07-08,1955
E05_spatial_control,erd_lr,2,20,1,1,0.7037955273823104,7,right_fist,07-08,1956
E05_spatial_control,erd_lr,2,20,1,0,0.4511590250748193,7,left_fist,07-08,1957
E05_spatial_control,erd_lr,2,20,1,1,0.7120454174993618,7,right_fist,07-08,1958
E05_spatial_control,erd_lr,2,20,1,1,0.6610721213350782,7,left_fist,07-08,1959
E05_spatial_control,erd_lr,2,20,1,0,0.49805231612241213,7,left_fist,07-08,1960
E05_spatial_control,erd_lr,2,20,1,0,0.47586591054642435,7,right_fist,07-08,1961
E05_spatial_control,erd_lr,2,20,1,0,0.4745696021361015,7,right_fist,07-08,1962
E05_spatial_control,erd_lr,2,20,1,1,0.5856985634356608,7,left_fist,07-08,1963
E05_spatial_control,erd_lr,2,20,1,1,0.61909909346251,7,right_fist,07-08,1964
E05_spatial_control,erd_lr,2,20,1,1,0.5875981508004698,7,left_fist,07-08,1965
E05_spatial_control,erd_lr,2,20,1,1,0.550790291892872,7,right_fist,07-08,1966
E05_spatial_control,erd_lr,2,20,1,0,0.45307247236001774,7,left_fist,07-08,1967
E05_spatial_control,erd_lr,2,20,1,0,0.43460916840753505,7,right_fist,07-08,1968
E05_spatial_control,erd_lr,2,20,0,1,0.6099622801838509,8,right_fist,07-08,1969
E05_spatial_control,erd_lr,2,20,0,0,0.422555389659727,8,left_fist,07-08,1970
E05_spatial_control,erd_lr,2,20,0,1,0.5467322599027346,8,right_fist,07-08,1971
E05_spatial_control,erd_lr,2,20,0,0,0.49988253389059306,8,left_fist,07-08,1972
E05_spatial_control,erd_lr,2,20,0,0,0.3769908898257723,8,left_fist,07-08,1973
E05_spatial_control,erd_lr,2,20,0,0,0.4892948267891008,8,right_fist,07-08,1974
E05_spatial_control,erd_lr,2,20,0,0,0.39885982372890394,8,left_fist,07-08,1975
E05_spatial_control,erd_lr,2,20,0,0,0.29952950824576074,8,right_fist,07-08,1976
E05_spatial_control,erd_lr,2,20,0,0,0.3532739202399534,8,left_fist,07-08,1977
E05_spatial_control,erd_lr,2,20,0,0,0.4854293201457494,8,right_fist,07-08,1978
E05_spatial_control,erd_lr,2,20,0,1,0.5731299394256869,8,right_fist,07-08,1979
E05_spatial_control,erd_lr,2,20,0,0,0.402401663604827,8,left_fist,07-08,1980
E05_spatial_control,erd_lr,2,20,0,0,0.47175561099638286,8,right_fist,07-08,1981
E05_spatial_control,erd_lr,2,20,0,0,0.29657207947622016,8,left_fist,07-08,1982
E05_spatial_control,erd_lr,2,20,0,0,0.29645889025246003,8,left_fist,07-08,1983
E05_spatial_control,erd_lr,2,20,1,1,0.5580055271474901,9,both_fists,09-10,1984
E05_spatial_control,erd_lr,2,20,1,0,0.25755492489778703,9,both_feet,09-10,1985
E05_spatial_control,erd_lr,2,20,1,1,0.7612007600342693,9,both_fists,09-10,1986
E05_spatial_control,erd_lr,2,20,1,1,0.7085525618194518,9,both_feet,09-10,1987
E05_spatial_control,erd_lr,2,20,1,0,0.37575741070763863,9,both_feet,09-10,1988
E05_spatial_control,erd_lr,2,20,1,1,0.6370405719511362,9,both_fists,09-10,1989
E05_spatial_control,erd_lr,2,20,1,1,0.5794721608825264,9,both_fists,09-10,1990
E05_spatial_control,erd_lr,2,20,1,1,0.5767525175016374,9,both_feet,09-10,1991
E05_spatial_control,erd_lr,2,20,1,1,0.5630677005042418,9,both_feet,09-10,1992
E05_spatial_control,erd_lr,2,20,1,1,0.5024634747723985,9,both_fists,09-10,1993
E05_spatial_control,erd_lr,2,20,1,0,0.46090560351055565,9,both_feet,09-10,1994
E05_spatial_control,erd_lr,2,20,1,1,0.5567439733814548,9,both_fists,09-10,1995
E05_spatial_control,erd_lr,2,20,1,1,0.6949037486153209,9,both_fists,09-10,1996
E05_spatial_control,erd_lr,2,20,1,0,0.4572400122756459,9,both_feet,09-10,1997
E05_spatial_control,erd_lr,2,20,1,1,0.653388379731397,9,both_feet,09-10,1998
E05_spatial_control,erd_lr,2,20,0,0,0.4436921819489667,10,both_fists,09-10,1999
E05_spatial_control,erd_lr,2,20,0,0,0.46241113999235056,10,both_feet,09-10,2000
E05_spatial_control,erd_lr,2,20,0,0,0.3793182346400404,10,both_feet,09-10,2001
E05_spatial_control,erd_lr,2,20,0,0,0.46744052162528665,10,both_fists,09-10,2002
E05_spatial_control,erd_lr,2,20,0,0,0.427669238795112,10,both_feet,09-10,2003
E05_spatial_control,erd_lr,2,20,0,1,0.6675199883211445,10,both_fists,09-10,2004
E05_spatial_control,erd_lr,2,20,0,1,0.5781100824732449,10,both_fists,09-10,2005
E05_spatial_control,erd_lr,2,20,0,0,0.31327829504894866,10,both_feet,09-10,2006
E05_spatial_control,erd_lr,2,20,0,1,0.5474251800641247,10,both_fists,09-10,2007
E05_spatial_control,erd_lr,2,20,0,1,0.5721616574055367,10,both_feet,09-10,2008
E05_spatial_control,erd_lr,2,20,0,0,0.40709526555067865,10,both_feet,09-10,2009
E05_spatial_control,erd_lr,2,20,0,0,0.48468014351441413,10,both_fists,09-10,2010
E05_spatial_control,erd_lr,2,20,0,1,0.5322159350499405,10,both_feet,09-10,2011
E05_spatial_control,erd_lr,2,20,0,1,0.5440038469520491,10,both_fists,09-10,2012
E05_spatial_control,erd_lr,2,20,0,1,0.5101752532015155,10,both_feet,09-10,2013
E05_spatial_control,erd_lr,2,20,1,0,0.47540617243869887,11,right_fist,11-12,2014
E05_spatial_control,erd_lr,2,20,1,0,0.48642927341671166,11,left_fist,11-12,2015
E05_spatial_control,erd_lr,2,20,1,0,0.4954342937189199,11,right_fist,11-12,2016
E05_spatial_control,erd_lr,2,20,1,0,0.4459077470561209,11,left_fist,11-12,2017
E05_spatial_control,erd_lr,2,20,1,0,0.46846435206236686,11,left_fist,11-12,2018
E05_spatial_control,erd_lr,2,20,1,1,0.6443555240895177,11,right_fist,11-12,2019
E05_spatial_control,erd_lr,2,20,1,0,0.46624884609808603,11,left_fist,11-12,2020
E05_spatial_control,erd_lr,2,20,1,1,0.51893766349373,11,right_fist,11-12,2021
E05_spatial_control,erd_lr,2,20,1,1,0.6635557102648442,11,left_fist,11-12,2022
E05_spatial_control,erd_lr,2,20,1,1,0.5154837090263253,11,right_fist,11-12,2023
E05_spatial_control,erd_lr,2,20,1,1,0.6255269601655483,11,left_fist,11-12,2024
E05_spatial_control,erd_lr,2,20,1,1,0.5114287610190652,11,right_fist,11-12,2025
E05_spatial_control,erd_lr,2,20,1,1,0.6594874731857192,11,left_fist,11-12,2026
E05_spatial_control,erd_lr,2,20,1,0,0.4448331198096356,11,right_fist,11-12,2027
E05_spatial_control,erd_lr,2,20,1,0,0.4478903202265037,11,right_fist,11-12,2028
E05_spatial_control,erd_lr,2,20,0,1,0.5718650437515894,12,right_fist,11-12,2029
E05_spatial_control,erd_lr,2,20,0,1,0.5155887888360883,12,left_fist,11-12,2030
E05_spatial_control,erd_lr,2,20,0,0,0.3894152015927497,12,right_fist,11-12,2031
E05_spatial_control,erd_lr,2,20,0,1,0.6202652043560375,12,left_fist,11-12,2032
E05_spatial_control,erd_lr,2,20,0,1,0.5153853825444462,12,right_fist,11-12,2033
E05_spatial_control,erd_lr,2,20,0,1,0.5075604582188651,12,left_fist,11-12,2034
E05_spatial_control,erd_lr,2,20,0,0,0.4732389036877408,12,left_fist,11-12,2035
E05_spatial_control,erd_lr,2,20,0,0,0.4293317614270593,12,right_fist,11-12,2036
E05_spatial_control,erd_lr,2,20,0,1,0.5413273410120533,12,left_fist,11-12,2037
E05_spatial_control,erd_lr,2,20,0,0,0.4985726847431212,12,right_fist,11-12,2038
E05_spatial_control,erd_lr,2,20,0,0,0.46139896256520657,12,right_fist,11-12,2039
E05_spatial_control,erd_lr,2,20,0,1,0.5174115418660484,12,left_fist,11-12,2040
E05_spatial_control,erd_lr,2,20,0,0,0.4002796596760638,12,right_fist,11-12,2041
E05_spatial_control,erd_lr,2,20,0,1,0.6461143372974328,12,left_fist,11-12,2042
E05_spatial_control,erd_lr,2,20,0,1,0.6241810303019474,12,left_fist,11-12,2043
E05_spatial_control,erd_lr,2,20,1,1,0.638149988512037,13,both_feet,13-14,2044
E05_spatial_control,erd_lr,2,20,1,0,0.403491146439494,13,both_fists,13-14,2045
E05_spatial_control,erd_lr,2,20,1,0,0.3767396847851743,13,both_feet,13-14,2046
E05_spatial_control,erd_lr,2,20,1,1,0.5796912391056653,13,both_fists,13-14,2047
E05_spatial_control,erd_lr,2,20,1,0,0.4422601318103291,13,both_fists,13-14,2048
E05_spatial_control,erd_lr,2,20,1,0,0.40328437230431685,13,both_feet,13-14,2049
E05_spatial_control,erd_lr,2,20,1,0,0.3517446763627796,13,both_fists,13-14,2050
E05_spatial_control,erd_lr,2,20,1,1,0.6327277619180627,13,both_feet,13-14,2051
E05_spatial_control,erd_lr,2,20,1,0,0.40709487935999983,13,both_fists,13-14,2052
E05_spatial_control,erd_lr,2,20,1,1,0.5725059393627298,13,both_feet,13-14,2053
E05_spatial_control,erd_lr,2,20,1,1,0.5094517434628621,13,both_fists,13-14,2054
E05_spatial_control,erd_lr,2,20,1,1,0.5214344479301787,13,both_feet,13-14,2055
E05_spatial_control,erd_lr,2,20,1,0,0.4689289830732801,13,both_fists,13-14,2056
E05_spatial_control,erd_lr,2,20,1,0,0.43550442131572237,13,both_feet,13-14,2057
E05_spatial_control,erd_lr,2,20,1,0,0.46007274655247227,13,both_feet,13-14,2058
E05_spatial_control,erd_lr,2,20,0,0,0.49710772679598836,14,both_feet,13-14,2059
E05_spatial_control,erd_lr,2,20,0,0,0.4876748510675897,14,both_fists,13-14,2060
E05_spatial_control,erd_lr,2,20,0,0,0.4107651241803649,14,both_fists,13-14,2061
E05_spatial_control,erd_lr,2,20,0,1,0.6527863062874476,14,both_feet,13-14,2062
E05_spatial_control,erd_lr,2,20,0,1,0.5699728005843678,14,both_fists,13-14,2063
E05_spatial_control,erd_lr,2,20,0,1,0.5676742255054841,14,both_feet,13-14,2064
E05_spatial_control,erd_lr,2,20,0,1,0.589175176648926,14,both_fists,13-14,2065
E05_spatial_control,erd_lr,2,20,0,1,0.5037690837607662,14,both_feet,13-14,2066
E05_spatial_control,erd_lr,2,20,0,1,0.5187991534768065,14,both_feet,13-14,2067
E05_spatial_control,erd_lr,2,20,0,1,0.5942298606324814,14,both_fists,13-14,2068
E05_spatial_control,erd_lr,2,20,0,0,0.3841019077563296,14,both_feet,13-14,2069
E05_spatial_control,erd_lr,2,20,0,0,0.4565574010340401,14,both_fists,13-14,2070
E05_spatial_control,erd_lr,2,20,0,0,0.461516978785652,14,both_fists,13-14,2071
E05_spatial_control,erd_lr,2,20,0,0,0.3776834840085765,14,both_feet,13-14,2072
E05_spatial_control,erd_lr,2,20,0,0,0.3576053237282126,14,both_fists,13-14,2073
E05_spatial_control,erd_lr,2,21,1,1,0.5098035801327092,3,right_fist,03-04,2074
E05_spatial_control,erd_lr,2,21,1,1,0.505950137376012,3,left_fist,03-04,2075
E05_spatial_control,erd_lr,2,21,1,0,0.48505602367061224,3,right_fist,03-04,2076
E05_spatial_control,erd_lr,2,21,1,1,0.5225868536969412,3,left_fist,03-04,2077
E05_spatial_control,erd_lr,2,21,1,1,0.5745216209535242,3,left_fist,03-04,2078
E05_spatial_control,erd_lr,2,21,1,1,0.7287160031689804,3,right_fist,03-04,2079
E05_spatial_control,erd_lr,2,21,1,0,0.282036459457816,3,right_fist,03-04,2080
E05_spatial_control,erd_lr,2,21,1,0,0.41067616099197385,3,left_fist,03-04,2081
E05_spatial_control,erd_lr,2,21,1,1,0.6318614411380296,3,right_fist,03-04,2082
E05_spatial_control,erd_lr,2,21,1,0,0.4197116748933291,3,left_fist,03-04,2083
E05_spatial_control,erd_lr,2,21,1,0,0.27072947662390595,3,right_fist,03-04,2084
E05_spatial_control,erd_lr,2,21,1,1,0.5728010298616291,3,left_fist,03-04,2085
E05_spatial_control,erd_lr,2,21,1,0,0.39822607782286806,3,right_fist,03-04,2086
E05_spatial_control,erd_lr,2,21,1,0,0.45910487161833546,3,left_fist,03-04,2087
E05_spatial_control,erd_lr,2,21,1,0,0.31049284790582304,3,left_fist,03-04,2088
E05_spatial_control,erd_lr,2,21,0,1,0.5936131785646536,4,right_fist,03-04,2089
E05_spatial_control,erd_lr,2,21,0,0,0.436988516750052,4,left_fist,03-04,2090
E05_spatial_control,erd_lr,2,21,0,1,0.5081751158441031,4,left_fist,03-04,2091
E05_spatial_control,erd_lr,2,21,0,0,0.4736038635760752,4,right_fist,03-04,2092
E05_spatial_control,erd_lr,2,21,0,0,0.40007583421758786,4,left_fist,03-04,2093
E05_spatial_control,erd_lr,2,21,0,0,0.29049890579594767,4,right_fist,03-04,2094
E05_spatial_control,erd_lr,2,21,0,0,0.3998083410212662,4,left_fist,03-04,2095
E05_spatial_control,erd_lr,2,21,0,0,0.33347122844272276,4,right_fist,03-04,2096
E05_spatial_control,erd_lr,2,21,0,0,0.37854511436270627,4,left_fist,03-04,2097
E05_spatial_control,erd_lr,2,21,0,0,0.38357888556597985,4,right_fist,03-04,2098
E05_spatial_control,erd_lr,2,21,0,0,0.3745060360546968,4,right_fist,03-04,2099
E05_spatial_control,erd_lr,2,21,0,0,0.2708318318087687,4,left_fist,03-04,2100
E05_spatial_control,erd_lr,2,21,0,0,0.23646708187001841,4,right_fist,03-04,2101
E05_spatial_control,erd_lr,2,21,0,0,0.2510409536281126,4,left_fist,03-04,2102
E05_spatial_control,erd_lr,2,21,0,0,0.38541353003503687,4,left_fist,03-04,2103
E05_spatial_control,erd_lr,2,21,1,0,0.47592182174436976,5,both_fists,05-06,2104
E05_spatial_control,erd_lr,2,21,1,0,0.4703985797395101,5,both_feet,05-06,2105
E05_spatial_control,erd_lr,2,21,1,0,0.31852096661358464,5,both_fists,05-06,2106
E05_spatial_control,erd_lr,2,21,1,0,0.45428830662832764,5,both_feet,05-06,2107
E05_spatial_control,erd_lr,2,21,1,0,0.41857998958556575,5,both_feet,05-06,2108
E05_spatial_control,erd_lr,2,21,1,0,0.4293363746091742,5,both_fists,05-06,2109
E05_spatial_control,erd_lr,2,21,1,1,0.5049856884810892,5,both_fists,05-06,2110
E05_spatial_control,erd_lr,2,21,1,0,0.3771256184333032,5,both_feet,05-06,2111
E05_spatial_control,erd_lr,2,21,1,0,0.4043912740830215,5,both_fists,05-06,2112
E05_spatial_control,erd_lr,2,21,1,0,0.42113073071357643,5,both_feet,05-06,2113
E05_spatial_control,erd_lr,2,21,1,0,0.41833990396729925,5,both_fists,05-06,2114
E05_spatial_control,erd_lr,2,21,1,0,0.35917149516476843,5,both_feet,05-06,2115
E05_spatial_control,erd_lr,2,21,1,0,0.43955912874544184,5,both_fists,05-06,2116
E05_spatial_control,erd_lr,2,21,1,0,0.42303625842791703,5,both_feet,05-06,2117
E05_spatial_control,erd_lr,2,21,1,0,0.47049064221679415,5,both_fists,05-06,2118
E05_spatial_control,erd_lr,2,21,0,0,0.2884061947988936,6,both_feet,05-06,2119
E05_spatial_control,erd_lr,2,21,0,0,0.21512907715576993,6,both_fists,05-06,2120
E05_spatial_control,erd_lr,2,21,0,0,0.4143219351811704,6,both_feet,05-06,2121
E05_spatial_control,erd_lr,2,21,0,0,0.380608946941983,6,both_fists,05-06,2122
E05_spatial_control,erd_lr,2,21,0,1,0.5175328559588209,6,both_feet,05-06,2123
E05_spatial_control,erd_lr,2,21,0,0,0.484840897015341,6,both_fists,05-06,2124
E05_spatial_control,erd_lr,2,21,0,0,0.41404777915150826,6,both_fists,05-06,2125
E05_spatial_control,erd_lr,2,21,0,0,0.4345873379897041,6,both_feet,05-06,2126
E05_spatial_control,erd_lr,2,21,0,0,0.3044307949696617,6,both_feet,05-06,2127
E05_spatial_control,erd_lr,2,21,0,0,0.29912115638041076,6,both_fists,05-06,2128
E05_spatial_control,erd_lr,2,21,0,0,0.4882194474058764,6,both_feet,05-06,2129
E05_spatial_control,erd_lr,2,21,0,0,0.4919911430204047,6,both_fists,05-06,2130
E05_spatial_control,erd_lr,2,21,0,0,0.41927874241189717,6,both_feet,05-06,2131
E05_spatial_control,erd_lr,2,21,0,0,0.36135356691830717,6,both_fists,05-06,2132
E05_spatial_control,erd_lr,2,21,0,0,0.37302264403353036,6,both_fists,05-06,2133
E05_spatial_control,erd_lr,2,21,1,1,0.6202911216824162,7,left_fist,07-08,2134
E05_spatial_control,erd_lr,2,21,1,1,0.5410754025677926,7,right_fist,07-08,2135
E05_spatial_control,erd_lr,2,21,1,0,0.4781536357381286,7,left_fist,07-08,2136
E05_spatial_control,erd_lr,2,21,1,1,0.63869300631964,7,right_fist,07-08,2137
E05_spatial_control,erd_lr,2,21,1,1,0.5085738924119982,7,right_fist,07-08,2138
E05_spatial_control,erd_lr,2,21,1,0,0.4260473609276242,7,left_fist,07-08,2139
E05_spatial_control,erd_lr,2,21,1,1,0.6976880559552676,7,left_fist,07-08,2140
E05_spatial_control,erd_lr,2,21,1,1,0.5722501526161807,7,right_fist,07-08,2141
E05_spatial_control,erd_lr,2,21,1,0,0.45374653662470943,7,left_fist,07-08,2142
E05_spatial_control,erd_lr,2,21,1,0,0.4891974421211527,7,right_fist,07-08,2143
E05_spatial_control,erd_lr,2,21,1,0,0.35433259743517564,7,right_fist,07-08,2144
E05_spatial_control,erd_lr,2,21,1,1,0.546586042972516,7,left_fist,07-08,2145
E05_spatial_control,erd_lr,2,21,1,0,0.39705134121599145,7,right_fist,07-08,2146
E05_spatial_control,erd_lr,2,21,1,0,0.48243431515294094,7,left_fist,07-08,2147
E05_spatial_control,erd_lr,2,21,1,0,0.3223337752337858,7,left_fist,07-08,2148
E05_spatial_control,erd_lr,2,21,0,0,0.3016457105145078,8,left_fist,07-08,2149
E05_spatial_control,erd_lr,2,21,0,0,0.3642134626985424,8,right_fist,07-08,2150
E05_spatial_control,erd_lr,2,21,0,0,0.35173812755670103,8,right_fist,07-08,2151
E05_spatial_control,erd_lr,2,21,0,0,0.48744202677236403,8,left_fist,07-08,2152
E05_spatial_control,erd_lr,2,21,0,1,0.5509378172528421,8,left_fist,07-08,2153
E05_spatial_control,erd_lr,2,21,0,0,0.2795178186696801,8,right_fist,07-08,2154
E05_spatial_control,erd_lr,2,21,0,0,0.39945803304967203,8,left_fist,07-08,2155
E05_spatial_control,erd_lr,2,21,0,0,0.23993272301546964,8,right_fist,07-08,2156
E05_spatial_control,erd_lr,2,21,0,0,0.3259245066212921,8,left_fist,07-08,2157
E05_spatial_control,erd_lr,2,21,0,0,0.2354833063662549,8,right_fist,07-08,2158
E05_spatial_control,erd_lr,2,21,0,1,0.5358374656250949,8,left_fist,07-08,2159
E05_spatial_control,erd_lr,2,21,0,1,0.5333619846281065,8,right_fist,07-08,2160
E05_spatial_control,erd_lr,2,21,0,0,0.39608856507638085,8,right_fist,07-08,2161
E05_spatial_control,erd_lr,2,21,0,0,0.3627072737074967,8,left_fist,07-08,2162
E05_spatial_control,erd_lr,2,21,0,0,0.3296127106985704,8,left_fist,07-08,2163
E05_spatial_control,erd_lr,2,21,1,0,0.4950757753743679,9,both_fists,09-10,2164
E05_spatial_control,erd_lr,2,21,1,0,0.40252419543612583,9,both_feet,09-10,2165
E05_spatial_control,erd_lr,2,21,1,0,0.35860169452812113,9,both_fists,09-10,2166
E05_spatial_control,erd_lr,2,21,1,0,0.3878186142835687,9,both_feet,09-10,2167
E05_spatial_control,erd_lr,2,21,1,0,0.4999850558270776,9,both_feet,09-10,2168
E05_spatial_control,erd_lr,2,21,1,0,0.41791217421537424,9,both_fists,09-10,2169
E05_spatial_control,erd_lr,2,21,1,1,0.6172884351345832,9,both_fists,09-10,2170
E05_spatial_control,erd_lr,2,21,1,0,0.30425015209955153,9,both_feet,09-10,2171
E05_spatial_control,erd_lr,2,21,1,0,0.4802988116935307,9,both_fists,09-10,2172
E05_spatial_control,erd_lr,2,21,1,1,0.5217659788479829,9,both_feet,09-10,2173
E05_spatial_control,erd_lr,2,21,1,1,0.5197441698160606,9,both_fists,09-10,2174
E05_spatial_control,erd_lr,2,21,1,1,0.508622604547565,9,both_feet,09-10,2175
E05_spatial_control,erd_lr,2,21,1,1,0.5004693082331874,9,both_fists,09-10,2176
E05_spatial_control,erd_lr,2,21,1,1,0.5594005737128288,9,both_feet,09-10,2177
E05_spatial_control,erd_lr,2,21,1,0,0.4371003709623841,9,both_feet,09-10,2178
E05_spatial_control,erd_lr,2,21,0,0,0.44664818436653686,10,both_feet,09-10,2179
E05_spatial_control,erd_lr,2,21,0,0,0.30816128722173,10,both_fists,09-10,2180
E05_spatial_control,erd_lr,2,21,0,0,0.28437289653684716,10,both_fists,09-10,2181
E05_spatial_control,erd_lr,2,21,0,1,0.5512857725503192,10,both_feet,09-10,2182
E05_spatial_control,erd_lr,2,21,0,0,0.3430353144445537,10,both_feet,09-10,2183
E05_spatial_control,erd_lr,2,21,0,0,0.36213296541401724,10,both_fists,09-10,2184
E05_spatial_control,erd_lr,2,21,0,1,0.5148592952742324,10,both_fists,09-10,2185
E05_spatial_control,erd_lr,2,21,0,0,0.44600532431486944,10,both_feet,09-10,2186
E05_spatial_control,erd_lr,2,21,0,0,0.25602693563337575,10,both_feet,09-10,2187
E05_spatial_control,erd_lr,2,21,0,1,0.5987132624203337,10,both_fists,09-10,2188
E05_spatial_control,erd_lr,2,21,0,0,0.38771233511263187,10,both_feet,09-10,2189
E05_spatial_control,erd_lr,2,21,1,0,0.393852723774439,11,right_fist,11-12,2190
E05_spatial_control,erd_lr,2,21,1,0,0.4596224801027859,11,left_fist,11-12,2191
E05_spatial_control,erd_lr,2,21,1,0,0.42228017767063547,11,right_fist,11-12,2192
E05_spatial_control,erd_lr,2,21,1,1,0.5410579319183759,11,left_fist,11-12,2193
E05_spatial_control,erd_lr,2,21,1,0,0.37788155318105743,11,left_fist,11-12,2194
E05_spatial_control,erd_lr,2,21,1,0,0.4199700185166692,11,right_fist,11-12,2195
E05_spatial_control,erd_lr,2,21,1,0,0.38214989212396616,11,right_fist,11-12,2196
E05_spatial_control,erd_lr,2,21,1,0,0.3035835033919707,11,left_fist,11-12,2197
E05_spatial_control,erd_lr,2,21,1,0,0.3664406962729703,11,left_fist,11-12,2198
E05_spatial_control,erd_lr,2,21,1,0,0.32425800323595483,11,right_fist,11-12,2199
E05_spatial_control,erd_lr,2,21,1,1,0.5639833957814027,11,right_fist,11-12,2200
E05_spatial_control,erd_lr,2,21,1,1,0.6472962552803085,11,left_fist,11-12,2201
E05_spatial_control,erd_lr,2,21,1,1,0.5102409915480761,11,right_fist,11-12,2202
E05_spatial_control,erd_lr,2,21,1,0,0.4611469971577165,11,left_fist,11-12,2203
E05_spatial_control,erd_lr,2,21,1,0,0.4877225228223759,11,left_fist,11-12,2204
E05_spatial_control,erd_lr,2,21,0,0,0.3424467376886015,12,right_fist,11-12,2205
E05_spatial_control,erd_lr,2,21,0,0,0.46343685788113725,12,left_fist,11-12,2206
E05_spatial_control,erd_lr,2,21,0,0,0.46497052649249043,12,right_fist,11-12,2207
E05_spatial_control,erd_lr,2,21,0,0,0.25832732419168014,12,left_fist,11-12,2208
E05_spatial_control,erd_lr,2,21,0,0,0.45913450340145767,12,right_fist,11-12,2209
E05_spatial_control,erd_lr,2,21,0,0,0.4398292415763711,12,left_fist,11-12,2210
E05_spatial_control,erd_lr,2,21,0,0,0.44340707328911416,12,right_fist,11-12,2211
E05_spatial_control,erd_lr,2,21,0,1,0.5422466487628707,12,left_fist,11-12,2212
E05_spatial_control,erd_lr,2,21,0,0,0.3967298241564453,12,right_fist,11-12,2213
E05_spatial_control,erd_lr,2,21,0,0,0.40421151482548623,12,left_fist,11-12,2214
E05_spatial_control,erd_lr,2,21,0,0,0.4411444778159084,12,right_fist,11-12,2215
E05_spatial_control,erd_lr,2,21,0,0,0.2572561150085811,12,left_fist,11-12,2216
E05_spatial_control,erd_lr,2,21,0,0,0.4861420108864434,12,left_fist,11-12,2217
E05_spatial_control,erd_lr,2,21,0,0,0.4080924315553179,12,right_fist,11-12,2218
E05_spatial_control,erd_lr,2,21,0,0,0.24898773972932398,12,left_fist,11-12,2219
E05_spatial_control,erd_lr,2,21,1,0,0.44731163846000366,13,both_fists,13-14,2220
E05_spatial_control,erd_lr,2,21,1,0,0.431579181532639,13,both_feet,13-14,2221
E05_spatial_control,erd_lr,2,21,1,0,0.47798658545162526,13,both_fists,13-14,2222
E05_spatial_control,erd_lr,2,21,1,0,0.4959968206184906,13,both_feet,13-14,2223
E05_spatial_control,erd_lr,2,21,1,0,0.23484834647543568,13,both_feet,13-14,2224
E05_spatial_control,erd_lr,2,21,1,1,0.5015477597393796,13,both_fists,13-14,2225
E05_spatial_control,erd_lr,2,21,1,1,0.5117424628395294,13,both_fists,13-14,2226
E05_spatial_control,erd_lr,2,21,1,1,0.7148283657421499,13,both_feet,13-14,2227
E05_spatial_control,erd_lr,2,21,1,0,0.478101470865237,13,both_fists,13-14,2228
E05_spatial_control,erd_lr,2,21,1,0,0.36995306460100696,13,both_feet,13-14,2229
E05_spatial_control,erd_lr,2,21,1,1,0.5624836463494274,13,both_fists,13-14,2230
E05_spatial_control,erd_lr,2,21,1,0,0.3486100693967983,13,both_feet,13-14,2231
E05_spatial_control,erd_lr,2,21,1,1,0.5935451043197193,13,both_fists,13-14,2232
E05_spatial_control,erd_lr,2,21,1,1,0.502093121224251,13,both_feet,13-14,2233
E05_spatial_control,erd_lr,2,21,1,0,0.326690713930971,13,both_feet,13-14,2234
E05_spatial_control,erd_lr,2,21,0,0,0.37382107989768304,14,both_feet,13-14,2235
E05_spatial_control,erd_lr,2,21,0,1,0.5506206858775571,14,both_fists,13-14,2236
E05_spatial_control,erd_lr,2,21,0,0,0.2909817859680014,14,both_feet,13-14,2237
E05_spatial_control,erd_lr,2,21,0,0,0.31560778557620556,14,both_fists,13-14,2238
E05_spatial_control,erd_lr,2,21,0,0,0.4461168733995305,14,both_fists,13-14,2239
E05_spatial_control,erd_lr,2,21,0,1,0.5978523066667146,14,both_feet,13-14,2240
E05_spatial_control,erd_lr,2,21,0,0,0.14526784422474973,14,both_feet,13-14,2241
E05_spatial_control,erd_lr,2,21,0,1,0.5980253615346575,14,both_fists,13-14,2242
E05_spatial_control,erd_lr,2,21,0,1,0.5106322347811597,14,both_fists,13-14,2243
E05_spatial_control,erd_lr,2,21,0,0,0.39774465988234975,14,both_feet,13-14,2244
E05_spatial_control,erd_lr,2,21,0,0,0.3019401249577963,14,both_feet,13-14,2245
E05_spatial_control,erd_lr,2,21,0,0,0.35540565314522354,14,both_fists,13-14,2246
E05_spatial_control,erd_lr,2,21,0,0,0.32489581365325926,14,both_fists,13-14,2247
E05_spatial_control,erd_lr,2,21,0,1,0.5640386872357884,14,both_feet,13-14,2248
E05_spatial_control,erd_lr,2,21,0,0,0.41413812667913025,14,both_fists,13-14,2249
E05_spatial_control,erd_lr,2,25,1,1,0.5912940259171862,3,right_fist,03-04,2250
E05_spatial_control,erd_lr,2,25,1,0,0.4804309891473678,3,left_fist,03-04,2251
E05_spatial_control,erd_lr,2,25,1,1,0.6779930661198236,3,right_fist,03-04,2252
E05_spatial_control,erd_lr,2,25,1,1,0.6818686084617582,3,left_fist,03-04,2253
E05_spatial_control,erd_lr,2,25,1,0,0.3163219685122474,3,right_fist,03-04,2254
E05_spatial_control,erd_lr,2,25,1,0,0.4233111389078074,3,left_fist,03-04,2255
E05_spatial_control,erd_lr,2,25,1,0,0.41625949244448335,3,left_fist,03-04,2256
E05_spatial_control,erd_lr,2,25,1,1,0.6424158664983941,3,right_fist,03-04,2257
E05_spatial_control,erd_lr,2,25,1,1,0.6395904011879392,3,left_fist,03-04,2258
E05_spatial_control,erd_lr,2,25,1,1,0.7386928278587984,3,right_fist,03-04,2259
E05_spatial_control,erd_lr,2,25,1,1,0.6553754193185664,3,right_fist,03-04,2260
E05_spatial_control,erd_lr,2,25,1,1,0.5514969260766787,3,left_fist,03-04,2261
E05_spatial_control,erd_lr,2,25,1,0,0.4113434200364066,3,right_fist,03-04,2262
E05_spatial_control,erd_lr,2,25,1,0,0.3841128876830572,3,left_fist,03-04,2263
E05_spatial_control,erd_lr,2,25,1,0,0.46003303141353574,3,right_fist,03-04,2264
E05_spatial_control,erd_lr,2,25,0,1,0.5706455351500367,4,right_fist,03-04,2265
E05_spatial_control,erd_lr,2,25,0,0,0.45796604069407226,4,left_fist,03-04,2266
E05_spatial_control,erd_lr,2,25,0,1,0.5061702802579828,4,right_fist,03-04,2267
E05_spatial_control,erd_lr,2,25,0,0,0.47837003244935844,4,left_fist,03-04,2268
E05_spatial_control,erd_lr,2,25,0,0,0.45704681857315943,4,right_fist,03-04,2269
E05_spatial_control,erd_lr,2,25,0,1,0.5584403189862076,4,left_fist,03-04,2270
E05_spatial_control,erd_lr,2,25,0,0,0.48906841469920737,4,right_fist,03-04,2271
E05_spatial_control,erd_lr,2,25,0,0,0.3471921677193219,4,left_fist,03-04,2272
E05_spatial_control,erd_lr,2,25,0,1,0.601481434130846,4,right_fist,03-04,2273
E05_spatial_control,erd_lr,2,25,0,1,0.6585152773509614,4,left_fist,03-04,2274
E05_spatial_control,erd_lr,2,25,0,0,0.423521210698064,4,right_fist,03-04,2275
E05_spatial_control,erd_lr,2,25,0,0,0.4567554277990444,4,left_fist,03-04,2276
E05_spatial_control,erd_lr,2,25,0,0,0.4934378759226303,4,left_fist,03-04,2277
E05_spatial_control,erd_lr,2,25,0,0,0.46234523135999106,4,right_fist,03-04,2278
E05_spatial_control,erd_lr,2,25,0,0,0.23363561860301252,4,right_fist,03-04,2279
E05_spatial_control,erd_lr,2,25,1,0,0.4141311532411777,5,both_fists,05-06,2280
E05_spatial_control,erd_lr,2,25,1,1,0.5978834251233567,5,both_feet,05-06,2281
E05_spatial_control,erd_lr,2,25,1,1,0.5136550606693535,5,both_fists,05-06,2282
E05_spatial_control,erd_lr,2,25,1,0,0.46006838805195077,5,both_feet,05-06,2283
E05_spatial_control,erd_lr,2,25,1,0,0.4641072428794578,5,both_feet,05-06,2284
E05_spatial_control,erd_lr,2,25,1,0,0.4301023942510201,5,both_fists,05-06,2285
E05_spatial_control,erd_lr,2,25,1,0,0.46544669691929463,5,both_feet,05-06,2286
E05_spatial_control,erd_lr,2,25,1,1,0.5689869368350331,5,both_fists,05-06,2287
E05_spatial_control,erd_lr,2,25,1,1,0.7014893707355304,5,both_feet,05-06,2288
E05_spatial_control,erd_lr,2,25,1,0,0.3750539450849787,5,both_fists,05-06,2289
E05_spatial_control,erd_lr,2,25,1,1,0.6549896992098078,5,both_fists,05-06,2290
E05_spatial_control,erd_lr,2,25,1,0,0.2228704802833031,5,both_feet,05-06,2291
E05_spatial_control,erd_lr,2,25,1,1,0.5895712084453628,5,both_fists,05-06,2292
E05_spatial_control,erd_lr,2,25,1,0,0.4508761445810421,5,both_feet,05-06,2293
E05_spatial_control,erd_lr,2,25,1,1,0.7229972361111184,5,both_feet,05-06,2294
E05_spatial_control,erd_lr,2,25,0,0,0.40455680083265116,6,both_fists,05-06,2295
E05_spatial_control,erd_lr,2,25,0,0,0.3997236119050495,6,both_feet,05-06,2296
E05_spatial_control,erd_lr,2,25,0,1,0.5503052549292567,6,both_fists,05-06,2297
E05_spatial_control,erd_lr,2,25,0,0,0.4797294349261292,6,both_feet,05-06,2298
E05_spatial_control,erd_lr,2,25,0,1,0.5887105627880058,6,both_feet,05-06,2299
E05_spatial_control,erd_lr,2,25,0,0,0.42733526098136665,6,both_fists,05-06,2300
E05_spatial_control,erd_lr,2,25,0,1,0.519122588023083,6,both_fists,05-06,2301
E05_spatial_control,erd_lr,2,25,0,0,0.45166483809202485,6,both_feet,05-06,2302
E05_spatial_control,erd_lr,2,25,0,1,0.597977271254631,6,both_fists,05-06,2303
E05_spatial_control,erd_lr,2,25,0,1,0.6040178539129996,6,both_feet,05-06,2304
E05_spatial_control,erd_lr,2,25,0,0,0.4404493725644117,6,both_feet,05-06,2305
E05_spatial_control,erd_lr,2,25,0,1,0.5911372807205144,6,both_fists,05-06,2306
E05_spatial_control,erd_lr,2,25,0,0,0.37661248167181843,6,both_feet,05-06,2307
E05_spatial_control,erd_lr,2,25,0,1,0.5880122403488338,6,both_fists,05-06,2308
E05_spatial_control,erd_lr,2,25,0,0,0.4393604884572879,6,both_fists,05-06,2309
E05_spatial_control,erd_lr,2,25,1,0,0.29829650412742836,7,right_fist,07-08,2310
E05_spatial_control,erd_lr,2,25,1,1,0.5443252384616267,7,left_fist,07-08,2311
E05_spatial_control,erd_lr,2,25,1,1,0.5080830520149728,7,right_fist,07-08,2312
E05_spatial_control,erd_lr,2,25,1,0,0.43255385305261773,7,left_fist,07-08,2313
E05_spatial_control,erd_lr,2,25,1,0,0.4840380444614799,7,left_fist,07-08,2314
E05_spatial_control,erd_lr,2,25,1,1,0.5128889066365053,7,right_fist,07-08,2315
E05_spatial_control,erd_lr,2,25,1,0,0.3278620771200774,7,left_fist,07-08,2316
E05_spatial_control,erd_lr,2,25,1,1,0.5682546384737811,7,right_fist,07-08,2317
E05_spatial_control,erd_lr,2,25,1,0,0.4662584133563534,7,left_fist,07-08,2318
E05_spatial_control,erd_lr,2,25,1,0,0.4857329200307328,7,right_fist,07-08,2319
E05_spatial_control,erd_lr,2,25,1,0,0.3713974109159107,7,left_fist,07-08,2320
E05_spatial_control,erd_lr,2,25,1,0,0.2517561284366682,7,right_fist,07-08,2321
E05_spatial_control,erd_lr,2,25,1,0,0.4375949157507581,7,right_fist,07-08,2322
E05_spatial_control,erd_lr,2,25,1,0,0.3885682646485231,7,left_fist,07-08,2323
E05_spatial_control,erd_lr,2,25,1,0,0.46125759720517384,7,left_fist,07-08,2324
E05_spatial_control,erd_lr,2,25,0,1,0.5468188282249855,8,left_fist,07-08,2325
E05_spatial_control,erd_lr,2,25,0,0,0.3669377225551091,8,right_fist,07-08,2326
E05_spatial_control,erd_lr,2,25,0,0,0.33392546282121083,8,right_fist,07-08,2327
E05_spatial_control,erd_lr,2,25,0,0,0.4232563594101711,8,left_fist,07-08,2328
E05_spatial_control,erd_lr,2,25,0,0,0.3363708610783983,8,left_fist,07-08,2329
E05_spatial_control,erd_lr,2,25,0,0,0.4914442462038711,8,right_fist,07-08,2330
E05_spatial_control,erd_lr,2,25,0,0,0.2525203061913745,8,right_fist,07-08,2331
E05_spatial_control,erd_lr,2,25,0,1,0.5485779350081998,8,left_fist,07-08,2332
E05_spatial_control,erd_lr,2,25,0,1,0.5423198198305726,8,left_fist,07-08,2333
E05_spatial_control,erd_lr,2,25,0,1,0.5233895796467208,8,right_fist,07-08,2334
E05_spatial_control,erd_lr,2,25,0,1,0.6484682913623291,8,left_fist,07-08,2335
E05_spatial_control,erd_lr,2,25,0,0,0.33873290079724394,8,right_fist,07-08,2336
E05_spatial_control,erd_lr,2,25,0,0,0.48193763090252595,8,right_fist,07-08,2337
E05_spatial_control,erd_lr,2,25,0,0,0.48358128981455534,8,left_fist,07-08,2338
E05_spatial_control,erd_lr,2,25,0,0,0.4935959628187205,8,right_fist,07-08,2339
E05_spatial_control,erd_lr,2,25,1,0,0.30818031667415996,9,both_fists,09-10,2340
E05_spatial_control,erd_lr,2,25,1,0,0.4330469513494191,9,both_feet,09-10,2341
E05_spatial_control,erd_lr,2,25,1,1,0.5441914565253314,9,both_fists,09-10,2342
E05_spatial_control,erd_lr,2,25,1,0,0.28285997976552946,9,both_feet,09-10,2343
E05_spatial_control,erd_lr,2,25,1,1,0.56509675561403,9,both_fists,09-10,2344
E05_spatial_control,erd_lr,2,25,1,1,0.5688161655845065,9,both_feet,09-10,2345
E05_spatial_control,erd_lr,2,25,1,0,0.4471889844871624,9,both_fists,09-10,2346
E05_spatial_control,erd_lr,2,25,1,0,0.48114215211492667,9,both_feet,09-10,2347
E05_spatial_control,erd_lr,2,25,1,1,0.5803793495068452,9,both_fists,09-10,2348
E05_spatial_control,erd_lr,2,25,1,1,0.5056201944486556,9,both_feet,09-10,2349
E05_spatial_control,erd_lr,2,25,1,0,0.4257060145879596,9,both_feet,09-10,2350
E05_spatial_control,erd_lr,2,25,1,0,0.31365472127946065,9,both_fists,09-10,2351
E05_spatial_control,erd_lr,2,25,1,0,0.3387619524915287,9,both_fists,09-10,2352
E05_spatial_control,erd_lr,2,25,1,1,0.5896325893151161,9,both_feet,09-10,2353
E05_spatial_control,erd_lr,2,25,1,0,0.4758709933093676,9,both_feet,09-10,2354
E05_spatial_control,erd_lr,2,25,0,1,0.5671380413600159,10,both_feet,09-10,2355
E05_spatial_control,erd_lr,2,25,0,1,0.60232805799225,10,both_fists,09-10,2356
E05_spatial_control,erd_lr,2,25,0,0,0.45298092914018734,10,both_fists,09-10,2357
E05_spatial_control,erd_lr,2,25,0,1,0.5507930386463652,10,both_feet,09-10,2358
E05_spatial_control,erd_lr,2,25,0,0,0.4203356786106253,10,both_feet,09-10,2359
E05_spatial_control,erd_lr,2,25,0,0,0.3698497671562444,10,both_fists,09-10,2360
E05_spatial_control,erd_lr,2,25,0,0,0.40368633001279264,10,both_feet,09-10,2361
E05_spatial_control,erd_lr,2,25,0,0,0.4733770265005802,10,both_fists,09-10,2362
E05_spatial_control,erd_lr,2,25,0,1,0.5622438342126374,10,both_feet,09-10,2363
E05_spatial_control,erd_lr,2,25,0,0,0.44097928433916644,10,both_fists,09-10,2364
E05_spatial_control,erd_lr,2,25,0,0,0.47319647252619557,10,both_fists,09-10,2365
E05_spatial_control,erd_lr,2,25,0,1,0.5079370990284117,10,both_feet,09-10,2366
E05_spatial_control,erd_lr,2,25,0,0,0.3505111790809763,10,both_feet,09-10,2367
E05_spatial_control,erd_lr,2,25,0,0,0.46911567203876375,10,both_fists,09-10,2368
E05_spatial_control,erd_lr,2,25,0,1,0.6063456286868812,10,both_fists,09-10,2369
E05_spatial_control,erd_lr,2,25,1,1,0.5385628098496337,11,right_fist,11-12,2370
E05_spatial_control,erd_lr,2,25,1,1,0.5722735509499259,11,left_fist,11-12,2371
E05_spatial_control,erd_lr,2,25,1,0,0.46251262251820024,11,left_fist,11-12,2372
E05_spatial_control,erd_lr,2,25,1,1,0.5192558861460198,11,right_fist,11-12,2373
E05_spatial_control,erd_lr,2,25,1,0,0.3516052573822017,11,right_fist,11-12,2374
E05_spatial_control,erd_lr,2,25,1,1,0.6255407988862995,11,left_fist,11-12,2375
E05_spatial_control,erd_lr,2,25,1,1,0.5655019830545817,11,left_fist,11-12,2376
E05_spatial_control,erd_lr,2,25,1,0,0.49665150322163126,11,right_fist,11-12,2377
E05_spatial_control,erd_lr,2,25,1,1,0.5201408335800126,11,left_fist,11-12,2378
E05_spatial_control,erd_lr,2,25,1,1,0.5803411877503468,11,right_fist,11-12,2379
E05_spatial_control,erd_lr,2,25,1,0,0.4283175209967071,11,left_fist,11-12,2380
E05_spatial_control,erd_lr,2,25,1,1,0.6045313070445105,11,right_fist,11-12,2381
E05_spatial_control,erd_lr,2,25,1,1,0.7259520516650197,11,left_fist,11-12,2382
E05_spatial_control,erd_lr,2,25,1,1,0.5057737104602115,11,right_fist,11-12,2383
E05_spatial_control,erd_lr,2,25,1,0,0.43566899416091726,11,left_fist,11-12,2384
E05_spatial_control,erd_lr,2,25,0,0,0.34878030983529995,12,right_fist,11-12,2385
E05_spatial_control,erd_lr,2,25,0,1,0.5256764485224821,12,left_fist,11-12,2386
E05_spatial_control,erd_lr,2,25,0,0,0.4880721728173743,12,left_fist,11-12,2387
E05_spatial_control,erd_lr,2,25,0,0,0.4516041095328005,12,right_fist,11-12,2388
E05_spatial_control,erd_lr,2,25,0,1,0.5807405844714194,12,left_fist,11-12,2389
E05_spatial_control,erd_lr,2,25,0,0,0.3532023888167419,12,right_fist,11-12,2390
E05_spatial_control,erd_lr,2,25,0,0,0.44685678769934545,12,right_fist,11-12,2391
E05_spatial_control,erd_lr,2,25,0,0,0.4460888459260281,12,left_fist,11-12,2392
E05_spatial_control,erd_lr,2,25,0,0,0.3562353890164135,12,right_fist,11-12,2393
E05_spatial_control,erd_lr,2,25,0,0,0.377311541167267,12,left_fist,11-12,2394
E05_spatial_control,erd_lr,2,25,0,0,0.433328804905533,12,right_fist,11-12,2395
E05_spatial_control,erd_lr,2,25,0,1,0.6049468670310503,12,left_fist,11-12,2396
E05_spatial_control,erd_lr,2,25,0,0,0.3505913730459938,12,left_fist,11-12,2397
E05_spatial_control,erd_lr,2,25,0,0,0.4884536342603712,12,right_fist,11-12,2398
E05_spatial_control,erd_lr,2,25,0,0,0.47126054614524593,12,left_fist,11-12,2399
E05_spatial_control,erd_lr,2,25,1,1,0.6373232938054876,13,both_feet,13-14,2400
E05_spatial_control,erd_lr,2,25,1,0,0.3223138707381805,13,both_fists,13-14,2401
E05_spatial_control,erd_lr,2,25,1,0,0.481284662799779,13,both_feet,13-14,2402
E05_spatial_control,erd_lr,2,25,1,1,0.560566881003014,13,both_fists,13-14,2403
E05_spatial_control,erd_lr,2,25,1,1,0.5382541494612707,13,both_fists,13-14,2404
E05_spatial_control,erd_lr,2,25,1,0,0.4672526385599105,13,both_feet,13-14,2405
E05_spatial_control,erd_lr,2,25,1,1,0.6117741288272569,13,both_feet,13-14,2406
E05_spatial_control,erd_lr,2,25,1,0,0.49291651188506547,13,both_fists,13-14,2407
E05_spatial_control,erd_lr,2,25,1,0,0.4053473320869965,13,both_feet,13-14,2408
E05_spatial_control,erd_lr,2,25,1,0,0.4951619575025548,13,both_fists,13-14,2409
E05_spatial_control,erd_lr,2,25,1,0,0.4681933036839696,13,both_feet,13-14,2410
E05_spatial_control,erd_lr,2,25,1,0,0.4566015743965176,13,both_fists,13-14,2411
E05_spatial_control,erd_lr,2,25,1,0,0.3653475046465447,13,both_fists,13-14,2412
E05_spatial_control,erd_lr,2,25,1,0,0.4462955597646239,13,both_feet,13-14,2413
E05_spatial_control,erd_lr,2,25,1,0,0.463331888686732,13,both_feet,13-14,2414
E05_spatial_control,erd_lr,2,25,0,1,0.554607338978542,14,both_feet,13-14,2415
E05_spatial_control,erd_lr,2,25,0,0,0.45635256920896017,14,both_fists,13-14,2416
E05_spatial_control,erd_lr,2,25,0,0,0.3847582477184417,14,both_feet,13-14,2417
E05_spatial_control,erd_lr,2,25,0,1,0.5804303296524486,14,both_fists,13-14,2418
E05_spatial_control,erd_lr,2,25,0,0,0.4212651220352547,14,both_fists,13-14,2419
E05_spatial_control,erd_lr,2,25,0,0,0.4742287319727817,14,both_feet,13-14,2420
E05_spatial_control,erd_lr,2,25,0,0,0.48698365757162504,14,both_fists,13-14,2421
E05_spatial_control,erd_lr,2,25,0,0,0.49634704017933223,14,both_feet,13-14,2422
E05_spatial_control,erd_lr,2,25,0,1,0.5870476403167783,14,both_feet,13-14,2423
E05_spatial_control,erd_lr,2,25,0,0,0.4968362809318135,14,both_fists,13-14,2424
E05_spatial_control,erd_lr,2,25,0,1,0.5266275110255351,14,both_fists,13-14,2425
E05_spatial_control,erd_lr,2,25,0,1,0.5249790339389296,14,both_feet,13-14,2426
E05_spatial_control,erd_lr,2,25,0,0,0.48331969503466515,14,both_feet,13-14,2427
E05_spatial_control,erd_lr,2,25,0,1,0.5965125079583193,14,both_fists,13-14,2428
E05_spatial_control,erd_lr,2,25,0,1,0.5000881487721366,14,both_fists,13-14,2429
E05_spatial_control,erd_lr,2,30,1,0,0.4095358727643548,3,right_fist,03-04,2868
E05_spatial_control,erd_lr,2,30,1,1,0.5285495051126802,3,left_fist,03-04,2869
E05_spatial_control,erd_lr,2,30,1,0,0.48934818904203536,3,right_fist,03-04,2870
E05_spatial_control,erd_lr,2,30,1,0,0.40497108221753586,3,left_fist,03-04,2871
E05_spatial_control,erd_lr,2,30,1,0,0.3975555567973591,3,right_fist,03-04,2872
E05_spatial_control,erd_lr,2,30,1,0,0.3691764116747779,3,left_fist,03-04,2873
E05_spatial_control,erd_lr,2,30,1,1,0.6953358842466004,3,right_fist,03-04,2874
E05_spatial_control,erd_lr,2,30,1,0,0.46058249870594625,3,left_fist,03-04,2875
E05_spatial_control,erd_lr,2,30,1,1,0.7691043693653087,3,left_fist,03-04,2876
E05_spatial_control,erd_lr,2,30,1,1,0.5488077144990792,3,right_fist,03-04,2877
E05_spatial_control,erd_lr,2,30,1,1,0.5033020765088162,3,left_fist,03-04,2878
E05_spatial_control,erd_lr,2,30,1,1,0.5045871468099176,3,right_fist,03-04,2879
E05_spatial_control,erd_lr,2,30,1,0,0.42780959923358713,3,right_fist,03-04,2880
E05_spatial_control,erd_lr,2,30,1,1,0.5615485316369527,3,left_fist,03-04,2881
E05_spatial_control,erd_lr,2,30,1,1,0.5820875563780664,3,right_fist,03-04,2882
E05_spatial_control,erd_lr,2,30,0,0,0.43772802411979217,4,right_fist,03-04,2883
E05_spatial_control,erd_lr,2,30,0,1,0.5038307101726818,4,left_fist,03-04,2884
E05_spatial_control,erd_lr,2,30,0,1,0.5314136759065483,4,left_fist,03-04,2885
E05_spatial_control,erd_lr,2,30,0,0,0.43356099821379795,4,right_fist,03-04,2886
E05_spatial_control,erd_lr,2,30,0,1,0.6829985573316574,4,right_fist,03-04,2887
E05_spatial_control,erd_lr,2,30,0,1,0.542750460718854,4,left_fist,03-04,2888
E05_spatial_control,erd_lr,2,30,0,1,0.5318184272325837,4,left_fist,03-04,2889
E05_spatial_control,erd_lr,2,30,0,0,0.47363377041400284,4,right_fist,03-04,2890
E05_spatial_control,erd_lr,2,30,0,1,0.5049175663710239,4,left_fist,03-04,2891
E05_spatial_control,erd_lr,2,30,0,1,0.5351485239099133,4,right_fist,03-04,2892
E05_spatial_control,erd_lr,2,30,0,0,0.3452054330258223,4,left_fist,03-04,2893
E05_spatial_control,erd_lr,2,30,0,0,0.4476067789166358,4,right_fist,03-04,2894
E05_spatial_control,erd_lr,2,30,0,1,0.558899995536959,4,right_fist,03-04,2895
E05_spatial_control,erd_lr,2,30,0,0,0.49540680564796774,4,left_fist,03-04,2896
E05_spatial_control,erd_lr,2,30,0,1,0.5250102764495365,4,left_fist,03-04,2897
E05_spatial_control,erd_lr,2,30,1,1,0.6104455669989688,5,both_fists,05-06,2898
E05_spatial_control,erd_lr,2,30,1,1,0.546937307178988,5,both_feet,05-06,2899
E05_spatial_control,erd_lr,2,30,1,0,0.49673602229655317,5,both_fists,05-06,2900
E05_spatial_control,erd_lr,2,30,1,0,0.4633761876387191,5,both_feet,05-06,2901
E05_spatial_control,erd_lr,2,30,1,1,0.5725829033664969,5,both_feet,05-06,2902
E05_spatial_control,erd_lr,2,30,1,0,0.47883231127929926,5,both_fists,05-06,2903
E05_spatial_control,erd_lr,2,30,1,0,0.49884477506827174,5,both_fists,05-06,2904
E05_spatial_control,erd_lr,2,30,1,0,0.4306319202819573,5,both_feet,05-06,2905
E05_spatial_control,erd_lr,2,30,1,1,0.6307931688631094,5,both_fists,05-06,2906
E05_spatial_control,erd_lr,2,30,1,0,0.4712336402774391,5,both_feet,05-06,2907
E05_spatial_control,erd_lr,2,30,1,0,0.3126954044203015,5,both_feet,05-06,2908
E05_spatial_control,erd_lr,2,30,1,0,0.39325854183462383,5,both_fists,05-06,2909
E05_spatial_control,erd_lr,2,30,1,0,0.3622973019230168,5,both_feet,05-06,2910
E05_spatial_control,erd_lr,2,30,1,0,0.4130500460396744,5,both_fists,05-06,2911
E05_spatial_control,erd_lr,2,30,1,1,0.5947396299572858,5,both_fists,05-06,2912
E05_spatial_control,erd_lr,2,30,0,0,0.3616423903001301,6,both_feet,05-06,2913
E05_spatial_control,erd_lr,2,30,0,1,0.5161311717323983,6,both_fists,05-06,2914
E05_spatial_control,erd_lr,2,30,0,0,0.4132292930335879,6,both_fists,05-06,2915
E05_spatial_control,erd_lr,2,30,0,0,0.33242356041495713,6,both_feet,05-06,2916
E05_spatial_control,erd_lr,2,30,0,0,0.4271764626892723,6,both_fists,05-06,2917
E05_spatial_control,erd_lr,2,30,0,0,0.4533849117281152,6,both_feet,05-06,2918
E05_spatial_control,erd_lr,2,30,0,0,0.4915358260580092,6,both_fists,05-06,2919
E05_spatial_control,erd_lr,2,30,0,1,0.5185090305592738,6,both_feet,05-06,2920
E05_spatial_control,erd_lr,2,30,0,1,0.5613746306383189,6,both_fists,05-06,2921
E05_spatial_control,erd_lr,2,30,0,1,0.5005359507753966,6,both_feet,05-06,2922
E05_spatial_control,erd_lr,2,30,0,0,0.39257508147256276,6,both_feet,05-06,2923
E05_spatial_control,erd_lr,2,30,0,0,0.486004410460518,6,both_fists,05-06,2924
E05_spatial_control,erd_lr,2,30,0,0,0.48066867662494833,6,both_fists,05-06,2925
E05_spatial_control,erd_lr,2,30,0,0,0.3775182355714672,6,both_feet,05-06,2926
E05_spatial_control,erd_lr,2,30,0,1,0.5000429260418403,6,both_fists,05-06,2927
E05_spatial_control,erd_lr,2,30,1,1,0.5711378248316842,7,right_fist,07-08,2928
E05_spatial_control,erd_lr,2,30,1,1,0.6212706405999339,7,left_fist,07-08,2929
E05_spatial_control,erd_lr,2,30,1,0,0.45914587251215483,7,right_fist,07-08,2930
E05_spatial_control,erd_lr,2,30,1,0,0.4468672789036514,7,left_fist,07-08,2931
E05_spatial_control,erd_lr,2,30,1,1,0.6375446968928298,7,left_fist,07-08,2932
E05_spatial_control,erd_lr,2,30,1,1,0.525481920862339,7,right_fist,07-08,2933
E05_spatial_control,erd_lr,2,30,1,1,0.5323936956530718,7,left_fist,07-08,2934
E05_spatial_control,erd_lr,2,30,1,1,0.6698702782691305,7,right_fist,07-08,2935
E05_spatial_control,erd_lr,2,30,1,1,0.5317574096002592,7,left_fist,07-08,2936
E05_spatial_control,erd_lr,2,30,1,1,0.5045181332268566,7,right_fist,07-08,2937
E05_spatial_control,erd_lr,2,30,1,0,0.49255632130381544,7,left_fist,07-08,2938
E05_spatial_control,erd_lr,2,30,1,1,0.6118758483489054,7,right_fist,07-08,2939
E05_spatial_control,erd_lr,2,30,1,0,0.4988989331160095,7,left_fist,07-08,2940
E05_spatial_control,erd_lr,2,30,1,1,0.5658149737291243,7,right_fist,07-08,2941
E05_spatial_control,erd_lr,2,30,1,1,0.5873659026644582,7,left_fist,07-08,2942
E05_spatial_control,erd_lr,2,30,0,0,0.4300314331253292,8,left_fist,07-08,2943
E05_spatial_control,erd_lr,2,30,0,0,0.3082424417390728,8,right_fist,07-08,2944
E05_spatial_control,erd_lr,2,30,0,1,0.5207194165772652,8,right_fist,07-08,2945
E05_spatial_control,erd_lr,2,30,0,0,0.49939146402470286,8,left_fist,07-08,2946
E05_spatial_control,erd_lr,2,30,0,0,0.4064543593540698,8,left_fist,07-08,2947
E05_spatial_control,erd_lr,2,30,0,1,0.5546373665419994,8,right_fist,07-08,2948
E05_spatial_control,erd_lr,2,30,0,0,0.4671378963304267,8,left_fist,07-08,2949
E05_spatial_control,erd_lr,2,30,0,1,0.5524401910791507,8,right_fist,07-08,2950
E05_spatial_control,erd_lr,2,30,0,1,0.5181934461873826,8,right_fist,07-08,2951
E05_spatial_control,erd_lr,2,30,0,0,0.39203455404481663,8,left_fist,07-08,2952
E05_spatial_control,erd_lr,2,30,0,0,0.44917579593827,8,right_fist,07-08,2953
E05_spatial_control,erd_lr,2,30,0,1,0.5440541448950146,8,left_fist,07-08,2954
E05_spatial_control,erd_lr,2,30,0,0,0.3971265434258633,8,right_fist,07-08,2955
E05_spatial_control,erd_lr,2,30,0,1,0.5814292729582631,8,left_fist,07-08,2956
E05_spatial_control,erd_lr,2,30,0,0,0.4757187955158145,8,left_fist,07-08,2957
E05_spatial_control,erd_lr,2,30,1,0,0.417273324345803,9,both_fists,09-10,2958
E05_spatial_control,erd_lr,2,30,1,0,0.450515554852169,9,both_feet,09-10,2959
E05_spatial_control,erd_lr,2,30,1,1,0.5493810344145382,9,both_fists,09-10,2960
E05_spatial_control,erd_lr,2,30,1,1,0.5101304262124555,9,both_feet,09-10,2961
E05_spatial_control,erd_lr,2,30,1,1,0.5444277952002521,9,both_fists,09-10,2962
E05_spatial_control,erd_lr,2,30,1,0,0.41481580996156314,9,both_feet,09-10,2963
E05_spatial_control,erd_lr,2,30,1,0,0.410437074315715,9,both_fists,09-10,2964
E05_spatial_control,erd_lr,2,30,1,0,0.4242028046999406,9,both_feet,09-10,2965
E05_spatial_control,erd_lr,2,30,1,0,0.4929821410832025,9,both_feet,09-10,2966
E05_spatial_control,erd_lr,2,30,1,0,0.3069668934122751,9,both_fists,09-10,2967
E05_spatial_control,erd_lr,2,30,1,1,0.5736022774112957,9,both_feet,09-10,2968
E05_spatial_control,erd_lr,2,30,1,0,0.34280595973269445,9,both_fists,09-10,2969
E05_spatial_control,erd_lr,2,30,1,1,0.5301762277450355,9,both_fists,09-10,2970
E05_spatial_control,erd_lr,2,30,1,1,0.5926442139194806,9,both_feet,09-10,2971
E05_spatial_control,erd_lr,2,30,1,0,0.4660331043134204,9,both_feet,09-10,2972
E05_spatial_control,erd_lr,2,30,0,0,0.48252725597357915,10,both_feet,09-10,2973
E05_spatial_control,erd_lr,2,30,0,0,0.2865826239637392,10,both_fists,09-10,2974
E05_spatial_control,erd_lr,2,30,0,0,0.38432014194539543,10,both_feet,09-10,2975
E05_spatial_control,erd_lr,2,30,0,0,0.4666151801965489,10,both_fists,09-10,2976
E05_spatial_control,erd_lr,2,30,0,1,0.6636485922548734,10,both_fists,09-10,2977
E05_spatial_control,erd_lr,2,30,0,1,0.5625212967626483,10,both_feet,09-10,2978
E05_spatial_control,erd_lr,2,30,0,0,0.38816311044759466,10,both_fists,09-10,2979
E05_spatial_control,erd_lr,2,30,0,0,0.4362150308665503,10,both_feet,09-10,2980
E05_spatial_control,erd_lr,2,30,0,0,0.45890349228960514,10,both_fists,09-10,2981
E05_spatial_control,erd_lr,2,30,0,0,0.42381258569859387,10,both_feet,09-10,2982
E05_spatial_control,erd_lr,2,30,0,0,0.45317379928555507,10,both_feet,09-10,2983
E05_spatial_control,erd_lr,2,30,0,0,0.4349517121005302,10,both_fists,09-10,2984
E05_spatial_control,erd_lr,2,30,0,1,0.5502626679170042,10,both_fists,09-10,2985
E05_spatial_control,erd_lr,2,30,0,0,0.3865533244278471,10,both_feet,09-10,2986
E05_spatial_control,erd_lr,2,30,0,0,0.3766556786087258,10,both_fists,09-10,2987
E05_spatial_control,erd_lr,2,30,1,0,0.3814297325529831,11,right_fist,11-12,2988
E05_spatial_control,erd_lr,2,30,1,1,0.5681391247027489,11,left_fist,11-12,2989
E05_spatial_control,erd_lr,2,30,1,1,0.5275126187990195,11,right_fist,11-12,2990
E05_spatial_control,erd_lr,2,30,1,1,0.6574521966559023,11,left_fist,11-12,2991
E05_spatial_control,erd_lr,2,30,1,0,0.41899647553566266,11,right_fist,11-12,2992
E05_spatial_control,erd_lr,2,30,1,0,0.39101707944087427,11,left_fist,11-12,2993
E05_spatial_control,erd_lr,2,30,1,1,0.5205407106832505,11,left_fist,11-12,2994
E05_spatial_control,erd_lr,2,30,1,0,0.39177862905212796,11,right_fist,11-12,2995
E05_spatial_control,erd_lr,2,30,1,0,0.4930753416040538,11,right_fist,11-12,2996
E05_spatial_control,erd_lr,2,30,1,1,0.5136034233460821,11,left_fist,11-12,2997
E05_spatial_control,erd_lr,2,30,1,1,0.5882601436605785,11,right_fist,11-12,2998
E05_spatial_control,erd_lr,2,30,1,0,0.4829594217617519,11,left_fist,11-12,2999
E05_spatial_control,erd_lr,2,30,1,0,0.36726328221675203,11,right_fist,11-12,3000
E05_spatial_control,erd_lr,2,30,1,0,0.486253385195196,11,left_fist,11-12,3001
E05_spatial_control,erd_lr,2,30,1,1,0.5475845429212177,11,right_fist,11-12,3002
E05_spatial_control,erd_lr,2,30,0,0,0.399639068817899,12,right_fist,11-12,3003
E05_spatial_control,erd_lr,2,30,0,0,0.47850221104607427,12,left_fist,11-12,3004
E05_spatial_control,erd_lr,2,30,0,0,0.40871009586315926,12,right_fist,11-12,3005
E05_spatial_control,erd_lr,2,30,0,1,0.6252946479938497,12,left_fist,11-12,3006
E05_spatial_control,erd_lr,2,30,0,1,0.6412896564895538,12,left_fist,11-12,3007
E05_spatial_control,erd_lr,2,30,0,0,0.3667236650454298,12,right_fist,11-12,3008
E05_spatial_control,erd_lr,2,30,0,0,0.4026784842096005,12,right_fist,11-12,3009
E05_spatial_control,erd_lr,2,30,0,1,0.5083936488405247,12,left_fist,11-12,3010
E05_spatial_control,erd_lr,2,30,0,0,0.45198328053620246,12,left_fist,11-12,3011
E05_spatial_control,erd_lr,2,30,0,1,0.5973989792687014,12,right_fist,11-12,3012
E05_spatial_control,erd_lr,2,30,0,1,0.5188588864108481,12,left_fist,11-12,3013
E05_spatial_control,erd_lr,2,30,0,1,0.5809477313993229,12,right_fist,11-12,3014
E05_spatial_control,erd_lr,2,30,0,0,0.4517716856193172,12,right_fist,11-12,3015
E05_spatial_control,erd_lr,2,30,0,0,0.2928031013429701,12,left_fist,11-12,3016
E05_spatial_control,erd_lr,2,30,0,1,0.5119403384311542,12,left_fist,11-12,3017
E05_spatial_control,erd_lr,2,30,1,0,0.3868907919478687,13,both_fists,13-14,3018
E05_spatial_control,erd_lr,2,30,1,0,0.4386059555958647,13,both_feet,13-14,3019
E05_spatial_control,erd_lr,2,30,1,0,0.4345173845012212,13,both_fists,13-14,3020
E05_spatial_control,erd_lr,2,30,1,0,0.44340227326316384,13,both_feet,13-14,3021
E05_spatial_control,erd_lr,2,30,1,0,0.4433200503523294,13,both_fists,13-14,3022
E05_spatial_control,erd_lr,2,30,1,0,0.41290355794186184,13,both_feet,13-14,3023
E05_spatial_control,erd_lr,2,30,1,0,0.38375000723625863,13,both_fists,13-14,3024
E05_spatial_control,erd_lr,2,30,1,0,0.3849330187247828,13,both_feet,13-14,3025
E05_spatial_control,erd_lr,2,30,1,0,0.4426714906452132,13,both_fists,13-14,3026
E05_spatial_control,erd_lr,2,30,1,1,0.5057204747953286,13,both_feet,13-14,3027
E05_spatial_control,erd_lr,2,30,1,0,0.47846741548039357,13,both_feet,13-14,3028
E05_spatial_control,erd_lr,2,30,1,1,0.5047881083940777,13,both_fists,13-14,3029
E05_spatial_control,erd_lr,2,30,1,0,0.4019882438008555,13,both_feet,13-14,3030
E05_spatial_control,erd_lr,2,30,1,1,0.5503226528403518,13,both_fists,13-14,3031
E05_spatial_control,erd_lr,2,30,1,0,0.4895102249702836,13,both_feet,13-14,3032
E05_spatial_control,erd_lr,2,30,0,0,0.3763313602409086,14,both_feet,13-14,3033
E05_spatial_control,erd_lr,2,30,0,0,0.42857199492128456,14,both_fists,13-14,3034
E05_spatial_control,erd_lr,2,30,0,1,0.503261526210499,14,both_feet,13-14,3035
E05_spatial_control,erd_lr,2,30,0,1,0.5146160702448382,14,both_fists,13-14,3036
E05_spatial_control,erd_lr,2,30,0,0,0.4066599264755374,14,both_feet,13-14,3037
E05_spatial_control,erd_lr,2,30,0,0,0.4563204384599379,14,both_fists,13-14,3038
E05_spatial_control,erd_lr,2,30,0,0,0.3066664271917762,14,both_feet,13-14,3039
E05_spatial_control,erd_lr,2,30,0,1,0.5254092531387261,14,both_fists,13-14,3040
E05_spatial_control,erd_lr,2,30,0,0,0.3317339064769143,14,both_fists,13-14,3041
E05_spatial_control,erd_lr,2,30,0,1,0.5892090399021872,14,both_feet,13-14,3042
E05_spatial_control,erd_lr,2,30,0,1,0.5208699386411917,14,both_feet,13-14,3043
E05_spatial_control,erd_lr,2,30,0,0,0.33844407090714906,14,both_fists,13-14,3044
E05_spatial_control,erd_lr,2,30,0,0,0.37206089792989083,14,both_feet,13-14,3045
E05_spatial_control,erd_lr,2,30,0,1,0.5641543303478647,14,both_fists,13-14,3046
E05_spatial_control,erd_lr,2,30,0,0,0.4649095460179715,14,both_fists,13-14,3047
E05_spatial_control,erd_lr,2,35,1,0,0.3491061678462049,3,right_fist,03-04,3586
E05_spatial_control,erd_lr,2,35,1,1,0.5106259611822109,3,left_fist,03-04,3587
E05_spatial_control,erd_lr,2,35,1,1,0.5224440589492108,3,left_fist,03-04,3588
E05_spatial_control,erd_lr,2,35,1,1,0.5639509677197666,3,right_fist,03-04,3589
E05_spatial_control,erd_lr,2,35,1,1,0.6604831223938183,3,right_fist,03-04,3590
E05_spatial_control,erd_lr,2,35,1,0,0.39938640613121473,3,left_fist,03-04,3591
E05_spatial_control,erd_lr,2,35,1,1,0.651609667072841,3,right_fist,03-04,3592
E05_spatial_control,erd_lr,2,35,0,1,0.5875059200454363,4,left_fist,03-04,3593
E05_spatial_control,erd_lr,2,35,0,1,0.5065620963625967,4,right_fist,03-04,3594
E05_spatial_control,erd_lr,2,35,0,1,0.5511907481471229,4,right_fist,03-04,3595
E05_spatial_control,erd_lr,2,35,0,1,0.5647781536935915,4,left_fist,03-04,3596
E05_spatial_control,erd_lr,2,35,0,0,0.4625281537598965,4,right_fist,03-04,3597
E05_spatial_control,erd_lr,2,35,0,1,0.5938734996894902,4,left_fist,03-04,3598
E05_spatial_control,erd_lr,2,35,0,0,0.4377635509343379,4,right_fist,03-04,3599
E05_spatial_control,erd_lr,2,35,0,0,0.3861746188032044,4,left_fist,03-04,3600
E05_spatial_control,erd_lr,2,35,0,0,0.40202193774216766,4,left_fist,03-04,3601
E05_spatial_control,erd_lr,2,35,0,1,0.5376077181668781,4,right_fist,03-04,3602
E05_spatial_control,erd_lr,2,35,0,0,0.4339705862681554,4,left_fist,03-04,3603
E05_spatial_control,erd_lr,2,35,0,1,0.5323570952268449,4,right_fist,03-04,3604
E05_spatial_control,erd_lr,2,35,0,0,0.4930452864332375,4,left_fist,03-04,3605
E05_spatial_control,erd_lr,2,35,0,1,0.6144414609428731,4,right_fist,03-04,3606
E05_spatial_control,erd_lr,2,35,0,0,0.44216736436848025,4,left_fist,03-04,3607
E05_spatial_control,erd_lr,2,35,1,1,0.5157715929496142,5,both_feet,05-06,3608
E05_spatial_control,erd_lr,2,35,1,0,0.4179503990364808,5,both_fists,05-06,3609
E05_spatial_control,erd_lr,2,35,1,1,0.5052687576916904,5,both_feet,05-06,3610
E05_spatial_control,erd_lr,2,35,1,1,0.54813278056438,5,both_fists,05-06,3611
E05_spatial_control,erd_lr,2,35,1,0,0.35947446714497594,5,both_feet,05-06,3612
E05_spatial_control,erd_lr,2,35,1,1,0.5301267716936057,5,both_fists,05-06,3613
E05_spatial_control,erd_lr,2,35,1,1,0.6401529522379718,5,both_fists,05-06,3614
E05_spatial_control,erd_lr,2,35,1,0,0.4907715834582834,5,both_feet,05-06,3615
E05_spatial_control,erd_lr,2,35,1,0,0.33904623048520577,5,both_fists,05-06,3616
E05_spatial_control,erd_lr,2,35,1,0,0.49322737729231325,5,both_feet,05-06,3617
E05_spatial_control,erd_lr,2,35,1,1,0.5529066108926044,5,both_feet,05-06,3618
E05_spatial_control,erd_lr,2,35,1,1,0.5328604797596862,5,both_fists,05-06,3619
E05_spatial_control,erd_lr,2,35,1,1,0.6106291928850898,5,both_feet,05-06,3620
E05_spatial_control,erd_lr,2,35,1,1,0.5033315726696947,5,both_fists,05-06,3621
E05_spatial_control,erd_lr,2,35,1,1,0.5061450041226003,5,both_fists,05-06,3622
E05_spatial_control,erd_lr,2,35,0,0,0.4596203993632114,6,both_fists,05-06,3623
E05_spatial_control,erd_lr,2,35,0,1,0.5859032692630108,6,both_feet,05-06,3624
E05_spatial_control,erd_lr,2,35,0,0,0.41835400664536304,6,both_feet,05-06,3625
E05_spatial_control,erd_lr,2,35,0,0,0.45874988701520847,6,both_fists,05-06,3626
E05_spatial_control,erd_lr,2,35,0,1,0.7430767668762799,6,both_fists,05-06,3627
E05_spatial_control,erd_lr,2,35,0,1,0.5938958200434639,6,both_feet,05-06,3628
E05_spatial_control,erd_lr,2,35,0,1,0.5449632163572588,6,both_fists,05-06,3629
E05_spatial_control,erd_lr,2,35,0,0,0.4907518176481291,6,both_feet,05-06,3630
E05_spatial_control,erd_lr,2,35,0,0,0.4841562499031489,6,both_feet,05-06,3631
E05_spatial_control,erd_lr,2,35,0,0,0.48460806201343626,6,both_fists,05-06,3632
E05_spatial_control,erd_lr,2,35,0,0,0.4308152526351712,6,both_fists,05-06,3633
E05_spatial_control,erd_lr,2,35,0,0,0.48158261249694856,6,both_feet,05-06,3634
E05_spatial_control,erd_lr,2,35,0,1,0.5640525404790535,6,both_fists,05-06,3635
E05_spatial_control,erd_lr,2,35,0,1,0.5257109653174896,6,both_feet,05-06,3636
E05_spatial_control,erd_lr,2,35,0,1,0.5610811011723107,6,both_fists,05-06,3637
E05_spatial_control,erd_lr,2,35,1,1,0.533857643841667,7,right_fist,07-08,3638
E05_spatial_control,erd_lr,2,35,1,0,0.4468650412892559,7,left_fist,07-08,3639
E05_spatial_control,erd_lr,2,35,1,0,0.4098225170653749,7,right_fist,07-08,3640
E05_spatial_control,erd_lr,2,35,1,0,0.45744018104952733,7,left_fist,07-08,3641
E05_spatial_control,erd_lr,2,35,1,0,0.3452960602617664,7,left_fist,07-08,3642
E05_spatial_control,erd_lr,2,35,1,1,0.6606369221091261,7,right_fist,07-08,3643
E05_spatial_control,erd_lr,2,35,1,0,0.4327218798037389,7,left_fist,07-08,3644
E05_spatial_control,erd_lr,2,35,1,1,0.6629822654200335,7,right_fist,07-08,3645
E05_spatial_control,erd_lr,2,35,1,1,0.6426895262881251,7,right_fist,07-08,3646
E05_spatial_control,erd_lr,2,35,1,0,0.41283376238026087,7,left_fist,07-08,3647
E05_spatial_control,erd_lr,2,35,1,1,0.5062401635560789,7,right_fist,07-08,3648
E05_spatial_control,erd_lr,2,35,1,0,0.3937047319333063,7,left_fist,07-08,3649
E05_spatial_control,erd_lr,2,35,1,1,0.596805687394587,7,left_fist,07-08,3650
E05_spatial_control,erd_lr,2,35,1,1,0.5276561412553494,7,right_fist,07-08,3651
E05_spatial_control,erd_lr,2,35,1,1,0.5562974427377559,7,right_fist,07-08,3652
E05_spatial_control,erd_lr,2,35,0,1,0.5058623183572698,8,right_fist,07-08,3653
E05_spatial_control,erd_lr,2,35,0,0,0.48959228124455445,8,left_fist,07-08,3654
E05_spatial_control,erd_lr,2,35,0,1,0.5659068885041053,8,right_fist,07-08,3655
E05_spatial_control,erd_lr,2,35,0,0,0.43175311761233043,8,left_fist,07-08,3656
E05_spatial_control,erd_lr,2,35,0,0,0.460742585909972,8,right_fist,07-08,3657
E05_spatial_control,erd_lr,2,35,0,0,0.36862791964473396,8,left_fist,07-08,3658
E05_spatial_control,erd_lr,2,35,0,1,0.524353111957366,8,right_fist,07-08,3659
E05_spatial_control,erd_lr,2,35,0,1,0.5105432530684871,8,left_fist,07-08,3660
E05_spatial_control,erd_lr,2,35,0,0,0.4201562943902032,8,left_fist,07-08,3661
E05_spatial_control,erd_lr,2,35,0,0,0.4741556608483995,8,right_fist,07-08,3662
E05_spatial_control,erd_lr,2,35,0,1,0.5769790342467959,8,left_fist,07-08,3663
E05_spatial_control,erd_lr,2,35,0,1,0.5206828242692768,8,right_fist,07-08,3664
E05_spatial_control,erd_lr,2,35,0,1,0.5518002360301283,8,right_fist,07-08,3665
E05_spatial_control,erd_lr,2,35,0,0,0.3657521706747941,8,left_fist,07-08,3666
E05_spatial_control,erd_lr,2,35,0,0,0.3143789990648332,8,right_fist,07-08,3667
E05_spatial_control,erd_lr,2,35,1,1,0.5638614606917006,9,both_fists,09-10,3668
E05_spatial_control,erd_lr,2,35,1,1,0.5518231448922127,9,both_feet,09-10,3669
E05_spatial_control,erd_lr,2,35,1,0,0.2264824265777465,9,both_feet,09-10,3670
E05_spatial_control,erd_lr,2,35,1,0,0.4218851130452254,9,both_fists,09-10,3671
E05_spatial_control,erd_lr,2,35,1,0,0.47173054568362777,9,both_fists,09-10,3672
E05_spatial_control,erd_lr,2,35,1,0,0.30090673903824616,9,both_feet,09-10,3673
E05_spatial_control,erd_lr,2,35,1,0,0.40453920954859146,9,both_feet,09-10,3674
E05_spatial_control,erd_lr,2,35,1,0,0.4703399376312924,9,both_fists,09-10,3675
E05_spatial_control,erd_lr,2,35,1,1,0.6926041418313084,9,both_feet,09-10,3676
E05_spatial_control,erd_lr,2,35,1,1,0.5611763055368576,9,both_fists,09-10,3677
E05_spatial_control,erd_lr,2,35,1,1,0.5751602189927704,9,both_feet,09-10,3678
E05_spatial_control,erd_lr,2,35,1,1,0.6173963865115087,9,both_fists,09-10,3679
E05_spatial_control,erd_lr,2,35,1,0,0.47608760690408647,9,both_feet,09-10,3680
E05_spatial_control,erd_lr,2,35,1,0,0.34581203315680636,9,both_fists,09-10,3681
E05_spatial_control,erd_lr,2,35,1,0,0.45088509640677343,9,both_feet,09-10,3682
E05_spatial_control,erd_lr,2,35,0,0,0.35066833877258924,10,both_feet,09-10,3683
E05_spatial_control,erd_lr,2,35,0,0,0.3904953101907889,10,both_fists,09-10,3684
E05_spatial_control,erd_lr,2,35,0,1,0.5447403585459896,10,both_fists,09-10,3685
E05_spatial_control,erd_lr,2,35,0,0,0.39707862005839234,10,both_feet,09-10,3686
E05_spatial_control,erd_lr,2,35,0,0,0.413718060650014,10,both_fists,09-10,3687
E05_spatial_control,erd_lr,2,35,0,0,0.379939725995963,10,both_feet,09-10,3688
E05_spatial_control,erd_lr,2,35,0,1,0.5290231683130892,10,both_feet,09-10,3689
E05_spatial_control,erd_lr,2,35,0,0,0.2895262130833037,10,both_fists,09-10,3690
E05_spatial_control,erd_lr,2,35,0,1,0.6353989124692031,10,both_fists,09-10,3691
E05_spatial_control,erd_lr,2,35,0,0,0.41048228244351703,10,both_feet,09-10,3692
E05_spatial_control,erd_lr,2,35,0,1,0.5507846901645819,10,both_fists,09-10,3693
E05_spatial_control,erd_lr,2,35,0,1,0.5075382003837997,10,both_feet,09-10,3694
E05_spatial_control,erd_lr,2,35,0,1,0.5576602652865666,10,both_feet,09-10,3695
E05_spatial_control,erd_lr,2,35,0,0,0.38581038398442924,10,both_fists,09-10,3696
E05_spatial_control,erd_lr,2,35,0,0,0.47816707880759574,10,both_fists,09-10,3697
E05_spatial_control,erd_lr,2,35,1,1,0.5171813463932412,11,right_fist,11-12,3698
E05_spatial_control,erd_lr,2,35,1,1,0.5755548846012405,11,left_fist,11-12,3699
E05_spatial_control,erd_lr,2,35,1,0,0.49996806059298005,11,right_fist,11-12,3700
E05_spatial_control,erd_lr,2,35,1,1,0.6681616399146415,11,left_fist,11-12,3701
E05_spatial_control,erd_lr,2,35,1,1,0.6298355494336326,11,left_fist,11-12,3702
E05_spatial_control,erd_lr,2,35,1,1,0.5296439550373913,11,right_fist,11-12,3703
E05_spatial_control,erd_lr,2,35,1,1,0.6369474330851411,11,left_fist,11-12,3704
E05_spatial_control,erd_lr,2,35,1,0,0.4605077491138372,11,right_fist,11-12,3705
E05_spatial_control,erd_lr,2,35,1,1,0.5466936767089702,11,right_fist,11-12,3706
E05_spatial_control,erd_lr,2,35,1,0,0.3618934941631343,11,left_fist,11-12,3707
E05_spatial_control,erd_lr,2,35,1,0,0.4870796116734321,11,right_fist,11-12,3708
E05_spatial_control,erd_lr,2,35,1,0,0.4124818699147517,11,left_fist,11-12,3709
E05_spatial_control,erd_lr,2,35,1,0,0.48853472949805365,11,right_fist,11-12,3710
E05_spatial_control,erd_lr,2,35,1,0,0.40597943791592817,11,left_fist,11-12,3711
E05_spatial_control,erd_lr,2,35,1,1,0.5780391723062323,11,right_fist,11-12,3712
E05_spatial_control,erd_lr,2,35,0,0,0.4806126052752549,12,left_fist,11-12,3713
E05_spatial_control,erd_lr,2,35,0,0,0.3722321082763012,12,right_fist,11-12,3714
E05_spatial_control,erd_lr,2,35,0,1,0.5871177396234394,12,left_fist,11-12,3715
E05_spatial_control,erd_lr,2,35,0,0,0.4296347982576131,12,right_fist,11-12,3716
E05_spatial_control,erd_lr,2,35,0,1,0.5369646736624973,12,right_fist,11-12,3717
E05_spatial_control,erd_lr,2,35,0,1,0.5273512775742436,12,left_fist,11-12,3718
E05_spatial_control,erd_lr,2,35,0,0,0.4419407965437666,12,right_fist,11-12,3719
E05_spatial_control,erd_lr,2,35,0,0,0.46983245333899176,12,left_fist,11-12,3720
E05_spatial_control,erd_lr,2,35,0,1,0.6367610585872411,12,left_fist,11-12,3721
E05_spatial_control,erd_lr,2,35,0,1,0.509982460679353,12,right_fist,11-12,3722
E05_spatial_control,erd_lr,2,35,0,1,0.582071291760974,12,right_fist,11-12,3723
E05_spatial_control,erd_lr,2,35,0,1,0.5327402586901212,12,left_fist,11-12,3724
E05_spatial_control,erd_lr,2,35,0,0,0.4684965553422518,12,left_fist,11-12,3725
E05_spatial_control,erd_lr,2,35,0,1,0.5526674144095909,12,right_fist,11-12,3726
E05_spatial_control,erd_lr,2,35,0,1,0.5481399770735733,12,right_fist,11-12,3727
E05_spatial_control,erd_lr,2,35,1,0,0.4649494382059247,13,both_feet,13-14,3728
E05_spatial_control,erd_lr,2,35,1,0,0.386091372335947,13,both_fists,13-14,3729
E05_spatial_control,erd_lr,2,35,1,0,0.499981915066169,13,both_feet,13-14,3730
E05_spatial_control,erd_lr,2,35,1,0,0.3384795424808561,13,both_fists,13-14,3731
E05_spatial_control,erd_lr,2,35,1,1,0.5986398913594941,13,both_fists,13-14,3732
E05_spatial_control,erd_lr,2,35,1,1,0.5401472512905368,13,both_feet,13-14,3733
E05_spatial_control,erd_lr,2,35,1,0,0.44939204396121096,13,both_feet,13-14,3734
E05_spatial_control,erd_lr,2,35,1,1,0.6012431396966653,13,both_fists,13-14,3735
E05_spatial_control,erd_lr,2,35,1,0,0.4041803354835609,13,both_feet,13-14,3736
E05_spatial_control,erd_lr,2,35,1,1,0.599152760158759,13,both_fists,13-14,3737
E05_spatial_control,erd_lr,2,35,1,1,0.6843359651475807,13,both_fists,13-14,3738
E05_spatial_control,erd_lr,2,35,1,1,0.5102526689200332,13,both_feet,13-14,3739
E05_spatial_control,erd_lr,2,35,1,0,0.4414398950189914,13,both_feet,13-14,3740
E05_spatial_control,erd_lr,2,35,1,0,0.44860076141183197,13,both_fists,13-14,3741
E05_spatial_control,erd_lr,2,35,1,0,0.39566680823495337,13,both_feet,13-14,3742
E05_spatial_control,erd_lr,2,35,0,1,0.5503983110569758,14,both_fists,13-14,3743
E05_spatial_control,erd_lr,2,35,0,0,0.43067958037763826,14,both_feet,13-14,3744
E05_spatial_control,erd_lr,2,35,0,0,0.3443861326312892,14,both_feet,13-14,3745
E05_spatial_control,erd_lr,2,35,0,1,0.580611328381441,14,both_fists,13-14,3746
E05_spatial_control,erd_lr,2,35,0,1,0.564944507242001,14,both_fists,13-14,3747
E05_spatial_control,erd_lr,2,35,0,1,0.5385947896053562,14,both_feet,13-14,3748
E05_spatial_control,erd_lr,2,35,0,0,0.3752627610959006,14,both_feet,13-14,3749
E05_spatial_control,erd_lr,2,35,0,0,0.4205820359594476,14,both_fists,13-14,3750
E05_spatial_control,erd_lr,2,35,0,1,0.6886241780293609,14,both_feet,13-14,3751
E05_spatial_control,erd_lr,2,35,0,0,0.46439484349750243,14,both_fists,13-14,3752
E05_spatial_control,erd_lr,2,35,0,1,0.5466010022378416,14,both_feet,13-14,3753
E05_spatial_control,erd_lr,2,35,0,0,0.4798753609622861,14,both_fists,13-14,3754
E05_spatial_control,erd_lr,2,35,0,0,0.4864653727962101,14,both_feet,13-14,3755
E05_spatial_control,erd_lr,2,35,0,1,0.5298855221316641,14,both_fists,13-14,3756
E05_spatial_control,erd_lr,2,35,0,0,0.47099692247613245,14,both_fists,13-14,3757
E05_spatial_control,erd_lr,2,36,1,1,0.616509286810191,3,right_fist,03-04,3758
E05_spatial_control,erd_lr,2,36,1,0,0.37135238776232704,3,left_fist,03-04,3759
E05_spatial_control,erd_lr,2,36,1,0,0.4466517907862659,3,right_fist,03-04,3760
E05_spatial_control,erd_lr,2,36,1,1,0.5594783318409321,3,left_fist,03-04,3761
E05_spatial_control,erd_lr,2,36,1,1,0.5363052547906108,3,right_fist,03-04,3762
E05_spatial_control,erd_lr,2,36,1,1,0.5238617107154057,3,right_fist,03-04,3763
E05_spatial_control,erd_lr,2,36,1,1,0.6637196305042364,3,left_fist,03-04,3764
E05_spatial_control,erd_lr,2,36,1,1,0.6059135640772441,3,left_fist,03-04,3765
E05_spatial_control,erd_lr,2,36,1,1,0.6106524716347322,3,right_fist,03-04,3766
E05_spatial_control,erd_lr,2,36,1,0,0.4500368066483397,3,left_fist,03-04,3767
E05_spatial_control,erd_lr,2,36,1,0,0.45526999000103235,3,left_fist,03-04,3768
E05_spatial_control,erd_lr,2,36,0,1,0.5415839020665836,4,left_fist,03-04,3769
E05_spatial_control,erd_lr,2,36,0,1,0.6566924838701208,4,right_fist,03-04,3770
E05_spatial_control,erd_lr,2,36,0,1,0.5318854994823735,4,left_fist,03-04,3771
E05_spatial_control,erd_lr,2,36,0,0,0.3270043067732553,4,left_fist,03-04,3772
E05_spatial_control,erd_lr,2,36,0,1,0.5883804058781236,4,right_fist,03-04,3773
E05_spatial_control,erd_lr,2,36,0,0,0.4492536174985644,4,right_fist,03-04,3774
E05_spatial_control,erd_lr,2,36,0,0,0.4511757982823717,4,left_fist,03-04,3775
E05_spatial_control,erd_lr,2,36,0,1,0.5391745465320951,4,left_fist,03-04,3776
E05_spatial_control,erd_lr,2,36,0,1,0.560721917334154,4,right_fist,03-04,3777
E05_spatial_control,erd_lr,2,36,0,1,0.6169015444651148,4,left_fist,03-04,3778
E05_spatial_control,erd_lr,2,36,0,1,0.5497137540873149,4,right_fist,03-04,3779
E05_spatial_control,erd_lr,2,36,0,1,0.5236337243422748,4,left_fist,03-04,3780
E05_spatial_control,erd_lr,2,36,0,0,0.4842465037625557,4,right_fist,03-04,3781
E05_spatial_control,erd_lr,2,36,1,1,0.6166082884810874,5,both_fists,05-06,3782
E05_spatial_control,erd_lr,2,36,1,1,0.6280501619449428,5,both_feet,05-06,3783
E05_spatial_control,erd_lr,2,36,1,1,0.5615607068306412,5,both_fists,05-06,3784
E05_spatial_control,erd_lr,2,36,1,1,0.6847410229273123,5,both_fists,05-06,3785
E05_spatial_control,erd_lr,2,36,1,1,0.7151015103960436,5,both_feet,05-06,3786
E05_spatial_control,erd_lr,2,36,1,1,0.5156295460056607,5,both_feet,05-06,3787
E05_spatial_control,erd_lr,2,36,1,1,0.624625621716343,5,both_feet,05-06,3788
E05_spatial_control,erd_lr,2,36,1,0,0.324248193126159,5,both_fists,05-06,3789
E05_spatial_control,erd_lr,2,36,1,1,0.6592445261835379,5,both_feet,05-06,3790
E05_spatial_control,erd_lr,2,36,1,1,0.52377490060064,5,both_fists,05-06,3791
E05_spatial_control,erd_lr,2,36,1,1,0.715056505263914,5,both_feet,05-06,3792
E05_spatial_control,erd_lr,2,36,0,1,0.5387771479654659,6,both_feet,05-06,3793
E05_spatial_control,erd_lr,2,36,0,1,0.5615557696464579,6,both_feet,05-06,3794
E05_spatial_control,erd_lr,2,36,0,1,0.5507607514752991,6,both_fists,05-06,3795
E05_spatial_control,erd_lr,2,36,0,1,0.6367569341495563,6,both_feet,05-06,3796
E05_spatial_control,erd_lr,2,36,0,0,0.46805112945057226,6,both_fists,05-06,3797
E05_spatial_control,erd_lr,2,36,0,0,0.30317758769913716,6,both_fists,05-06,3798
E05_spatial_control,erd_lr,2,36,0,0,0.37720435122668333,6,both_feet,05-06,3799
E05_spatial_control,erd_lr,2,36,0,1,0.5061051710959394,6,both_feet,05-06,3800
E05_spatial_control,erd_lr,2,36,0,1,0.5158324895877465,6,both_feet,05-06,3801
E05_spatial_control,erd_lr,2,36,0,0,0.45539236074183087,6,both_fists,05-06,3802
E05_spatial_control,erd_lr,2,36,0,1,0.5694971771705146,6,both_fists,05-06,3803
E05_spatial_control,erd_lr,2,36,0,1,0.6022718288048036,6,both_feet,05-06,3804
E05_spatial_control,erd_lr,2,36,0,0,0.4618956371385779,6,both_feet,05-06,3805
E05_spatial_control,erd_lr,2,36,1,1,0.5512543311717991,7,right_fist,07-08,3806
E05_spatial_control,erd_lr,2,36,1,0,0.45845150918064687,7,left_fist,07-08,3807
E05_spatial_control,erd_lr,2,36,1,1,0.518445770435355,7,right_fist,07-08,3808
E05_spatial_control,erd_lr,2,36,1,0,0.42071273483450367,7,right_fist,07-08,3809
E05_spatial_control,erd_lr,2,36,1,1,0.5101662072549777,7,left_fist,07-08,3810
E05_spatial_control,erd_lr,2,36,1,0,0.39062980491823307,7,right_fist,07-08,3811
E05_spatial_control,erd_lr,2,36,1,1,0.6670351075333721,7,left_fist,07-08,3812
E05_spatial_control,erd_lr,2,36,1,0,0.4897300276572615,7,left_fist,07-08,3813
E05_spatial_control,erd_lr,2,36,1,0,0.4416706295982296,7,right_fist,07-08,3814
E05_spatial_control,erd_lr,2,36,1,1,0.5045340470312408,7,left_fist,07-08,3815
E05_spatial_control,erd_lr,2,36,0,0,0.2505737012328501,8,left_fist,07-08,3816
E05_spatial_control,erd_lr,2,36,0,1,0.5794314610433985,8,right_fist,07-08,3817
E05_spatial_control,erd_lr,2,36,0,0,0.43736657840579,8,right_fist,07-08,3818
E05_spatial_control,erd_lr,2,36,0,0,0.45183761165421277,8,left_fist,07-08,3819
E05_spatial_control,erd_lr,2,36,0,0,0.42631005760101726,8,left_fist,07-08,3820
E05_spatial_control,erd_lr,2,36,0,1,0.5080611366069102,8,right_fist,07-08,3821
E05_spatial_control,erd_lr,2,36,0,1,0.5473311216401313,8,left_fist,07-08,3822
E05_spatial_control,erd_lr,2,36,0,1,0.6013398969112388,8,right_fist,07-08,3823
E05_spatial_control,erd_lr,2,36,0,0,0.4841109447146139,8,left_fist,07-08,3824
E05_spatial_control,erd_lr,2,36,0,0,0.3859013293257316,8,right_fist,07-08,3825
E05_spatial_control,erd_lr,2,36,0,1,0.6272611239991872,8,left_fist,07-08,3826
E05_spatial_control,erd_lr,2,36,0,0,0.4097310389613816,8,right_fist,07-08,3827
E05_spatial_control,erd_lr,2,36,0,0,0.3654779786007965,8,left_fist,07-08,3828
E05_spatial_control,erd_lr,2,36,0,0,0.4114509584794987,8,right_fist,07-08,3829
E05_spatial_control,erd_lr,2,36,1,1,0.5748958689028851,9,both_feet,09-10,3830
E05_spatial_control,erd_lr,2,36,1,0,0.45369038923189775,9,both_feet,09-10,3831
E05_spatial_control,erd_lr,2,36,1,1,0.716313830472517,9,both_fists,09-10,3832
E05_spatial_control,erd_lr,2,36,1,0,0.3957333816930229,9,both_fists,09-10,3833
E05_spatial_control,erd_lr,2,36,1,0,0.4542980822490077,9,both_feet,09-10,3834
E05_spatial_control,erd_lr,2,36,1,1,0.5999799591833925,9,both_feet,09-10,3835
E05_spatial_control,erd_lr,2,36,1,1,0.5155450461313291,9,both_fists,09-10,3836
E05_spatial_control,erd_lr,2,36,1,0,0.4521355969338687,9,both_feet,09-10,3837
E05_spatial_control,erd_lr,2,36,0,1,0.5019360113182822,10,both_fists,09-10,3838
E05_spatial_control,erd_lr,2,36,0,0,0.31466444947304445,10,both_feet,09-10,3839
E05_spatial_control,erd_lr,2,36,0,1,0.6173242374316991,10,both_fists,09-10,3840
E05_spatial_control,erd_lr,2,36,0,1,0.5200095578794144,10,both_feet,09-10,3841
E05_spatial_control,erd_lr,2,36,0,1,0.5149146808806682,10,both_feet,09-10,3842
E05_spatial_control,erd_lr,2,36,0,0,0.43565618030061765,10,both_fists,09-10,3843
E05_spatial_control,erd_lr,2,36,0,0,0.4912578564289847,10,both_feet,09-10,3844
E05_spatial_control,erd_lr,2,36,0,0,0.49141278674552846,10,both_fists,09-10,3845
E05_spatial_control,erd_lr,2,36,0,1,0.6246269581862377,10,both_feet,09-10,3846
E05_spatial_control,erd_lr,2,36,0,1,0.5648242697370837,10,both_fists,09-10,3847
E05_spatial_control,erd_lr,2,36,0,1,0.5776673286402992,10,both_feet,09-10,3848
E05_spatial_control,erd_lr,2,36,0,1,0.5685686691939088,10,both_fists,09-10,3849
E05_spatial_control,erd_lr,2,36,0,0,0.4052370853679574,10,both_feet,09-10,3850
E05_spatial_control,erd_lr,2,36,1,1,0.5952126113848716,11,right_fist,11-12,3851
E05_spatial_control,erd_lr,2,36,1,1,0.5449680666500664,11,left_fist,11-12,3852
E05_spatial_control,erd_lr,2,36,1,1,0.6468286611266749,11,left_fist,11-12,3853
E05_spatial_control,erd_lr,2,36,1,1,0.5378593582862833,11,right_fist,11-12,3854
E05_spatial_control,erd_lr,2,36,1,0,0.4921204708872771,11,left_fist,11-12,3855
E05_spatial_control,erd_lr,2,36,1,1,0.6694152086440165,11,right_fist,11-12,3856
E05_spatial_control,erd_lr,2,36,1,1,0.5835867511416297,11,left_fist,11-12,3857
E05_spatial_control,erd_lr,2,36,1,1,0.5438877430165664,11,right_fist,11-12,3858
E05_spatial_control,erd_lr,2,36,1,0,0.4671154513989425,11,right_fist,11-12,3859
E05_spatial_control,erd_lr,2,36,1,1,0.534968659840406,11,left_fist,11-12,3860
E05_spatial_control,erd_lr,2,36,1,1,0.6778964657151036,11,right_fist,11-12,3861
E05_spatial_control,erd_lr,2,36,1,1,0.6464253691147362,11,left_fist,11-12,3862
E05_spatial_control,erd_lr,2,36,0,0,0.4199353586366632,12,left_fist,11-12,3863
E05_spatial_control,erd_lr,2,36,0,0,0.49607940552910196,12,right_fist,11-12,3864
E05_spatial_control,erd_lr,2,36,0,0,0.3894903549783535,12,right_fist,11-12,3865
E05_spatial_control,erd_lr,2,36,0,0,0.45492087136732695,12,left_fist,11-12,3866
E05_spatial_control,erd_lr,2,36,0,0,0.48195358788970755,12,right_fist,11-12,3867
E05_spatial_control,erd_lr,2,36,0,0,0.34656649434501535,12,left_fist,11-12,3868
E05_spatial_control,erd_lr,2,36,0,1,0.5254822338997167,12,left_fist,11-12,3869
E05_spatial_control,erd_lr,2,36,0,1,0.5217032857822755,12,right_fist,11-12,3870
E05_spatial_control,erd_lr,2,36,0,0,0.3792491168675277,12,right_fist,11-12,3871
E05_spatial_control,erd_lr,2,36,0,0,0.47809061744356374,12,left_fist,11-12,3872
E05_spatial_control,erd_lr,2,36,1,1,0.5461994101863697,13,both_fists,13-14,3873
E05_spatial_control,erd_lr,2,36,1,0,0.49428276831831214,13,both_feet,13-14,3874
E05_spatial_control,erd_lr,2,36,1,1,0.6212066316581532,13,both_feet,13-14,3875
E05_spatial_control,erd_lr,2,36,1,0,0.339397021327833,13,both_fists,13-14,3876
E05_spatial_control,erd_lr,2,36,1,1,0.524196315981186,13,both_fists,13-14,3877
E05_spatial_control,erd_lr,2,36,1,1,0.7256701151263011,13,both_feet,13-14,3878
E05_spatial_control,erd_lr,2,36,1,0,0.45486300193491896,13,both_feet,13-14,3879
E05_spatial_control,erd_lr,2,36,1,0,0.49918919759763825,13,both_feet,13-14,3880
E05_spatial_control,erd_lr,2,36,1,0,0.4365582604243523,13,both_fists,13-14,3881
E05_spatial_control,erd_lr,2,36,1,1,0.601263363188344,13,both_fists,13-14,3882
E05_spatial_control,erd_lr,2,36,1,1,0.5901137623866792,13,both_feet,13-14,3883
E05_spatial_control,erd_lr,2,36,1,0,0.43787275033108586,13,both_feet,13-14,3884
E05_spatial_control,erd_lr,2,36,0,0,0.4907044951098299,14,both_fists,13-14,3885
E05_spatial_control,erd_lr,2,36,0,1,0.6766658788473199,14,both_fists,13-14,3886
E05_spatial_control,erd_lr,2,36,0,0,0.43448592192077784,14,both_feet,13-14,3887
E05_spatial_control,erd_lr,2,36,0,1,0.5683531146671953,14,both_feet,13-14,3888
E05_spatial_control,erd_lr,2,36,0,0,0.37152074139896446,14,both_fists,13-14,3889
E05_spatial_control,erd_lr,2,36,0,1,0.5426720312933294,14,both_fists,13-14,3890
E05_spatial_control,erd_lr,2,36,0,0,0.46128929815437514,14,both_feet,13-14,3891
E05_spatial_control,erd_lr,2,36,0,0,0.4832680352519868,14,both_fists,13-14,3892
E05_spatial_control,erd_lr,2,36,0,1,0.6148435936932314,14,both_feet,13-14,3893
E05_spatial_control,erd_lr,2,36,0,0,0.48468468304453677,14,both_feet,13-14,3894
E05_spatial_control,erd_lr,2,36,0,0,0.4532682251042817,14,both_fists,13-14,3895
E05_spatial_control,erd_lr,2,57,1,0,0.4595481114888468,3,left_fist,03-04,5895
E05_spatial_control,erd_lr,2,57,1,0,0.47723861794523637,3,right_fist,03-04,5896
E05_spatial_control,erd_lr,2,57,1,1,0.6736282497616585,3,left_fist,03-04,5897
E05_spatial_control,erd_lr,2,57,1,0,0.48452933533934983,3,right_fist,03-04,5898
E05_spatial_control,erd_lr,2,57,1,1,0.5198009241936031,3,right_fist,03-04,5899
E05_spatial_control,erd_lr,2,57,1,0,0.35421853854974417,3,left_fist,03-04,5900
E05_spatial_control,erd_lr,2,57,1,1,0.5573688049677947,3,right_fist,03-04,5901
E05_spatial_control,erd_lr,2,57,1,1,0.5381257190924685,3,left_fist,03-04,5902
E05_spatial_control,erd_lr,2,57,1,1,0.5254170780089272,3,right_fist,03-04,5903
E05_spatial_control,erd_lr,2,57,1,1,0.5622692609352735,3,left_fist,03-04,5904
E05_spatial_control,erd_lr,2,57,1,0,0.36071865368815564,3,right_fist,03-04,5905
E05_spatial_control,erd_lr,2,57,1,1,0.6907382101646062,3,left_fist,03-04,5906
E05_spatial_control,erd_lr,2,57,1,1,0.6873259355165464,3,right_fist,03-04,5907
E05_spatial_control,erd_lr,2,57,1,1,0.52364209273801,3,left_fist,03-04,5908
E05_spatial_control,erd_lr,2,57,1,1,0.5846579817319031,3,left_fist,03-04,5909
E05_spatial_control,erd_lr,2,57,0,1,0.5267341672645982,4,right_fist,03-04,5910
E05_spatial_control,erd_lr,2,57,0,1,0.5019440967786561,4,left_fist,03-04,5911
E05_spatial_control,erd_lr,2,57,0,1,0.5588008352066659,4,left_fist,03-04,5912
E05_spatial_control,erd_lr,2,57,0,1,0.6450961242409352,4,right_fist,03-04,5913
E05_spatial_control,erd_lr,2,57,0,0,0.4033129336268392,4,left_fist,03-04,5914
E05_spatial_control,erd_lr,2,57,0,0,0.38298493690775015,4,right_fist,03-04,5915
E05_spatial_control,erd_lr,2,57,0,0,0.419485489274634,4,right_fist,03-04,5916
E05_spatial_control,erd_lr,2,57,0,1,0.5115720854514211,4,left_fist,03-04,5917
E05_spatial_control,erd_lr,2,57,0,0,0.3813519674141996,4,left_fist,03-04,5918
E05_spatial_control,erd_lr,2,57,0,0,0.32093117258698933,4,right_fist,03-04,5919
E05_spatial_control,erd_lr,2,57,0,0,0.42273450178392474,4,left_fist,03-04,5920
E05_spatial_control,erd_lr,2,57,0,0,0.46553829992163065,4,right_fist,03-04,5921
E05_spatial_control,erd_lr,2,57,0,0,0.418838293884158,4,left_fist,03-04,5922
E05_spatial_control,erd_lr,2,57,0,0,0.41186193076519534,4,right_fist,03-04,5923
E05_spatial_control,erd_lr,2,57,0,0,0.3401291614903108,4,left_fist,03-04,5924
E05_spatial_control,erd_lr,2,57,1,0,0.4236297373798976,5,both_fists,05-06,5925
E05_spatial_control,erd_lr,2,57,1,0,0.44196275826007303,5,both_fists,05-06,5926
E05_spatial_control,erd_lr,2,57,1,0,0.4745923677514967,5,both_feet,05-06,5927
E05_spatial_control,erd_lr,2,57,1,0,0.4783627843165442,5,both_fists,05-06,5928
E05_spatial_control,erd_lr,2,57,1,1,0.6453318335433216,5,both_feet,05-06,5929
E05_spatial_control,erd_lr,2,57,1,0,0.381350402578469,5,both_feet,05-06,5930
E05_spatial_control,erd_lr,2,57,1,1,0.5027336995615955,5,both_fists,05-06,5931
E05_spatial_control,erd_lr,2,57,1,1,0.5829081690778516,5,both_fists,05-06,5932
E05_spatial_control,erd_lr,2,57,1,0,0.49577360279167165,5,both_feet,05-06,5933
E05_spatial_control,erd_lr,2,57,1,1,0.6350469164586434,5,both_fists,05-06,5934
E05_spatial_control,erd_lr,2,57,0,1,0.562222037520584,6,both_fists,05-06,5935
E05_spatial_control,erd_lr,2,57,0,1,0.5009754350631184,6,both_feet,05-06,5936
E05_spatial_control,erd_lr,2,57,0,0,0.4901620293373028,6,both_fists,05-06,5937
E05_spatial_control,erd_lr,2,57,0,0,0.3310896046283628,6,both_feet,05-06,5938
E05_spatial_control,erd_lr,2,57,0,0,0.49689543315133067,6,both_fists,05-06,5939
E05_spatial_control,erd_lr,2,57,0,0,0.2768267988103666,6,both_feet,05-06,5940
E05_spatial_control,erd_lr,2,57,0,0,0.30977112639442717,6,both_feet,05-06,5941
E05_spatial_control,erd_lr,2,57,0,0,0.30199965590538375,6,both_feet,05-06,5942
E05_spatial_control,erd_lr,2,57,0,1,0.6060161189727368,6,both_fists,05-06,5943
E05_spatial_control,erd_lr,2,57,1,0,0.49906990711749577,9,both_fists,09-10,5944
E05_spatial_control,erd_lr,2,57,1,1,0.5401224873117785,9,both_feet,09-10,5945
E05_spatial_control,erd_lr,2,57,1,1,0.5124056813311371,9,both_feet,09-10,5946
E05_spatial_control,erd_lr,2,57,1,1,0.5728332057710463,9,both_fists,09-10,5947
E05_spatial_control,erd_lr,2,57,1,1,0.5552706347864371,9,both_feet,09-10,5948
E05_spatial_control,erd_lr,2,57,1,0,0.4954015153583309,9,both_fists,09-10,5949
E05_spatial_control,erd_lr,2,57,1,0,0.34000166330549564,9,both_feet,09-10,5950
E05_spatial_control,erd_lr,2,57,1,1,0.5978757121987954,9,both_fists,09-10,5951
E05_spatial_control,erd_lr,2,57,1,1,0.5463764718186528,9,both_feet,09-10,5952
E05_spatial_control,erd_lr,2,57,1,1,0.7144665144459059,9,both_fists,09-10,5953
E05_spatial_control,erd_lr,2,57,1,0,0.49817522016161847,9,both_feet,09-10,5954
E05_spatial_control,erd_lr,2,57,0,0,0.4507541811945054,10,both_fists,09-10,5955
E05_spatial_control,erd_lr,2,57,0,0,0.4396939963280108,10,both_feet,09-10,5956
E05_spatial_control,erd_lr,2,57,1,0,0.3653815778159485,11,left_fist,11-12,5957
E05_spatial_control,erd_lr,2,57,1,1,0.6257966050632104,11,right_fist,11-12,5958
E05_spatial_control,erd_lr,2,57,1,1,0.5416749660825771,11,left_fist,11-12,5959
E05_spatial_control,erd_lr,2,57,1,1,0.7097048963708547,11,right_fist,11-12,5960
E05_spatial_control,erd_lr,2,57,1,0,0.468323745134993,11,left_fist,11-12,5961
E05_spatial_control,erd_lr,2,57,1,0,0.3807236121153932,11,right_fist,11-12,5962
E05_spatial_control,erd_lr,2,57,1,1,0.7148654718350032,11,right_fist,11-12,5963
E05_spatial_control,erd_lr,2,57,1,1,0.6599261293149714,11,left_fist,11-12,5964
E05_spatial_control,erd_lr,2,57,0,1,0.6218438809009552,12,left_fist,11-12,5965
E05_spatial_control,erd_lr,2,57,0,1,0.576341811077407,12,right_fist,11-12,5966
E05_spatial_control,erd_lr,2,57,1,0,0.49492933434670733,13,both_fists,13-14,5967
E05_spatial_control,erd_lr,2,57,1,1,0.5507902131536131,13,both_feet,13-14,5968
E05_spatial_control,erd_lr,2,57,1,0,0.43993455294151296,13,both_fists,13-14,5969
E05_spatial_control,erd_lr,2,57,1,1,0.5382548785988746,13,both_feet,13-14,5970
E05_spatial_control,erd_lr,2,57,1,0,0.4721204608874944,13,both_feet,13-14,5971
E05_spatial_control,erd_lr,2,57,1,0,0.4394097728407529,13,both_fists,13-14,5972
E05_spatial_control,erd_lr,2,57,1,1,0.537122356962129,13,both_fists,13-14,5973
E05_spatial_control,erd_lr,2,57,1,0,0.4289180876107486,13,both_feet,13-14,5974
E05_spatial_control,erd_lr,2,57,1,0,0.4387587649454847,13,both_fists,13-14,5975
E05_spatial_control,erd_lr,2,57,1,1,0.7206369605822153,13,both_feet,13-14,5976
E05_spatial_control,erd_lr,2,57,0,0,0.3769518564751383,14,both_fists,13-14,5977
E05_spatial_control,erd_lr,2,57,0,0,0.3185800275853014,14,both_fists,13-14,5978
E05_spatial_control,erd_lr,2,57,0,0,0.36392621606335895,14,both_feet,13-14,5979
E05_spatial_control,erd_lr,2,57,0,0,0.3788337924362467,14,both_feet,13-14,5980
E05_spatial_control,erd_lr,2,57,0,0,0.37056790110546023,14,both_fists,13-14,5981
E05_spatial_control,erd_lr,2,57,0,0,0.4392670808910849,14,both_feet,13-14,5982
E05_spatial_control,erd_lr,2,63,1,1,0.5288358082570158,3,left_fist,03-04,6306
E05_spatial_control,erd_lr,2,63,1,0,0.4475702924018692,3,right_fist,03-04,6307
E05_spatial_control,erd_lr,2,63,1,0,0.49346465716538973,3,left_fist,03-04,6308
E05_spatial_control,erd_lr,2,63,1,1,0.5041038597543057,3,right_fist,03-04,6309
E05_spatial_control,erd_lr,2,63,1,1,0.5011896370856547,3,left_fist,03-04,6310
E05_spatial_control,erd_lr,2,63,1,0,0.35868384187947505,3,right_fist,03-04,6311
E05_spatial_control,erd_lr,2,63,1,0,0.33097727433816154,3,left_fist,03-04,6312
E05_spatial_control,erd_lr,2,63,1,1,0.6186346347249355,3,right_fist,03-04,6313
E05_spatial_control,erd_lr,2,63,1,0,0.4319064092978149,3,left_fist,03-04,6314
E05_spatial_control,erd_lr,2,63,1,0,0.489106919421566,3,left_fist,03-04,6315
E05_spatial_control,erd_lr,2,63,1,1,0.6078163165537647,3,right_fist,03-04,6316
E05_spatial_control,erd_lr,2,63,1,0,0.4968010789178963,3,right_fist,03-04,6317
E05_spatial_control,erd_lr,2,63,1,1,0.5462241555266304,3,left_fist,03-04,6318
E05_spatial_control,erd_lr,2,63,1,1,0.6358654889591013,3,right_fist,03-04,6319
E05_spatial_control,erd_lr,2,63,0,1,0.5402717691387946,4,left_fist,03-04,6320
E05_spatial_control,erd_lr,2,63,0,0,0.36359654370866945,4,right_fist,03-04,6321
E05_spatial_control,erd_lr,2,63,0,1,0.5702571185044139,4,left_fist,03-04,6322
E05_spatial_control,erd_lr,2,63,0,0,0.49660104544489203,4,left_fist,03-04,6323
E05_spatial_control,erd_lr,2,63,0,1,0.5365090030000662,4,right_fist,03-04,6324
E05_spatial_control,erd_lr,2,63,0,0,0.36512746852609573,4,right_fist,03-04,6325
E05_spatial_control,erd_lr,2,63,0,0,0.3706758639521149,4,left_fist,03-04,6326
E05_spatial_control,erd_lr,2,63,0,0,0.4174204999824792,4,left_fist,03-04,6327
E05_spatial_control,erd_lr,2,63,0,1,0.5979672239071749,4,right_fist,03-04,6328
E05_spatial_control,erd_lr,2,63,0,1,0.5818863188345996,4,left_fist,03-04,6329
E05_spatial_control,erd_lr,2,63,0,0,0.474840319295537,4,right_fist,03-04,6330
E05_spatial_control,erd_lr,2,63,0,0,0.46478593256240136,4,right_fist,03-04,6331
E05_spatial_control,erd_lr,2,63,1,1,0.5966167051929673,5,both_fists,05-06,6332
E05_spatial_control,erd_lr,2,63,1,1,0.5391570082065348,5,both_feet,05-06,6333
E05_spatial_control,erd_lr,2,63,1,0,0.40503439647681316,5,both_feet,05-06,6334
E05_spatial_control,erd_lr,2,63,1,1,0.5558775828037026,5,both_feet,05-06,6335
E05_spatial_control,erd_lr,2,63,1,1,0.5320000097134744,5,both_fists,05-06,6336
E05_spatial_control,erd_lr,2,63,1,1,0.5517483916567151,5,both_fists,05-06,6337
E05_spatial_control,erd_lr,2,63,1,0,0.49077023950725573,5,both_feet,05-06,6338
E05_spatial_control,erd_lr,2,63,1,1,0.5707364308044229,5,both_feet,05-06,6339
E05_spatial_control,erd_lr,2,63,1,0,0.4393861335796765,5,both_fists,05-06,6340
E05_spatial_control,erd_lr,2,63,1,0,0.4873407605658426,5,both_feet,05-06,6341
E05_spatial_control,erd_lr,2,63,1,1,0.6945903542615297,5,both_fists,05-06,6342
E05_spatial_control,erd_lr,2,63,1,1,0.5237436823737608,5,both_fists,05-06,6343
E05_spatial_control,erd_lr,2,63,0,1,0.5679898136967781,6,both_feet,05-06,6344
E05_spatial_control,erd_lr,2,63,0,0,0.45724040475665056,6,both_fists,05-06,6345
E05_spatial_control,erd_lr,2,63,0,1,0.5987775490937349,6,both_feet,05-06,6346
E05_spatial_control,erd_lr,2,63,0,0,0.42523539193927706,6,both_fists,05-06,6347
E05_spatial_control,erd_lr,2,63,0,0,0.4055875855788033,6,both_fists,05-06,6348
E05_spatial_control,erd_lr,2,63,0,1,0.5645562684325974,6,both_feet,05-06,6349
E05_spatial_control,erd_lr,2,63,0,0,0.3536196368967797,6,both_fists,05-06,6350
E05_spatial_control,erd_lr,2,63,0,1,0.6325052514408158,6,both_feet,05-06,6351
E05_spatial_control,erd_lr,2,63,0,1,0.5723477869660947,6,both_feet,05-06,6352
E05_spatial_control,erd_lr,2,63,0,1,0.5361450914679599,6,both_fists,05-06,6353
E05_spatial_control,erd_lr,2,63,0,1,0.5300101488810746,6,both_feet,05-06,6354
E05_spatial_control,erd_lr,2,63,0,0,0.42831927134677494,6,both_fists,05-06,6355
E05_spatial_control,erd_lr,2,63,0,1,0.5289726992615027,6,both_fists,05-06,6356
E05_spatial_control,erd_lr,2,63,0,0,0.45609033925308,6,both_feet,05-06,6357
E05_spatial_control,erd_lr,2,63,1,0,0.4181041558436956,7,left_fist,07-08,6358
E05_spatial_control,erd_lr,2,63,1,1,0.5773252879820938,7,right_fist,07-08,6359
E05_spatial_control,erd_lr,2,63,1,0,0.4818703973404005,7,left_fist,07-08,6360
E05_spatial_control,erd_lr,2,63,1,1,0.5947515657647738,7,right_fist,07-08,6361
E05_spatial_control,erd_lr,2,63,1,1,0.5893612271806193,7,right_fist,07-08,6362
E05_spatial_control,erd_lr,2,63,1,1,0.5427191507772883,7,left_fist,07-08,6363
E05_spatial_control,erd_lr,2,63,1,0,0.45479056005494706,7,left_fist,07-08,6364
E05_spatial_control,erd_lr,2,63,1,1,0.5480864426341042,7,right_fist,07-08,6365
E05_spatial_control,erd_lr,2,63,1,0,0.4202706492069022,7,left_fist,07-08,6366
E05_spatial_control,erd_lr,2,63,1,1,0.5103321666930478,7,right_fist,07-08,6367
E05_spatial_control,erd_lr,2,63,1,1,0.6568180268966723,7,left_fist,07-08,6368
E05_spatial_control,erd_lr,2,63,1,1,0.5642656386655907,7,right_fist,07-08,6369
E05_spatial_control,erd_lr,2,63,1,1,0.5816577188732817,7,left_fist,07-08,6370
E05_spatial_control,erd_lr,2,63,1,1,0.5697447834326378,7,right_fist,07-08,6371
E05_spatial_control,erd_lr,2,63,1,0,0.3681938117294814,7,left_fist,07-08,6372
E05_spatial_control,erd_lr,2,63,0,0,0.4207620852062993,8,left_fist,07-08,6373
E05_spatial_control,erd_lr,2,63,0,0,0.37329853679336716,8,right_fist,07-08,6374
E05_spatial_control,erd_lr,2,63,0,0,0.4050143864291865,8,right_fist,07-08,6375
E05_spatial_control,erd_lr,2,63,0,1,0.5024190051931195,8,left_fist,07-08,6376
E05_spatial_control,erd_lr,2,63,0,1,0.5295269599001213,8,right_fist,07-08,6377
E05_spatial_control,erd_lr,2,63,0,0,0.4810404771019829,8,right_fist,07-08,6378
E05_spatial_control,erd_lr,2,63,0,1,0.5649844043637648,8,left_fist,07-08,6379
E05_spatial_control,erd_lr,2,63,0,1,0.5404472039803444,8,left_fist,07-08,6380
E05_spatial_control,erd_lr,2,63,0,1,0.5623506134357976,8,right_fist,07-08,6381
E05_spatial_control,erd_lr,2,63,0,0,0.368721562418812,8,right_fist,07-08,6382
E05_spatial_control,erd_lr,2,63,0,0,0.3489537969172493,8,right_fist,07-08,6383
E05_spatial_control,erd_lr,2,63,0,1,0.567681877190028,8,left_fist,07-08,6384
E05_spatial_control,erd_lr,2,63,0,1,0.5429347494847729,8,right_fist,07-08,6385
E05_spatial_control,erd_lr,2,63,1,1,0.5620879298105286,9,both_fists,09-10,6386
E05_spatial_control,erd_lr,2,63,1,1,0.5566778822527534,9,both_feet,09-10,6387
E05_spatial_control,erd_lr,2,63,1,1,0.639495421196998,9,both_fists,09-10,6388
E05_spatial_control,erd_lr,2,63,1,1,0.5020737487450903,9,both_feet,09-10,6389
E05_spatial_control,erd_lr,2,63,1,1,0.509438060491125,9,both_fists,09-10,6390
E05_spatial_control,erd_lr,2,63,1,1,0.5655441949192914,9,both_feet,09-10,6391
E05_spatial_control,erd_lr,2,63,1,1,0.6397906257468603,9,both_fists,09-10,6392
E05_spatial_control,erd_lr,2,63,1,1,0.7140097087531878,9,both_fists,09-10,6393
E05_spatial_control,erd_lr,2,63,1,1,0.6795930248144717,9,both_feet,09-10,6394
E05_spatial_control,erd_lr,2,63,1,0,0.43290203074304456,9,both_fists,09-10,6395
E05_spatial_control,erd_lr,2,63,1,1,0.6507775268615601,9,both_feet,09-10,6396
E05_spatial_control,erd_lr,2,63,1,0,0.4457450491983365,9,both_fists,09-10,6397
E05_spatial_control,erd_lr,2,63,1,1,0.5263286602791171,9,both_feet,09-10,6398
E05_spatial_control,erd_lr,2,63,1,1,0.568121082827979,9,both_fists,09-10,6399
E05_spatial_control,erd_lr,2,63,0,1,0.6377462342511417,10,both_fists,09-10,6400
E05_spatial_control,erd_lr,2,63,0,0,0.4105878032540412,10,both_fists,09-10,6401
E05_spatial_control,erd_lr,2,63,0,0,0.4985080441725016,10,both_feet,09-10,6402
E05_spatial_control,erd_lr,2,63,0,0,0.3994879436872501,10,both_feet,09-10,6403
E05_spatial_control,erd_lr,2,63,0,1,0.5746889614729802,10,both_fists,09-10,6404
E05_spatial_control,erd_lr,2,63,0,1,0.5396515625282641,10,both_fists,09-10,6405
E05_spatial_control,erd_lr,2,63,0,1,0.708137534143888,10,both_feet,09-10,6406
E05_spatial_control,erd_lr,2,63,0,0,0.47695670063144924,10,both_fists,09-10,6407
E05_spatial_control,erd_lr,2,63,0,1,0.5526700624999161,10,both_feet,09-10,6408
E05_spatial_control,erd_lr,2,63,0,1,0.7263093330557171,10,both_fists,09-10,6409
E05_spatial_control,erd_lr,2,63,0,1,0.5352850696330254,10,both_feet,09-10,6410
E05_spatial_control,erd_lr,2,63,0,1,0.6074271884615384,10,both_feet,09-10,6411
E05_spatial_control,erd_lr,2,63,0,0,0.39370489340078596,10,both_fists,09-10,6412
E05_spatial_control,erd_lr,2,63,0,0,0.4063906628700331,10,both_fists,09-10,6413
E05_spatial_control,erd_lr,2,63,1,1,0.5173126054332048,11,right_fist,11-12,6414
E05_spatial_control,erd_lr,2,63,1,1,0.621890258492593,11,left_fist,11-12,6415
E05_spatial_control,erd_lr,2,63,0,1,0.5097171201031783,12,left_fist,11-12,6416
E05_spatial_control,erd_lr,2,64,1,0,0.45162377393365377,3,right_fist,03-04,6417
E05_spatial_control,erd_lr,2,64,1,1,0.5481583120886511,3,left_fist,03-04,6418
E05_spatial_control,erd_lr,2,64,1,1,0.5987574823032923,3,left_fist,03-04,6419
E05_spatial_control,erd_lr,2,64,1,0,0.4866055185818896,3,right_fist,03-04,6420
E05_spatial_control,erd_lr,2,64,1,0,0.47729147698890295,3,left_fist,03-04,6421
E05_spatial_control,erd_lr,2,64,1,0,0.45393151278744787,3,right_fist,03-04,6422
E05_spatial_control,erd_lr,2,64,1,0,0.43346494324242474,3,left_fist,03-04,6423
E05_spatial_control,erd_lr,2,64,1,0,0.43107678964194895,3,right_fist,03-04,6424
E05_spatial_control,erd_lr,2,64,1,1,0.5834506771841408,3,left_fist,03-04,6425
E05_spatial_control,erd_lr,2,64,1,0,0.49771639892343705,3,right_fist,03-04,6426
E05_spatial_control,erd_lr,2,64,1,0,0.30271598315975234,3,right_fist,03-04,6427
E05_spatial_control,erd_lr,2,64,1,1,0.5063051438704045,3,left_fist,03-04,6428
E05_spatial_control,erd_lr,2,64,1,0,0.4528951907075765,3,left_fist,03-04,6429
E05_spatial_control,erd_lr,2,64,1,1,0.5536012579325055,3,right_fist,03-04,6430
E05_spatial_control,erd_lr,2,64,1,0,0.3731360991861526,3,left_fist,03-04,6431
E05_spatial_control,erd_lr,2,64,0,1,0.5610204492134698,4,right_fist,03-04,6432
E05_spatial_control,erd_lr,2,64,0,1,0.552404572130954,4,left_fist,03-04,6433
E05_spatial_control,erd_lr,2,64,0,1,0.6296698771961216,4,right_fist,03-04,6434
E05_spatial_control,erd_lr,2,64,0,0,0.4991479040478438,4,left_fist,03-04,6435
E05_spatial_control,erd_lr,2,64,0,0,0.4903333675660145,4,left_fist,03-04,6436
E05_spatial_control,erd_lr,2,64,0,1,0.6059295772965648,4,right_fist,03-04,6437
E05_spatial_control,erd_lr,2,64,0,1,0.6033556301526308,4,left_fist,03-04,6438
E05_spatial_control,erd_lr,2,64,0,1,0.5037351749521576,4,right_fist,03-04,6439
E05_spatial_control,erd_lr,2,64,0,1,0.5102790194793286,4,right_fist,03-04,6440
E05_spatial_control,erd_lr,2,64,0,0,0.46689074428834487,4,left_fist,03-04,6441
E05_spatial_control,erd_lr,2,64,0,0,0.44001195025289286,4,left_fist,03-04,6442
E05_spatial_control,erd_lr,2,64,0,0,0.48689248873661195,4,right_fist,03-04,6443
E05_spatial_control,erd_lr,2,64,0,0,0.4376019237750352,4,right_fist,03-04,6444
E05_spatial_control,erd_lr,2,64,0,1,0.5333275055803021,4,left_fist,03-04,6445
E05_spatial_control,erd_lr,2,64,0,1,0.5330464935039941,4,left_fist,03-04,6446
E05_spatial_control,erd_lr,2,64,1,0,0.46543904259822544,5,both_feet,05-06,6447
E05_spatial_control,erd_lr,2,64,1,1,0.5302297562562259,5,both_fists,05-06,6448
E05_spatial_control,erd_lr,2,64,1,1,0.6223741262434864,5,both_feet,05-06,6449
E05_spatial_control,erd_lr,2,64,1,1,0.6471804404266172,5,both_fists,05-06,6450
E05_spatial_control,erd_lr,2,64,1,1,0.7152621949181827,5,both_fists,05-06,6451
E05_spatial_control,erd_lr,2,64,1,1,0.5456630705951383,5,both_feet,05-06,6452
E05_spatial_control,erd_lr,2,64,1,0,0.4416208054525633,5,both_fists,05-06,6453
E05_spatial_control,erd_lr,2,64,1,1,0.6855259403027009,5,both_feet,05-06,6454
E05_spatial_control,erd_lr,2,64,1,0,0.48024683796066664,5,both_feet,05-06,6455
E05_spatial_control,erd_lr,2,64,1,1,0.5275441007502208,5,both_fists,05-06,6456
E05_spatial_control,erd_lr,2,64,1,0,0.48112310026098254,5,both_feet,05-06,6457
E05_spatial_control,erd_lr,2,64,1,1,0.5252349916709085,5,both_fists,05-06,6458
E05_spatial_control,erd_lr,2,64,1,0,0.39347333583968014,5,both_feet,05-06,6459
E05_spatial_control,erd_lr,2,64,1,1,0.6115055567688172,5,both_fists,05-06,6460
E05_spatial_control,erd_lr,2,64,1,1,0.5971148993692665,5,both_feet,05-06,6461
E05_spatial_control,erd_lr,2,64,0,1,0.5941196257223039,6,both_feet,05-06,6462
E05_spatial_control,erd_lr,2,64,0,0,0.47130226158757815,6,both_fists,05-06,6463
E05_spatial_control,erd_lr,2,64,0,0,0.4602348461969527,6,both_fists,05-06,6464
E05_spatial_control,erd_lr,2,64,0,0,0.40933395683713114,6,both_feet,05-06,6465
E05_spatial_control,erd_lr,2,64,0,0,0.41800227103633664,6,both_fists,05-06,6466
E05_spatial_control,erd_lr,2,64,0,0,0.4867129819265739,6,both_feet,05-06,6467
E05_spatial_control,erd_lr,2,64,0,1,0.6413982499414456,6,both_feet,05-06,6468
E05_spatial_control,erd_lr,2,64,0,0,0.37182720169496775,6,both_fists,05-06,6469
E05_spatial_control,erd_lr,2,64,0,0,0.4591954165569585,6,both_fists,05-06,6470
E05_spatial_control,erd_lr,2,64,0,1,0.6418241717958602,6,both_feet,05-06,6471
E05_spatial_control,erd_lr,2,64,0,0,0.35315697264298973,6,both_fists,05-06,6472
E05_spatial_control,erd_lr,2,64,0,0,0.4137423529570394,6,both_feet,05-06,6473
E05_spatial_control,erd_lr,2,64,0,0,0.3423885982877588,6,both_fists,05-06,6474
E05_spatial_control,erd_lr,2,64,0,0,0.43666941240422025,6,both_feet,05-06,6475
E05_spatial_control,erd_lr,2,64,0,0,0.4336084105432325,6,both_feet,05-06,6476
E05_spatial_control,erd_lr,2,64,1,0,0.47345688401519315,7,left_fist,07-08,6477
E05_spatial_control,erd_lr,2,64,1,1,0.5607837693919461,7,right_fist,07-08,6478
E05_spatial_control,erd_lr,2,64,1,1,0.6615989143854873,7,right_fist,07-08,6479
E05_spatial_control,erd_lr,2,64,1,1,0.6449096921290832,7,left_fist,07-08,6480
E05_spatial_control,erd_lr,2,64,1,1,0.702211773641656,7,right_fist,07-08,6481
E05_spatial_control,erd_lr,2,64,1,1,0.611938338795007,7,left_fist,07-08,6482
E05_spatial_control,erd_lr,2,64,1,1,0.626820701578495,7,left_fist,07-08,6483
E05_spatial_control,erd_lr,2,64,1,1,0.6942563086206276,7,right_fist,07-08,6484
E05_spatial_control,erd_lr,2,64,1,1,0.6759129257601504,7,right_fist,07-08,6485
E05_spatial_control,erd_lr,2,64,1,1,0.6678781465521139,7,left_fist,07-08,6486
E05_spatial_control,erd_lr,2,64,1,1,0.7269338298002314,7,left_fist,07-08,6487
E05_spatial_control,erd_lr,2,64,1,1,0.6314420565273003,7,right_fist,07-08,6488
E05_spatial_control,erd_lr,2,64,1,1,0.6024427360120692,7,right_fist,07-08,6489
E05_spatial_control,erd_lr,2,64,1,0,0.4368273629593883,7,left_fist,07-08,6490
E05_spatial_control,erd_lr,2,64,1,0,0.49461296767159924,7,left_fist,07-08,6491
E05_spatial_control,erd_lr,2,64,0,0,0.45558159825277494,8,right_fist,07-08,6492
E05_spatial_control,erd_lr,2,64,0,0,0.4586844994671261,8,left_fist,07-08,6493
E05_spatial_control,erd_lr,2,64,0,1,0.6344375992594389,8,right_fist,07-08,6494
E05_spatial_control,erd_lr,2,64,0,1,0.5274980874703039,8,left_fist,07-08,6495
E05_spatial_control,erd_lr,2,64,0,0,0.4473102377680722,8,right_fist,07-08,6496
E05_spatial_control,erd_lr,2,64,0,0,0.43589966863203333,8,left_fist,07-08,6497
E05_spatial_control,erd_lr,2,64,0,1,0.5015090366352892,8,right_fist,07-08,6498
E05_spatial_control,erd_lr,2,64,0,0,0.33494831110638,8,left_fist,07-08,6499
E05_spatial_control,erd_lr,2,64,0,0,0.4884699618578939,8,right_fist,07-08,6500
E05_spatial_control,erd_lr,2,64,0,0,0.40058252947731016,8,left_fist,07-08,6501
E05_spatial_control,erd_lr,2,64,0,0,0.4075487953668431,8,right_fist,07-08,6502
E05_spatial_control,erd_lr,2,64,0,0,0.49856370093701574,8,left_fist,07-08,6503
E05_spatial_control,erd_lr,2,64,0,0,0.37514053030131106,8,left_fist,07-08,6504
E05_spatial_control,erd_lr,2,64,0,1,0.5176796819989743,8,right_fist,07-08,6505
E05_spatial_control,erd_lr,2,64,0,1,0.5554940978482622,8,left_fist,07-08,6506
E05_spatial_control,erd_lr,2,64,1,1,0.6993676510172893,9,both_feet,09-10,6507
E05_spatial_control,erd_lr,2,64,1,0,0.43395156845728877,9,both_fists,09-10,6508
E05_spatial_control,erd_lr,2,64,1,1,0.6827439672894641,9,both_feet,09-10,6509
E05_spatial_control,erd_lr,2,64,1,1,0.5141536047630818,9,both_fists,09-10,6510
E05_spatial_control,erd_lr,2,64,1,1,0.5439433809382108,9,both_fists,09-10,6511
E05_spatial_control,erd_lr,2,64,1,0,0.45436186438530596,9,both_feet,09-10,6512
E05_spatial_control,erd_lr,2,64,1,1,0.5614979332705754,9,both_fists,09-10,6513
E05_spatial_control,erd_lr,2,64,1,1,0.5298545232260446,9,both_feet,09-10,6514
E05_spatial_control,erd_lr,2,64,1,1,0.6764315687816306,9,both_fists,09-10,6515
E05_spatial_control,erd_lr,2,64,1,1,0.6998042410319971,9,both_feet,09-10,6516
E05_spatial_control,erd_lr,2,64,1,0,0.3296267224560726,9,both_feet,09-10,6517
E05_spatial_control,erd_lr,2,64,1,1,0.5525640605290082,9,both_fists,09-10,6518
E05_spatial_control,erd_lr,2,64,1,0,0.45407930503554234,9,both_feet,09-10,6519
E05_spatial_control,erd_lr,2,64,1,1,0.6389909959576511,9,both_fists,09-10,6520
E05_spatial_control,erd_lr,2,64,1,1,0.7782453886812604,9,both_fists,09-10,6521
E05_spatial_control,erd_lr,2,64,0,1,0.6176474357150445,10,both_feet,09-10,6522
E05_spatial_control,erd_lr,2,64,0,0,0.3469333210038771,10,both_fists,09-10,6523
E05_spatial_control,erd_lr,2,64,0,1,0.5911398027941246,10,both_fists,09-10,6524
E05_spatial_control,erd_lr,2,64,0,0,0.4034543143841666,10,both_feet,09-10,6525
E05_spatial_control,erd_lr,2,64,0,1,0.5964973618561159,10,both_fists,09-10,6526
E05_spatial_control,erd_lr,2,64,0,0,0.31726205862562284,10,both_feet,09-10,6527
E05_spatial_control,erd_lr,2,64,0,0,0.4789139461427907,10,both_fists,09-10,6528
E05_spatial_control,erd_lr,2,64,0,1,0.748927742829007,10,both_feet,09-10,6529
E05_spatial_control,erd_lr,2,64,0,1,0.6202449150648509,10,both_feet,09-10,6530
E05_spatial_control,erd_lr,2,64,0,0,0.3740739953861434,10,both_fists,09-10,6531
E05_spatial_control,erd_lr,2,64,0,1,0.5383422392952676,10,both_feet,09-10,6532
E05_spatial_control,erd_lr,2,64,0,1,0.5210448111919153,10,both_fists,09-10,6533
E05_spatial_control,erd_lr,2,64,0,1,0.5453491606057438,10,both_fists,09-10,6534
E05_spatial_control,erd_lr,2,64,0,1,0.5238255115197036,10,both_feet,09-10,6535
E05_spatial_control,erd_lr,2,64,0,1,0.5723262026212789,10,both_feet,09-10,6536
E05_spatial_control,erd_lr,2,64,1,1,0.5954805713956197,11,left_fist,11-12,6537
E05_spatial_control,erd_lr,2,64,1,0,0.3932453901678231,11,right_fist,11-12,6538
E05_spatial_control,erd_lr,2,64,1,1,0.5278057621159735,11,right_fist,11-12,6539
E05_spatial_control,erd_lr,2,64,1,1,0.5791781380024933,11,left_fist,11-12,6540
E05_spatial_control,erd_lr,2,64,1,0,0.3471996582740569,11,right_fist,11-12,6541
E05_spatial_control,erd_lr,2,64,1,0,0.4684422361642856,11,left_fist,11-12,6542
E05_spatial_control,erd_lr,2,64,1,1,0.6584991514895239,11,left_fist,11-12,6543
E05_spatial_control,erd_lr,2,64,1,1,0.6014061289333221,11,right_fist,11-12,6544
E05_spatial_control,erd_lr,2,64,1,1,0.6112524081272006,11,right_fist,11-12,6545
E05_spatial_control,erd_lr,2,64,1,1,0.7174740575438471,11,left_fist,11-12,6546
E05_spatial_control,erd_lr,2,64,1,0,0.43925999883697747,11,right_fist,11-12,6547
E05_spatial_control,erd_lr,2,64,1,1,0.5321285563742706,11,left_fist,11-12,6548
E05_spatial_control,erd_lr,2,64,1,1,0.6703339883422068,11,right_fist,11-12,6549
E05_spatial_control,erd_lr,2,64,1,1,0.6063662745773911,11,left_fist,11-12,6550
E05_spatial_control,erd_lr,2,64,1,0,0.492459694117521,11,left_fist,11-12,6551
E05_spatial_control,erd_lr,2,64,0,0,0.3635075522773075,12,right_fist,11-12,6552
E05_spatial_control,erd_lr,2,64,0,1,0.5062222948872331,12,left_fist,11-12,6553
E05_spatial_control,erd_lr,2,64,0,1,0.6432455817340603,12,right_fist,11-12,6554
E05_spatial_control,erd_lr,2,64,0,0,0.41074729869564863,12,left_fist,11-12,6555
E05_spatial_control,erd_lr,2,64,0,0,0.45161137861949174,12,right_fist,11-12,6556
E05_spatial_control,erd_lr,2,64,0,0,0.49010507326603053,12,left_fist,11-12,6557
E05_spatial_control,erd_lr,2,64,0,0,0.4720439732290003,12,right_fist,11-12,6558
E05_spatial_control,erd_lr,2,64,0,1,0.5354179734260903,12,left_fist,11-12,6559
E05_spatial_control,erd_lr,2,64,0,0,0.45799956609642406,12,right_fist,11-12,6560
E05_spatial_control,erd_lr,2,64,0,0,0.4731365501989789,12,left_fist,11-12,6561
E05_spatial_control,erd_lr,2,64,0,1,0.7304171154710583,12,left_fist,11-12,6562
E05_spatial_control,erd_lr,2,64,0,0,0.3989929546939858,12,right_fist,11-12,6563
E05_spatial_control,erd_lr,2,64,0,0,0.4569359581256193,12,left_fist,11-12,6564
E05_spatial_control,erd_lr,2,64,0,0,0.4633628552500067,12,right_fist,11-12,6565
E05_spatial_control,erd_lr,2,64,0,1,0.5983596688107973,12,right_fist,11-12,6566
E05_spatial_control,erd_lr,2,64,1,0,0.44794512095388916,13,both_fists,13-14,6567
E05_spatial_control,erd_lr,2,64,1,1,0.54881310748221,13,both_feet,13-14,6568
E05_spatial_control,erd_lr,2,64,1,1,0.5347117451743427,13,both_fists,13-14,6569
E05_spatial_control,erd_lr,2,64,1,1,0.5342288623201218,13,both_feet,13-14,6570
E05_spatial_control,erd_lr,2,64,1,1,0.5823652322174687,13,both_fists,13-14,6571
E05_spatial_control,erd_lr,2,64,1,1,0.5576536200571055,13,both_feet,13-14,6572
E05_spatial_control,erd_lr,2,64,1,0,0.26970211734646765,13,both_feet,13-14,6573
E05_spatial_control,erd_lr,2,64,1,1,0.5246298825891909,13,both_fists,13-14,6574
E05_spatial_control,erd_lr,2,64,1,0,0.2699783898770376,13,both_feet,13-14,6575
E05_spatial_control,erd_lr,2,64,1,0,0.49474575378781244,13,both_fists,13-14,6576
E05_spatial_control,erd_lr,2,64,1,1,0.5811458501347169,13,both_fists,13-14,6577
E05_spatial_control,erd_lr,2,64,1,0,0.4833016620287769,13,both_feet,13-14,6578
E05_spatial_control,erd_lr,2,64,1,1,0.5691005323924939,13,both_feet,13-14,6579
E05_spatial_control,erd_lr,2,64,1,1,0.6422929049191102,13,both_fists,13-14,6580
E05_spatial_control,erd_lr,2,64,1,0,0.3452454031484735,13,both_feet,13-14,6581
E05_spatial_control,erd_lr,2,64,0,1,0.609343630965098,14,both_feet,13-14,6582
E05_spatial_control,erd_lr,2,64,0,0,0.2466891114159226,14,both_fists,13-14,6583
E05_spatial_control,erd_lr,2,64,0,1,0.6187464296468436,14,both_fists,13-14,6584
E05_spatial_control,erd_lr,2,64,0,0,0.4469485281669286,14,both_feet,13-14,6585
E05_spatial_control,erd_lr,2,64,0,1,0.5167990975473318,14,both_fists,13-14,6586
E05_spatial_control,erd_lr,2,64,0,0,0.42883675834647517,14,both_feet,13-14,6587
E05_spatial_control,erd_lr,2,64,0,0,0.31265706361623996,14,both_feet,13-14,6588
E05_spatial_control,erd_lr,2,64,0,0,0.3737276656589518,14,both_fists,13-14,6589
E05_spatial_control,erd_lr,2,64,0,1,0.6323945621490744,14,both_fists,13-14,6590
E05_spatial_control,erd_lr,2,64,0,0,0.48623318829606516,14,both_feet,13-14,6591
E05_spatial_control,erd_lr,2,64,0,1,0.5326336051158044,14,both_feet,13-14,6592
E05_spatial_control,erd_lr,2,64,0,1,0.68961413402514,14,both_fists,13-14,6593
E05_spatial_control,erd_lr,2,64,0,0,0.477868145384203,14,both_fists,13-14,6594
E05_spatial_control,erd_lr,2,64,0,1,0.5805072437865353,14,both_feet,13-14,6595
E05_spatial_control,erd_lr,2,64,0,0,0.3850434042482879,14,both_fists,13-14,6596
E05_spatial_control,erd_lr,2,65,1,0,0.47665219575079615,3,left_fist,03-04,6597
E05_spatial_control,erd_lr,2,65,1,0,0.41114796554765926,3,left_fist,03-04,6598
E05_spatial_control,erd_lr,2,65,1,0,0.4469784489487052,3,right_fist,03-04,6599
E05_spatial_control,erd_lr,2,65,1,0,0.45993372700861734,3,right_fist,03-04,6600
E05_spatial_control,erd_lr,2,65,1,1,0.5173191434325971,3,left_fist,03-04,6601
E05_spatial_control,erd_lr,2,65,1,0,0.46819774775535133,3,right_fist,03-04,6602
E05_spatial_control,erd_lr,2,65,1,1,0.5555508375183632,3,right_fist,03-04,6603
E05_spatial_control,erd_lr,2,65,1,0,0.4821255729191475,3,left_fist,03-04,6604
E05_spatial_control,erd_lr,2,65,0,1,0.5118399849171009,4,right_fist,03-04,6605
E05_spatial_control,erd_lr,2,65,0,0,0.4725121557262788,4,left_fist,03-04,6606
E05_spatial_control,erd_lr,2,65,0,0,0.36463031147531433,4,left_fist,03-04,6607
E05_spatial_control,erd_lr,2,65,0,1,0.5595845444406904,4,right_fist,03-04,6608
E05_spatial_control,erd_lr,2,65,0,0,0.4631705746991991,4,left_fist,03-04,6609
E05_spatial_control,erd_lr,2,65,0,0,0.29905419320116,4,right_fist,03-04,6610
E05_spatial_control,erd_lr,2,65,0,1,0.5866011869987141,4,left_fist,03-04,6611
E05_spatial_control,erd_lr,2,65,0,0,0.4782402915015783,4,right_fist,03-04,6612
E05_spatial_control,erd_lr,2,65,0,0,0.4339727446172958,4,left_fist,03-04,6613
E05_spatial_control,erd_lr,2,65,0,1,0.5682634476522583,4,right_fist,03-04,6614
E05_spatial_control,erd_lr,2,65,0,0,0.3510442228302022,4,left_fist,03-04,6615
E05_spatial_control,erd_lr,2,65,0,1,0.5531085705104932,4,right_fist,03-04,6616
E05_spatial_control,erd_lr,2,65,0,0,0.3113757821890024,4,left_fist,03-04,6617
E05_spatial_control,erd_lr,2,65,1,1,0.5278870914424277,5,both_feet,05-06,6618
E05_spatial_control,erd_lr,2,65,1,1,0.6032283410181676,5,both_feet,05-06,6619
E05_spatial_control,erd_lr,2,65,0,1,0.5199619187052892,6,both_feet,05-06,6620
E05_spatial_control,erd_lr,2,65,0,1,0.7006420923405052,6,both_fists,05-06,6621
E05_spatial_control,erd_lr,2,65,0,0,0.43201968355416404,6,both_feet,05-06,6622
E05_spatial_control,erd_lr,2,65,0,0,0.42279779088472386,6,both_fists,05-06,6623
E05_spatial_control,erd_lr,2,65,0,1,0.6011993104796228,6,both_feet,05-06,6624
E05_spatial_control,erd_lr,2,65,0,1,0.5261365105183246,6,both_fists,05-06,6625
E05_spatial_control,erd_lr,2,65,0,0,0.4038593006567609,6,both_fists,05-06,6626
E05_spatial_control,erd_lr,2,65,0,0,0.4183461267706715,6,both_feet,05-06,6627
E05_spatial_control,erd_lr,2,65,0,0,0.49710054446935775,6,both_feet,05-06,6628
E05_spatial_control,erd_lr,2,65,0,0,0.40005862757665833,6,both_fists,05-06,6629
E05_spatial_control,erd_lr,2,65,0,1,0.5109089268755336,6,both_fists,05-06,6630
E05_spatial_control,erd_lr,2,65,0,0,0.4751517158989708,6,both_feet,05-06,6631
E05_spatial_control,erd_lr,2,65,0,1,0.5831872374911692,6,both_fists,05-06,6632
E05_spatial_control,erd_lr,2,65,0,1,0.5945314766432027,6,both_feet,05-06,6633
E05_spatial_control,erd_lr,2,65,0,0,0.4100987694341519,6,both_fists,05-06,6634
E05_spatial_control,erd_lr,2,65,1,0,0.4150712155110179,7,right_fist,07-08,6635
E05_spatial_control,erd_lr,2,65,1,0,0.4965901882647556,7,right_fist,07-08,6636
E05_spatial_control,erd_lr,2,65,1,1,0.5708074474921447,7,left_fist,07-08,6637
E05_spatial_control,erd_lr,2,65,1,0,0.40563249465052315,7,right_fist,07-08,6638
E05_spatial_control,erd_lr,2,65,1,0,0.40290908884153465,7,right_fist,07-08,6639
E05_spatial_control,erd_lr,2,65,1,1,0.6695080467846355,7,right_fist,07-08,6640
E05_spatial_control,erd_lr,2,65,1,0,0.46207797515182925,7,left_fist,07-08,6641
E05_spatial_control,erd_lr,2,65,1,0,0.4602399459699003,7,left_fist,07-08,6642
E05_spatial_control,erd_lr,2,65,1,0,0.47435709663781855,7,right_fist,07-08,6643
E05_spatial_control,erd_lr,2,65,1,1,0.5971622054647073,7,left_fist,07-08,6644
E05_spatial_control,erd_lr,2,65,0,1,0.523030806725183,8,left_fist,07-08,6645
E05_spatial_control,erd_lr,2,65,0,0,0.49180765201516385,8,right_fist,07-08,6646
E05_spatial_control,erd_lr,2,65,0,1,0.5575420429709683,8,right_fist,07-08,6647
E05_spatial_control,erd_lr,2,65,0,0,0.39702690300566545,8,left_fist,07-08,6648
E05_spatial_control,erd_lr,2,65,0,0,0.4528989197306695,8,right_fist,07-08,6649
E05_spatial_control,erd_lr,2,65,0,1,0.5077805399083218,8,left_fist,07-08,6650
E05_spatial_control,erd_lr,2,65,0,0,0.41631196609042526,8,left_fist,07-08,6651
E05_spatial_control,erd_lr,2,65,0,0,0.48955958821144274,8,right_fist,07-08,6652
E05_spatial_control,erd_lr,2,65,0,1,0.5397964810043899,8,left_fist,07-08,6653
E05_spatial_control,erd_lr,2,65,0,0,0.4079417364148555,8,left_fist,07-08,6654
E05_spatial_control,erd_lr,2,65,0,0,0.44023903601750264,8,right_fist,07-08,6655
E05_spatial_control,erd_lr,2,65,0,0,0.3760206418822213,8,right_fist,07-08,6656
E05_spatial_control,erd_lr,2,65,0,0,0.48652535235792316,8,left_fist,07-08,6657
E05_spatial_control,erd_lr,2,65,1,1,0.53858196335186,9,both_feet,09-10,6658
E05_spatial_control,erd_lr,2,65,1,1,0.5444649624331515,9,both_fists,09-10,6659
E05_spatial_control,erd_lr,2,65,1,1,0.5811314021914287,9,both_feet,09-10,6660
E05_spatial_control,erd_lr,2,65,1,0,0.3649096501426691,9,both_feet,09-10,6661
E05_spatial_control,erd_lr,2,65,1,1,0.5486119516537403,9,both_fists,09-10,6662
E05_spatial_control,erd_lr,2,65,1,0,0.42339819269430895,9,both_feet,09-10,6663
E05_spatial_control,erd_lr,2,65,1,1,0.5930657632685236,9,both_fists,09-10,6664
E05_spatial_control,erd_lr,2,65,1,1,0.6277230935752112,9,both_feet,09-10,6665
E05_spatial_control,erd_lr,2,65,1,1,0.5048293262871267,9,both_feet,09-10,6666
E05_spatial_control,erd_lr,2,65,1,0,0.49412546899283577,9,both_feet,09-10,6667
E05_spatial_control,erd_lr,2,65,0,1,0.5635429665936307,10,both_fists,09-10,6668
E05_spatial_control,erd_lr,2,65,0,1,0.5044975242152766,10,both_feet,09-10,6669
E05_spatial_control,erd_lr,2,65,0,0,0.4894281775242493,10,both_fists,09-10,6670
E05_spatial_control,erd_lr,2,65,0,1,0.5048431899416029,10,both_feet,09-10,6671
E05_spatial_control,erd_lr,2,65,0,0,0.4065350411692098,10,both_feet,09-10,6672
E05_spatial_control,erd_lr,2,65,0,0,0.4012329872381593,10,both_fists,09-10,6673
E05_spatial_control,erd_lr,2,65,0,1,0.5395051346881953,10,both_fists,09-10,6674
E05_spatial_control,erd_lr,2,65,0,0,0.39242168660992616,10,both_feet,09-10,6675
E05_spatial_control,erd_lr,2,65,0,1,0.7047005971668814,10,both_feet,09-10,6676
E05_spatial_control,erd_lr,2,65,0,1,0.5354962059442541,10,both_fists,09-10,6677
E05_spatial_control,erd_lr,2,65,0,0,0.4688958604387479,10,both_feet,09-10,6678
E05_spatial_control,erd_lr,2,65,0,0,0.4453215086715635,10,both_fists,09-10,6679
E05_spatial_control,erd_lr,2,65,0,1,0.5076191727416268,10,both_feet,09-10,6680
E05_spatial_control,erd_lr,2,65,0,1,0.5882025501158914,10,both_fists,09-10,6681
E05_spatial_control,erd_lr,2,65,0,0,0.4928088659656226,10,both_feet,09-10,6682
E05_spatial_control,erd_lr,2,65,1,0,0.4412731668082773,11,right_fist,11-12,6683
E05_spatial_control,erd_lr,2,65,1,1,0.6280085524835308,11,left_fist,11-12,6684
E05_spatial_control,erd_lr,2,65,1,1,0.5020949472768599,11,right_fist,11-12,6685
E05_spatial_control,erd_lr,2,65,1,1,0.5113233420748033,11,left_fist,11-12,6686
E05_spatial_control,erd_lr,2,65,1,0,0.4300868394623344,11,right_fist,11-12,6687
E05_spatial_control,erd_lr,2,65,1,0,0.4296420322730063,11,left_fist,11-12,6688
E05_spatial_control,erd_lr,2,65,1,1,0.5578608071506743,11,left_fist,11-12,6689
E05_spatial_control,erd_lr,2,65,1,0,0.33540470690563057,11,right_fist,11-12,6690
E05_spatial_control,erd_lr,2,65,1,0,0.4988468470572134,11,left_fist,11-12,6691
E05_spatial_control,erd_lr,2,65,1,0,0.4872361627638023,11,right_fist,11-12,6692
E05_spatial_control,erd_lr,2,65,1,0,0.41089703171054126,11,left_fist,11-12,6693
E05_spatial_control,erd_lr,2,65,1,0,0.4475399688280457,11,right_fist,11-12,6694
E05_spatial_control,erd_lr,2,65,0,0,0.46736516273532036,12,left_fist,11-12,6695
E05_spatial_control,erd_lr,2,65,0,0,0.47625902411963467,12,right_fist,11-12,6696
E05_spatial_control,erd_lr,2,65,0,0,0.34011426027124275,12,left_fist,11-12,6697
E05_spatial_control,erd_lr,2,65,0,0,0.24831903317889023,12,right_fist,11-12,6698
E05_spatial_control,erd_lr,2,65,0,0,0.4044772768543351,12,right_fist,11-12,6699
E05_spatial_control,erd_lr,2,65,0,0,0.4403202102431579,12,left_fist,11-12,6700
E05_spatial_control,erd_lr,2,65,0,1,0.6540459459915687,12,left_fist,11-12,6701
E05_spatial_control,erd_lr,2,65,0,1,0.5180854367897717,12,right_fist,11-12,6702
E05_spatial_control,erd_lr,2,65,0,1,0.595911353087162,12,right_fist,11-12,6703
E05_spatial_control,erd_lr,2,65,0,0,0.48885839157839023,12,left_fist,11-12,6704
E05_spatial_control,erd_lr,2,65,0,0,0.46045706865102937,12,right_fist,11-12,6705
E05_spatial_control,erd_lr,2,65,0,0,0.4792997924120429,12,left_fist,11-12,6706
E05_spatial_control,erd_lr,2,65,0,0,0.40651682994514315,12,right_fist,11-12,6707
E05_spatial_control,erd_lr,2,65,1,0,0.4782581093018719,13,both_feet,13-14,6708
E05_spatial_control,erd_lr,2,65,1,1,0.5359317231910733,13,both_feet,13-14,6709
E05_spatial_control,erd_lr,2,65,1,1,0.5654815181609725,13,both_feet,13-14,6710
E05_spatial_control,erd_lr,2,65,1,1,0.6667205507127896,13,both_fists,13-14,6711
E05_spatial_control,erd_lr,2,65,1,1,0.5408570272475852,13,both_fists,13-14,6712
E05_spatial_control,erd_lr,2,65,1,0,0.4504073105071658,13,both_feet,13-14,6713
E05_spatial_control,erd_lr,2,65,1,0,0.49042145639107987,13,both_fists,13-14,6714
E05_spatial_control,erd_lr,2,65,1,0,0.4393134751197259,13,both_fists,13-14,6715
E05_spatial_control,erd_lr,2,65,1,0,0.48952726831107385,13,both_feet,13-14,6716
E05_spatial_control,erd_lr,2,65,1,1,0.6448703683795317,13,both_fists,13-14,6717
E05_spatial_control,erd_lr,2,65,0,0,0.4213220491523012,14,both_fists,13-14,6718
E05_spatial_control,erd_lr,2,65,0,0,0.4757226083709559,14,both_feet,13-14,6719
E05_spatial_control,erd_lr,2,65,0,0,0.4748566804621861,14,both_fists,13-14,6720
E05_spatial_control,erd_lr,2,65,0,0,0.40090321093125236,14,both_feet,13-14,6721
E05_spatial_control,erd_lr,2,65,0,1,0.5258287219000536,14,both_fists,13-14,6722
E05_spatial_control,erd_lr,2,65,0,1,0.5665244311851056,14,both_feet,13-14,6723
E05_spatial_control,erd_lr,2,65,0,0,0.3719025469108115,14,both_fists,13-14,6724
E05_spatial_control,erd_lr,2,65,0,0,0.37484101594657554,14,both_feet,13-14,6725
E05_spatial_control,erd_lr,2,65,0,1,0.6139002028259032,14,both_fists,13-14,6726
E05_spatial_control,erd_lr,2,65,0,0,0.4044859400853259,14,both_feet,13-14,6727
E05_spatial_control,erd_lr,2,65,0,1,0.5451695282381924,14,both_feet,13-14,6728
E05_spatial_control,erd_lr,2,65,0,0,0.3753256797500969,14,both_feet,13-14,6729
E05_spatial_control,erd_lr,2,81,1,1,0.7159995398445204,3,right_fist,03-04,8844
E05_spatial_control,erd_lr,2,81,1,1,0.6968921718353522,3,left_fist,03-04,8845
E05_spatial_control,erd_lr,2,81,1,1,0.6488883853387986,3,left_fist,03-04,8846
E05_spatial_control,erd_lr,2,81,1,1,0.7197746117397382,3,right_fist,03-04,8847
E05_spatial_control,erd_lr,2,81,1,1,0.5897946156804509,3,left_fist,03-04,8848
E05_spatial_control,erd_lr,2,81,1,1,0.615947471704745,3,right_fist,03-04,8849
E05_spatial_control,erd_lr,2,81,1,0,0.4441878139384947,3,left_fist,03-04,8850
E05_spatial_control,erd_lr,2,81,1,1,0.566699601643822,3,right_fist,03-04,8851
E05_spatial_control,erd_lr,2,81,1,1,0.669505958569962,3,left_fist,03-04,8852
E05_spatial_control,erd_lr,2,81,1,1,0.6074578444458173,3,right_fist,03-04,8853
E05_spatial_control,erd_lr,2,81,1,1,0.5053182813939501,3,right_fist,03-04,8854
E05_spatial_control,erd_lr,2,81,1,1,0.6086533818143326,3,left_fist,03-04,8855
E05_spatial_control,erd_lr,2,81,1,1,0.5759536922339126,3,right_fist,03-04,8856
E05_spatial_control,erd_lr,2,81,1,0,0.499422500628344,3,left_fist,03-04,8857
E05_spatial_control,erd_lr,2,81,1,1,0.7004680675616404,3,left_fist,03-04,8858
E05_spatial_control,erd_lr,2,81,0,0,0.46961774479702006,4,left_fist,03-04,8859
E05_spatial_control,erd_lr,2,81,0,0,0.45082165612494884,4,right_fist,03-04,8860
E05_spatial_control,erd_lr,2,81,0,1,0.6291917216521529,4,left_fist,03-04,8861
E05_spatial_control,erd_lr,2,81,0,0,0.39586801419175816,4,right_fist,03-04,8862
E05_spatial_control,erd_lr,2,81,0,1,0.5524687539460543,4,right_fist,03-04,8863
E05_spatial_control,erd_lr,2,81,0,0,0.47845820692555785,4,left_fist,03-04,8864
E05_spatial_control,erd_lr,2,81,0,0,0.3292408354288291,4,left_fist,03-04,8865
E05_spatial_control,erd_lr,2,81,0,0,0.3955967271088968,4,right_fist,03-04,8866
E05_spatial_control,erd_lr,2,81,0,0,0.4343145231453672,4,left_fist,03-04,8867
E05_spatial_control,erd_lr,2,81,0,0,0.3896251372406761,4,right_fist,03-04,8868
E05_spatial_control,erd_lr,2,81,0,0,0.346681352397509,4,right_fist,03-04,8869
E05_spatial_control,erd_lr,2,81,0,0,0.3580748415369132,4,left_fist,03-04,8870
E05_spatial_control,erd_lr,2,81,0,1,0.5132496380521675,4,left_fist,03-04,8871
E05_spatial_control,erd_lr,2,81,0,0,0.37342473981072904,4,right_fist,03-04,8872
E05_spatial_control,erd_lr,2,81,0,0,0.34947831807281504,4,right_fist,03-04,8873
E05_spatial_control,erd_lr,2,81,1,1,0.5861297345097057,5,both_fists,05-06,8874
E05_spatial_control,erd_lr,2,81,1,1,0.7359754942427736,5,both_feet,05-06,8875
E05_spatial_control,erd_lr,2,81,1,1,0.5772098207184343,5,both_feet,05-06,8876
E05_spatial_control,erd_lr,2,81,1,1,0.6234483534658022,5,both_fists,05-06,8877
E05_spatial_control,erd_lr,2,81,1,1,0.7428541175534795,5,both_fists,05-06,8878
E05_spatial_control,erd_lr,2,81,1,0,0.4087250426055348,5,both_feet,05-06,8879
E05_spatial_control,erd_lr,2,81,1,0,0.39625426506168093,5,both_fists,05-06,8880
E05_spatial_control,erd_lr,2,81,1,0,0.41064698848657455,5,both_feet,05-06,8881
E05_spatial_control,erd_lr,2,81,1,0,0.4811397126098873,5,both_fists,05-06,8882
E05_spatial_control,erd_lr,2,81,1,1,0.6252057322444553,5,both_feet,05-06,8883
E05_spatial_control,erd_lr,2,81,1,0,0.4638243843240503,5,both_fists,05-06,8884
E05_spatial_control,erd_lr,2,81,1,1,0.6991187437415991,5,both_feet,05-06,8885
E05_spatial_control,erd_lr,2,81,1,1,0.6345810640511419,5,both_feet,05-06,8886
E05_spatial_control,erd_lr,2,81,1,1,0.5100209889085945,5,both_fists,05-06,8887
E05_spatial_control,erd_lr,2,81,1,1,0.5949604841680205,5,both_feet,05-06,8888
E05_spatial_control,erd_lr,2,81,0,1,0.6186018462609074,6,both_fists,05-06,8889
E05_spatial_control,erd_lr,2,81,0,1,0.6458055900171935,6,both_feet,05-06,8890
E05_spatial_control,erd_lr,2,81,0,0,0.34120050808086333,6,both_feet,05-06,8891
E05_spatial_control,erd_lr,2,81,0,1,0.5151563553053081,6,both_fists,05-06,8892
E05_spatial_control,erd_lr,2,81,0,0,0.49676761462905766,6,both_fists,05-06,8893
E05_spatial_control,erd_lr,2,81,0,0,0.42338684427187245,6,both_feet,05-06,8894
E05_spatial_control,erd_lr,2,81,0,1,0.5928439378567802,6,both_fists,05-06,8895
E05_spatial_control,erd_lr,2,81,0,0,0.3161075284223754,6,both_feet,05-06,8896
E05_spatial_control,erd_lr,2,81,0,0,0.4412789073087891,6,both_feet,05-06,8897
E05_spatial_control,erd_lr,2,81,0,0,0.34529099111286665,6,both_fists,05-06,8898
E05_spatial_control,erd_lr,2,81,0,0,0.3979537342200503,6,both_fists,05-06,8899
E05_spatial_control,erd_lr,2,81,0,0,0.4258216848184228,6,both_feet,05-06,8900
E05_spatial_control,erd_lr,2,81,0,0,0.3770412332312459,6,both_feet,05-06,8901
E05_spatial_control,erd_lr,2,81,0,0,0.39952201759940537,6,both_fists,05-06,8902
E05_spatial_control,erd_lr,2,81,0,0,0.3683239227378065,6,both_feet,05-06,8903
E05_spatial_control,erd_lr,2,81,1,1,0.6695528832271099,7,left_fist,07-08,8904
E05_spatial_control,erd_lr,2,81,1,1,0.5674639038919013,7,right_fist,07-08,8905
E05_spatial_control,erd_lr,2,81,1,1,0.6219013265096622,7,right_fist,07-08,8906
E05_spatial_control,erd_lr,2,81,1,1,0.5738981816170078,7,left_fist,07-08,8907
E05_spatial_control,erd_lr,2,81,1,1,0.6518012119084449,7,left_fist,07-08,8908
E05_spatial_control,erd_lr,2,81,1,1,0.5696255829730575,7,right_fist,07-08,8909
E05_spatial_control,erd_lr,2,81,1,1,0.6768351733897202,7,right_fist,07-08,8910
E05_spatial_control,erd_lr,2,81,1,0,0.44893496597427524,7,left_fist,07-08,8911
E05_spatial_control,erd_lr,2,81,1,0,0.4325454310194043,7,left_fist,07-08,8912
E05_spatial_control,erd_lr,2,81,1,1,0.6073295130268007,7,right_fist,07-08,8913
E05_spatial_control,erd_lr,2,81,1,0,0.4805210616127364,7,left_fist,07-08,8914
E05_spatial_control,erd_lr,2,81,1,1,0.5074907831850637,7,right_fist,07-08,8915
E05_spatial_control,erd_lr,2,81,1,0,0.4894570311853363,7,right_fist,07-08,8916
E05_spatial_control,erd_lr,2,81,1,1,0.685681605381386,7,left_fist,07-08,8917
E05_spatial_control,erd_lr,2,81,1,1,0.5537781848086615,7,right_fist,07-08,8918
E05_spatial_control,erd_lr,2,81,0,0,0.43331562558448333,8,left_fist,07-08,8919
E05_spatial_control,erd_lr,2,81,0,1,0.5297172332606849,8,right_fist,07-08,8920
E05_spatial_control,erd_lr,2,81,0,0,0.35379349265297017,8,left_fist,07-08,8921
E05_spatial_control,erd_lr,2,81,0,0,0.4469559875459311,8,right_fist,07-08,8922
E05_spatial_control,erd_lr,2,81,0,0,0.41504653809345765,8,right_fist,07-08,8923
E05_spatial_control,erd_lr,2,81,0,1,0.5145277148168879,8,left_fist,07-08,8924
E05_spatial_control,erd_lr,2,81,0,0,0.4664207377459134,8,right_fist,07-08,8925
E05_spatial_control,erd_lr,2,81,0,1,0.6073578884687485,8,left_fist,07-08,8926
E05_spatial_control,erd_lr,2,81,0,1,0.5566164271231144,8,right_fist,07-08,8927
E05_spatial_control,erd_lr,2,81,0,1,0.5133566808104165,8,left_fist,07-08,8928
E05_spatial_control,erd_lr,2,81,0,0,0.43210017552913427,8,left_fist,07-08,8929
E05_spatial_control,erd_lr,2,81,0,1,0.5801222619149827,8,right_fist,07-08,8930
E05_spatial_control,erd_lr,2,81,0,0,0.4898464329981041,8,right_fist,07-08,8931
E05_spatial_control,erd_lr,2,81,0,0,0.3778900079393034,8,left_fist,07-08,8932
E05_spatial_control,erd_lr,2,81,0,0,0.368151658949393,8,right_fist,07-08,8933
E05_spatial_control,erd_lr,2,81,1,1,0.6820116753665803,9,both_feet,09-10,8934
E05_spatial_control,erd_lr,2,81,1,1,0.6196856246559568,9,both_fists,09-10,8935
E05_spatial_control,erd_lr,2,81,1,1,0.6281097003468792,9,both_feet,09-10,8936
E05_spatial_control,erd_lr,2,81,1,1,0.5488690003415677,9,both_fists,09-10,8937
E05_spatial_control,erd_lr,2,81,1,1,0.6037547088474947,9,both_fists,09-10,8938
E05_spatial_control,erd_lr,2,81,1,1,0.5533277741379947,9,both_feet,09-10,8939
E05_spatial_control,erd_lr,2,81,1,1,0.5987254739997631,9,both_fists,09-10,8940
E05_spatial_control,erd_lr,2,81,1,0,0.48766601889533745,9,both_feet,09-10,8941
E05_spatial_control,erd_lr,2,81,1,0,0.3652975686351485,9,both_feet,09-10,8942
E05_spatial_control,erd_lr,2,81,1,1,0.552235576235022,9,both_fists,09-10,8943
E05_spatial_control,erd_lr,2,81,1,1,0.7230744776192025,9,both_fists,09-10,8944
E05_spatial_control,erd_lr,2,81,1,1,0.6458705926067504,9,both_feet,09-10,8945
E05_spatial_control,erd_lr,2,81,1,1,0.7416755103142503,9,both_fists,09-10,8946
E05_spatial_control,erd_lr,2,81,1,1,0.5632650043509048,9,both_feet,09-10,8947
E05_spatial_control,erd_lr,2,81,1,1,0.6736096875500086,9,both_feet,09-10,8948
E05_spatial_control,erd_lr,2,81,0,1,0.5312078560384834,10,both_fists,09-10,8949
E05_spatial_control,erd_lr,2,81,0,1,0.5078196902985617,10,both_feet,09-10,8950
E05_spatial_control,erd_lr,2,81,0,0,0.44181882653386423,10,both_feet,09-10,8951
E05_spatial_control,erd_lr,2,81,0,1,0.5896892030657679,10,both_fists,09-10,8952
E05_spatial_control,erd_lr,2,81,0,0,0.4299624476422811,10,both_fists,09-10,8953
E05_spatial_control,erd_lr,2,81,0,1,0.5160332758312478,10,both_feet,09-10,8954
E05_spatial_control,erd_lr,2,81,0,0,0.42981044513988753,10,both_fists,09-10,8955
E05_spatial_control,erd_lr,2,81,0,0,0.4822341955653901,10,both_feet,09-10,8956
E05_spatial_control,erd_lr,2,81,0,1,0.7024194034610879,10,both_fists,09-10,8957
E05_spatial_control,erd_lr,2,81,0,0,0.29071037679010386,10,both_feet,09-10,8958
E05_spatial_control,erd_lr,2,81,0,1,0.5482407200817165,10,both_feet,09-10,8959
E05_spatial_control,erd_lr,2,81,0,0,0.4164213639155486,10,both_fists,09-10,8960
E05_spatial_control,erd_lr,2,81,0,0,0.461712181558816,10,both_feet,09-10,8961
E05_spatial_control,erd_lr,2,81,0,1,0.5171119690683467,10,both_fists,09-10,8962
E05_spatial_control,erd_lr,2,81,0,1,0.6019980254350423,10,both_fists,09-10,8963
E05_spatial_control,erd_lr,2,81,1,1,0.7319206710724387,11,left_fist,11-12,8964
E05_spatial_control,erd_lr,2,81,1,0,0.4384039827041219,11,right_fist,11-12,8965
E05_spatial_control,erd_lr,2,81,1,1,0.6506597107643395,11,right_fist,11-12,8966
E05_spatial_control,erd_lr,2,81,1,1,0.6743596959206082,11,left_fist,11-12,8967
E05_spatial_control,erd_lr,2,81,1,1,0.5084604744911239,11,right_fist,11-12,8968
E05_spatial_control,erd_lr,2,81,1,0,0.4486066690611891,11,left_fist,11-12,8969
E05_spatial_control,erd_lr,2,81,1,1,0.7052995780297568,11,right_fist,11-12,8970
E05_spatial_control,erd_lr,2,81,1,1,0.60622570345895,11,left_fist,11-12,8971
E05_spatial_control,erd_lr,2,81,1,1,0.6227393116115667,11,right_fist,11-12,8972
E05_spatial_control,erd_lr,2,81,1,1,0.642854683215857,11,left_fist,11-12,8973
E05_spatial_control,erd_lr,2,81,1,1,0.7109685340516823,11,left_fist,11-12,8974
E05_spatial_control,erd_lr,2,81,1,1,0.5885053192175628,11,right_fist,11-12,8975
E05_spatial_control,erd_lr,2,81,1,1,0.7144452018659394,11,left_fist,11-12,8976
E05_spatial_control,erd_lr,2,81,1,1,0.6430770713212091,11,right_fist,11-12,8977
E05_spatial_control,erd_lr,2,81,1,1,0.5086132250683142,11,right_fist,11-12,8978
E05_spatial_control,erd_lr,2,81,0,0,0.48930360167235687,12,right_fist,11-12,8979
E05_spatial_control,erd_lr,2,81,0,0,0.41281724987290297,12,left_fist,11-12,8980
E05_spatial_control,erd_lr,2,81,0,1,0.5834267294208275,12,left_fist,11-12,8981
E05_spatial_control,erd_lr,2,81,0,0,0.4013145526867613,12,right_fist,11-12,8982
E05_spatial_control,erd_lr,2,81,0,0,0.4295937073151193,12,right_fist,11-12,8983
E05_spatial_control,erd_lr,2,81,0,0,0.3762484683302158,12,left_fist,11-12,8984
E05_spatial_control,erd_lr,2,81,0,0,0.452654520576565,12,left_fist,11-12,8985
E05_spatial_control,erd_lr,2,81,0,0,0.3365360417809472,12,right_fist,11-12,8986
E05_spatial_control,erd_lr,2,81,0,0,0.3801630635720356,12,right_fist,11-12,8987
E05_spatial_control,erd_lr,2,81,0,0,0.3850496876039726,12,left_fist,11-12,8988
E05_spatial_control,erd_lr,2,81,0,1,0.6388573792286637,12,left_fist,11-12,8989
E05_spatial_control,erd_lr,2,81,0,0,0.4448291122272919,12,right_fist,11-12,8990
E05_spatial_control,erd_lr,2,81,0,0,0.45683927430493876,12,right_fist,11-12,8991
E05_spatial_control,erd_lr,2,81,0,1,0.5070859001560614,12,left_fist,11-12,8992
E05_spatial_control,erd_lr,2,81,0,0,0.49573059960380084,12,left_fist,11-12,8993
E05_spatial_control,erd_lr,2,81,1,1,0.59507713818607,13,both_feet,13-14,8994
E05_spatial_control,erd_lr,2,81,1,1,0.7377929303557974,13,both_fists,13-14,8995
E05_spatial_control,erd_lr,2,81,1,1,0.7176845979035076,13,both_feet,13-14,8996
E05_spatial_control,erd_lr,2,81,1,1,0.5470229836661914,13,both_fists,13-14,8997
E05_spatial_control,erd_lr,2,81,1,1,0.6437356227132299,13,both_fists,13-14,8998
E05_spatial_control,erd_lr,2,81,1,1,0.6909599212880397,13,both_feet,13-14,8999
E05_spatial_control,erd_lr,2,81,1,0,0.4408735009407875,13,both_feet,13-14,9000
E05_spatial_control,erd_lr,2,81,1,1,0.6216078464293716,13,both_fists,13-14,9001
E05_spatial_control,erd_lr,2,81,1,1,0.5561052291808268,13,both_feet,13-14,9002
E05_spatial_control,erd_lr,2,81,1,1,0.5579609541238265,13,both_fists,13-14,9003
E05_spatial_control,erd_lr,2,81,1,1,0.7059889569612131,13,both_fists,13-14,9004
E05_spatial_control,erd_lr,2,81,1,1,0.6099942831543098,13,both_feet,13-14,9005
E05_spatial_control,erd_lr,2,81,1,1,0.5693549714886319,13,both_feet,13-14,9006
E05_spatial_control,erd_lr,2,81,1,1,0.7151257759780875,13,both_fists,13-14,9007
E05_spatial_control,erd_lr,2,81,1,1,0.616017345578109,13,both_feet,13-14,9008
E05_spatial_control,erd_lr,2,81,0,1,0.5008981395728679,14,both_feet,13-14,9009
E05_spatial_control,erd_lr,2,81,0,0,0.4437198479019664,14,both_fists,13-14,9010
E05_spatial_control,erd_lr,2,81,0,0,0.4919525884002716,14,both_feet,13-14,9011
E05_spatial_control,erd_lr,2,81,0,1,0.5359731036134221,14,both_fists,13-14,9012
E05_spatial_control,erd_lr,2,81,0,0,0.39891110007051334,14,both_fists,13-14,9013
E05_spatial_control,erd_lr,2,81,0,1,0.5054872826024382,14,both_feet,13-14,9014
E05_spatial_control,erd_lr,2,81,0,1,0.5310264476661393,14,both_fists,13-14,9015
E05_spatial_control,erd_lr,2,81,0,0,0.4004679732957487,14,both_feet,13-14,9016
E05_spatial_control,erd_lr,2,81,0,1,0.5218781465673493,14,both_fists,13-14,9017
E05_spatial_control,erd_lr,2,81,0,0,0.40219218189539196,14,both_feet,13-14,9018
E05_spatial_control,erd_lr,2,81,0,0,0.2878260999227786,14,both_fists,13-14,9019
E05_spatial_control,erd_lr,2,81,0,1,0.6035169360221834,14,both_feet,13-14,9020
E05_spatial_control,erd_lr,2,81,0,1,0.510110349486656,14,both_feet,13-14,9021
E05_spatial_control,erd_lr,2,81,0,0,0.4682375655088826,14,both_fists,13-14,9022
E05_spatial_control,erd_lr,2,81,0,1,0.6806521206404443,14,both_feet,13-14,9023
E05_spatial_control,erd_lr,2,87,1,0,0.4608067185918007,3,left_fist,03-04,9630
E05_spatial_control,erd_lr,2,87,1,0,0.3853462423416242,3,left_fist,03-04,9631
E05_spatial_control,erd_lr,2,87,1,0,0.43786437154984487,3,left_fist,03-04,9632
E05_spatial_control,erd_lr,2,87,1,0,0.4994181212880202,3,left_fist,03-04,9633
E05_spatial_control,erd_lr,2,87,1,0,0.4839915557107244,3,right_fist,03-04,9634
E05_spatial_control,erd_lr,2,87,0,0,0.4026806001747648,4,right_fist,03-04,9635
E05_spatial_control,erd_lr,2,87,0,1,0.6355728902843638,4,left_fist,03-04,9636
E05_spatial_control,erd_lr,2,87,0,1,0.6293577866824972,4,left_fist,03-04,9637
E05_spatial_control,erd_lr,2,87,0,0,0.30108841686494614,4,right_fist,03-04,9638
E05_spatial_control,erd_lr,2,87,0,1,0.6817018994924438,4,left_fist,03-04,9639
E05_spatial_control,erd_lr,2,87,0,0,0.4900552838445164,4,right_fist,03-04,9640
E05_spatial_control,erd_lr,2,87,0,1,0.538520186884071,4,right_fist,03-04,9641
E05_spatial_control,erd_lr,2,87,0,0,0.4452580725581278,4,right_fist,03-04,9642
E05_spatial_control,erd_lr,2,87,0,1,0.5309662931842705,4,right_fist,03-04,9643
E05_spatial_control,erd_lr,2,87,0,0,0.3764492300754554,4,right_fist,03-04,9644
E05_spatial_control,erd_lr,2,87,0,0,0.46398631759759557,4,left_fist,03-04,9645
E05_spatial_control,erd_lr,2,87,1,1,0.5585762724274387,5,both_fists,05-06,9646
E05_spatial_control,erd_lr,2,87,1,1,0.5698502711383983,5,both_feet,05-06,9647
E05_spatial_control,erd_lr,2,87,1,1,0.6604511422917604,5,both_fists,05-06,9648
E05_spatial_control,erd_lr,2,87,1,1,0.5501602267494365,5,both_feet,05-06,9649
E05_spatial_control,erd_lr,2,87,1,1,0.6182844916657362,5,both_fists,05-06,9650
E05_spatial_control,erd_lr,2,87,1,0,0.343397445637451,5,both_feet,05-06,9651
E05_spatial_control,erd_lr,2,87,1,1,0.5645807309298781,5,both_fists,05-06,9652
E05_spatial_control,erd_lr,2,87,1,0,0.36143790201347753,5,both_feet,05-06,9653
E05_spatial_control,erd_lr,2,87,1,0,0.3598456389005207,5,both_feet,05-06,9654
E05_spatial_control,erd_lr,2,87,1,0,0.39797442924479415,5,both_fists,05-06,9655
E05_spatial_control,erd_lr,2,87,1,0,0.4715060117480845,5,both_fists,05-06,9656
E05_spatial_control,erd_lr,2,87,1,1,0.7527357661205658,5,both_feet,05-06,9657
E05_spatial_control,erd_lr,2,87,0,1,0.5761226801920473,6,both_fists,05-06,9658
E05_spatial_control,erd_lr,2,87,0,1,0.5160542571403645,6,both_fists,05-06,9659
E05_spatial_control,erd_lr,2,87,0,0,0.43819986710770115,6,both_feet,05-06,9660
E05_spatial_control,erd_lr,2,87,0,1,0.5377636858732092,6,both_feet,05-06,9661
E05_spatial_control,erd_lr,2,87,0,0,0.41389202213208626,6,both_fists,05-06,9662
E05_spatial_control,erd_lr,2,87,0,1,0.6893237837797058,6,both_feet,05-06,9663
E05_spatial_control,erd_lr,2,87,0,1,0.7161167311511532,6,both_fists,05-06,9664
E05_spatial_control,erd_lr,2,87,0,0,0.3742362178409199,6,both_fists,05-06,9665
E05_spatial_control,erd_lr,2,87,0,1,0.5170767731792971,6,both_feet,05-06,9666
E05_spatial_control,erd_lr,2,87,0,0,0.3612244282373549,6,both_feet,05-06,9667
E05_spatial_control,erd_lr,2,87,1,0,0.4309108680141417,7,left_fist,07-08,9668
E05_spatial_control,erd_lr,2,87,1,1,0.6039412910937251,7,right_fist,07-08,9669
E05_spatial_control,erd_lr,2,87,1,0,0.43474049137007303,7,left_fist,07-08,9670
E05_spatial_control,erd_lr,2,87,1,1,0.640147075462149,7,right_fist,07-08,9671
E05_spatial_control,erd_lr,2,87,1,1,0.6281694989324362,7,left_fist,07-08,9672
E05_spatial_control,erd_lr,2,87,1,0,0.48314637322170617,7,right_fist,07-08,9673
E05_spatial_control,erd_lr,2,87,1,1,0.6680102965951237,7,left_fist,07-08,9674
E05_spatial_control,erd_lr,2,87,1,0,0.46323408408926586,7,left_fist,07-08,9675
E05_spatial_control,erd_lr,2,87,1,0,0.4325845195194244,7,left_fist,07-08,9676
E05_spatial_control,erd_lr,2,87,1,1,0.7087925027678404,7,right_fist,07-08,9677
E05_spatial_control,erd_lr,2,87,1,1,0.7571155360466734,7,right_fist,07-08,9678
E05_spatial_control,erd_lr,2,87,0,1,0.5911830755436877,8,right_fist,07-08,9679
E05_spatial_control,erd_lr,2,87,0,0,0.44234607296450434,8,left_fist,07-08,9680
E05_spatial_control,erd_lr,2,87,0,1,0.5560616596932441,8,left_fist,07-08,9681
E05_spatial_control,erd_lr,2,87,0,0,0.3524796571838798,8,left_fist,07-08,9682
E05_spatial_control,erd_lr,2,87,1,1,0.5266727631998515,9,both_feet,09-10,9683
E05_spatial_control,erd_lr,2,87,1,1,0.5086278995934839,9,both_fists,09-10,9684
E05_spatial_control,erd_lr,2,87,1,0,0.44202894987733915,9,both_fists,09-10,9685
E05_spatial_control,erd_lr,2,87,1,0,0.34348616027632173,9,both_feet,09-10,9686
E05_spatial_control,erd_lr,2,87,1,1,0.6208464507325042,9,both_fists,09-10,9687
E05_spatial_control,erd_lr,2,87,1,0,0.45413153286566227,9,both_feet,09-10,9688
E05_spatial_control,erd_lr,2,87,1,1,0.6048978075962809,9,both_fists,09-10,9689
E05_spatial_control,erd_lr,2,87,1,0,0.4976104880636236,9,both_feet,09-10,9690
E05_spatial_control,erd_lr,2,87,1,1,0.5479066587322223,9,both_feet,09-10,9691
E05_spatial_control,erd_lr,2,87,0,1,0.5893258520603406,10,both_fists,09-10,9692
E05_spatial_control,erd_lr,2,87,0,0,0.4917431247547253,10,both_fists,09-10,9693
E05_spatial_control,erd_lr,2,87,0,0,0.4612748574612022,10,both_fists,09-10,9694
E05_spatial_control,erd_lr,2,87,0,0,0.33622996836785335,10,both_feet,09-10,9695
E05_spatial_control,erd_lr,2,87,0,0,0.31256340477495775,10,both_fists,09-10,9696
E05_spatial_control,erd_lr,2,87,0,0,0.3620513127844486,10,both_fists,09-10,9697
E05_spatial_control,erd_lr,2,87,0,1,0.6709455166979769,10,both_feet,09-10,9698
E05_spatial_control,erd_lr,2,87,1,1,0.5907413587339658,11,left_fist,11-12,9699
E05_spatial_control,erd_lr,2,87,1,1,0.5147784645603253,11,right_fist,11-12,9700
E05_spatial_control,erd_lr,2,87,1,0,0.44984633965256965,11,right_fist,11-12,9701
E05_spatial_control,erd_lr,2,87,1,0,0.40020501843342865,11,left_fist,11-12,9702
E05_spatial_control,erd_lr,2,87,1,1,0.6583922003058783,11,left_fist,11-12,9703
E05_spatial_control,erd_lr,2,87,1,1,0.6975329993884505,11,right_fist,11-12,9704
E05_spatial_control,erd_lr,2,87,1,0,0.46049753128513254,11,right_fist,11-12,9705
E05_spatial_control,erd_lr,2,87,1,1,0.5389794167821621,11,left_fist,11-12,9706
E05_spatial_control,erd_lr,2,87,1,1,0.5481126995257122,11,left_fist,11-12,9707
E05_spatial_control,erd_lr,2,87,1,0,0.35392372177925324,11,right_fist,11-12,9708
E05_spatial_control,erd_lr,2,87,1,1,0.5938784359635071,11,left_fist,11-12,9709
E05_spatial_control,erd_lr,2,87,1,0,0.38085901854662946,11,right_fist,11-12,9710
E05_spatial_control,erd_lr,2,87,1,1,0.576988787440088,11,right_fist,11-12,9711
E05_spatial_control,erd_lr,2,87,0,0,0.4103993104020651,12,right_fist,11-12,9712
E05_spatial_control,erd_lr,2,87,0,0,0.424971055560822,12,left_fist,11-12,9713
E05_spatial_control,erd_lr,2,87,0,0,0.4586937806838263,12,right_fist,11-12,9714
E05_spatial_control,erd_lr,2,87,0,1,0.5977044787671255,12,left_fist,11-12,9715
E05_spatial_control,erd_lr,2,87,0,1,0.5831688590597177,12,right_fist,11-12,9716
E05_spatial_control,erd_lr,2,87,0,0,0.41818291625792503,12,left_fist,11-12,9717
E05_spatial_control,erd_lr,2,87,0,0,0.3611959135368365,12,right_fist,11-12,9718
E05_spatial_control,erd_lr,2,87,0,0,0.4329989955029583,12,left_fist,11-12,9719
E05_spatial_control,erd_lr,2,87,0,1,0.6277594249723036,12,right_fist,11-12,9720
E05_spatial_control,erd_lr,2,87,0,0,0.24843402981735666,12,left_fist,11-12,9721
E05_spatial_control,erd_lr,2,87,0,0,0.2843156442766407,12,right_fist,11-12,9722
E05_spatial_control,erd_lr,2,87,1,0,0.47433798838183505,13,both_feet,13-14,9723
E05_spatial_control,erd_lr,2,87,1,1,0.6396875402141783,13,both_fists,13-14,9724
E05_spatial_control,erd_lr,2,87,1,0,0.3862539432911015,13,both_fists,13-14,9725
E05_spatial_control,erd_lr,2,87,1,0,0.4221429821054308,13,both_feet,13-14,9726
E05_spatial_control,erd_lr,2,87,1,0,0.4036255666526653,13,both_fists,13-14,9727
E05_spatial_control,erd_lr,2,87,1,0,0.42774439137689924,13,both_feet,13-14,9728
E05_spatial_control,erd_lr,2,87,1,1,0.5562303511010694,13,both_fists,13-14,9729
E05_spatial_control,erd_lr,2,87,1,0,0.47957475989468035,13,both_feet,13-14,9730
E05_spatial_control,erd_lr,2,87,1,1,0.6411212081062884,13,both_fists,13-14,9731
E05_spatial_control,erd_lr,2,87,1,0,0.44688277785133096,13,both_fists,13-14,9732
E05_spatial_control,erd_lr,2,87,1,0,0.3635575088036008,13,both_feet,13-14,9733
E05_spatial_control,erd_lr,2,87,0,0,0.4332317412395105,14,both_feet,13-14,9734
E05_spatial_control,erd_lr,2,87,0,1,0.5032001068889898,14,both_feet,13-14,9735
E05_spatial_control,erd_lr,2,87,0,0,0.4904038220214042,14,both_fists,13-14,9736
E05_spatial_control,erd_lr,2,87,0,0,0.43865270290513236,14,both_feet,13-14,9737
E05_spatial_control,erd_lr,2,87,0,0,0.19966864314391206,14,both_feet,13-14,9738
E05_spatial_control,erd_lr,2,87,0,0,0.298726493038297,14,both_fists,13-14,9739
E05_spatial_control,erd_lr,2,89,1,0,0.46219650154097686,3,right_fist,03-04,9887
E05_spatial_control,erd_lr,2,89,1,0,0.4550935193229242,3,left_fist,03-04,9888
E05_spatial_control,erd_lr,2,89,1,0,0.42475857982360055,3,left_fist,03-04,9889
E05_spatial_control,erd_lr,2,89,1,0,0.463176026005661,3,right_fist,03-04,9890
E05_spatial_control,erd_lr,2,89,1,1,0.5088278654755002,3,right_fist,03-04,9891
E05_spatial_control,erd_lr,2,89,1,0,0.4225600561626979,3,left_fist,03-04,9892
E05_spatial_control,erd_lr,2,89,1,1,0.5190873751638293,3,left_fist,03-04,9893
E05_spatial_control,erd_lr,2,89,1,0,0.4910252114933215,3,right_fist,03-04,9894
E05_spatial_control,erd_lr,2,89,1,1,0.5689532211905756,3,right_fist,03-04,9895
E05_spatial_control,erd_lr,2,89,1,1,0.631069670995856,3,left_fist,03-04,9896
E05_spatial_control,erd_lr,2,89,1,0,0.3636725897637571,3,right_fist,03-04,9897
E05_spatial_control,erd_lr,2,89,1,1,0.5204633770364866,3,left_fist,03-04,9898
E05_spatial_control,erd_lr,2,89,1,0,0.405578123541238,3,right_fist,03-04,9899
E05_spatial_control,erd_lr,2,89,1,1,0.5050891541998795,3,left_fist,03-04,9900
E05_spatial_control,erd_lr,2,89,1,1,0.5103582130287218,3,right_fist,03-04,9901
E05_spatial_control,erd_lr,2,89,1,0,0.41127471220326195,3,left_fist,03-04,9902
E05_spatial_control,erd_lr,2,89,1,1,0.5871413790797126,3,left_fist,03-04,9903
E05_spatial_control,erd_lr,2,89,1,1,0.5326119281402188,3,right_fist,03-04,9904
E05_spatial_control,erd_lr,2,89,1,0,0.3975197228278212,3,left_fist,03-04,9905
E05_spatial_control,erd_lr,2,89,1,0,0.4242447424226254,3,right_fist,03-04,9906
E05_spatial_control,erd_lr,2,89,1,0,0.41266674074018606,3,right_fist,03-04,9907
E05_spatial_control,erd_lr,2,89,1,1,0.5008088696477178,3,left_fist,03-04,9908
E05_spatial_control,erd_lr,2,89,0,0,0.36078028416901115,4,left_fist,03-04,9909
E05_spatial_control,erd_lr,2,89,0,1,0.5502005565140439,4,right_fist,03-04,9910
E05_spatial_control,erd_lr,2,89,0,0,0.3352941733822894,4,left_fist,03-04,9911
E05_spatial_control,erd_lr,2,89,0,0,0.4637699719017158,4,right_fist,03-04,9912
E05_spatial_control,erd_lr,2,89,0,1,0.5820098793363542,4,left_fist,03-04,9913
E05_spatial_control,erd_lr,2,89,0,1,0.5631303701080004,4,right_fist,03-04,9914
E05_spatial_control,erd_lr,2,89,0,0,0.44131608994414384,4,left_fist,03-04,9915
E05_spatial_control,erd_lr,2,89,0,0,0.36812822814526946,4,right_fist,03-04,9916
E05_spatial_control,erd_lr,2,89,0,0,0.4507074480340793,4,right_fist,03-04,9917
E05_spatial_control,erd_lr,2,89,0,1,0.5125986342664255,4,left_fist,03-04,9918
E05_spatial_control,erd_lr,2,89,0,0,0.4912826572923771,4,right_fist,03-04,9919
E05_spatial_control,erd_lr,2,89,0,1,0.629094425594455,4,left_fist,03-04,9920
E05_spatial_control,erd_lr,2,89,0,0,0.4001020147968951,4,left_fist,03-04,9921
E05_spatial_control,erd_lr,2,89,0,1,0.5042367316946342,4,right_fist,03-04,9922
E05_spatial_control,erd_lr,2,89,0,0,0.4025087871729261,4,left_fist,03-04,9923
E05_spatial_control,erd_lr,2,89,1,0,0.3954243694117985,5,both_feet,05-06,9924
E05_spatial_control,erd_lr,2,89,1,1,0.6689696640889425,5,both_fists,05-06,9925
E05_spatial_control,erd_lr,2,89,1,1,0.6234719432293221,5,both_fists,05-06,9926
E05_spatial_control,erd_lr,2,89,1,1,0.5226043786499801,5,both_feet,05-06,9927
E05_spatial_control,erd_lr,2,89,1,0,0.4926185305293622,5,both_fists,05-06,9928
E05_spatial_control,erd_lr,2,89,1,1,0.5921504757726986,5,both_feet,05-06,9929
E05_spatial_control,erd_lr,2,89,1,0,0.45454694093878545,5,both_feet,05-06,9930
E05_spatial_control,erd_lr,2,89,1,0,0.24398347003806697,5,both_fists,05-06,9931
E05_spatial_control,erd_lr,2,89,1,0,0.4551398146989925,5,both_fists,05-06,9932
E05_spatial_control,erd_lr,2,89,1,0,0.40792891953117005,5,both_feet,05-06,9933
E05_spatial_control,erd_lr,2,89,1,0,0.4280400241496164,5,both_feet,05-06,9934
E05_spatial_control,erd_lr,2,89,1,0,0.49637934796570016,5,both_fists,05-06,9935
E05_spatial_control,erd_lr,2,89,1,0,0.4306666339348656,5,both_fists,05-06,9936
E05_spatial_control,erd_lr,2,89,1,1,0.6165302553143871,5,both_feet,05-06,9937
E05_spatial_control,erd_lr,2,89,1,0,0.3730662948429295,5,both_feet,05-06,9938
E05_spatial_control,erd_lr,2,89,0,0,0.32792165504084697,6,both_fists,05-06,9939
E05_spatial_control,erd_lr,2,89,0,0,0.43497137751735604,6,both_feet,05-06,9940
E05_spatial_control,erd_lr,2,89,0,0,0.4382177911844554,6,both_fists,05-06,9941
E05_spatial_control,erd_lr,2,89,0,1,0.507624836971426,6,both_feet,05-06,9942
E05_spatial_control,erd_lr,2,89,0,0,0.44622698672293565,6,both_fists,05-06,9943
E05_spatial_control,erd_lr,2,89,0,1,0.5666225141885154,6,both_feet,05-06,9944
E05_spatial_control,erd_lr,2,89,0,1,0.5328813573631697,6,both_fists,05-06,9945
E05_spatial_control,erd_lr,2,89,0,1,0.5985020012214376,6,both_feet,05-06,9946
E05_spatial_control,erd_lr,2,89,0,0,0.37720668423837067,6,both_feet,05-06,9947
E05_spatial_control,erd_lr,2,89,0,1,0.5279099620016187,6,both_fists,05-06,9948
E05_spatial_control,erd_lr,2,89,0,1,0.5217293082898599,6,both_fists,05-06,9949
E05_spatial_control,erd_lr,2,89,0,0,0.4880502296502956,6,both_feet,05-06,9950
E05_spatial_control,erd_lr,2,89,0,1,0.6520039339622477,6,both_fists,05-06,9951
E05_spatial_control,erd_lr,2,89,0,0,0.47000279308303045,6,both_feet,05-06,9952
E05_spatial_control,erd_lr,2,89,0,0,0.46090342741849744,6,both_fists,05-06,9953
E05_spatial_control,erd_lr,2,89,1,1,0.5242940930491412,7,left_fist,07-08,9954
E05_spatial_control,erd_lr,2,89,1,0,0.42281245019968605,7,right_fist,07-08,9955
E05_spatial_control,erd_lr,2,89,1,0,0.38241151463258827,7,right_fist,07-08,9956
E05_spatial_control,erd_lr,2,89,1,1,0.6061517482216415,7,left_fist,07-08,9957
E05_spatial_control,erd_lr,2,89,1,1,0.5576942574984801,7,left_fist,07-08,9958
E05_spatial_control,erd_lr,2,89,1,1,0.5017934177379098,7,right_fist,07-08,9959
E05_spatial_control,erd_lr,2,89,1,1,0.5990281535483166,7,right_fist,07-08,9960
E05_spatial_control,erd_lr,2,89,1,0,0.42811001084446804,7,left_fist,07-08,9961
E05_spatial_control,erd_lr,2,89,1,0,0.44282016136549557,7,left_fist,07-08,9962
E05_spatial_control,erd_lr,2,89,1,0,0.4332113517565714,7,right_fist,07-08,9963
E05_spatial_control,erd_lr,2,89,1,0,0.4662832285191214,7,left_fist,07-08,9964
E05_spatial_control,erd_lr,2,89,1,0,0.47564772866909155,7,right_fist,07-08,9965
E05_spatial_control,erd_lr,2,89,1,0,0.43582431770260965,7,right_fist,07-08,9966
E05_spatial_control,erd_lr,2,89,1,1,0.5119579447449775,7,left_fist,07-08,9967
E05_spatial_control,erd_lr,2,89,1,1,0.5933407511294017,7,left_fist,07-08,9968
E05_spatial_control,erd_lr,2,89,0,1,0.5814901011764873,8,left_fist,07-08,9969
E05_spatial_control,erd_lr,2,89,0,0,0.45615918197740973,8,right_fist,07-08,9970
E05_spatial_control,erd_lr,2,89,0,0,0.47061624188616774,8,right_fist,07-08,9971
E05_spatial_control,erd_lr,2,89,0,0,0.4942327758456729,8,left_fist,07-08,9972
E05_spatial_control,erd_lr,2,89,0,0,0.3281797694047872,8,right_fist,07-08,9973
E05_spatial_control,erd_lr,2,89,0,0,0.49917622247330407,8,left_fist,07-08,9974
E05_spatial_control,erd_lr,2,89,0,0,0.41015674014424297,8,right_fist,07-08,9975
E05_spatial_control,erd_lr,2,89,0,1,0.5063945641274284,8,left_fist,07-08,9976
E05_spatial_control,erd_lr,2,89,0,0,0.38484050498436967,8,left_fist,07-08,9977
E05_spatial_control,erd_lr,2,89,0,0,0.3251900358797374,8,right_fist,07-08,9978
E05_spatial_control,erd_lr,2,89,0,0,0.46372373976037917,8,left_fist,07-08,9979
E05_spatial_control,erd_lr,2,89,0,0,0.4182404104462722,8,right_fist,07-08,9980
E05_spatial_control,erd_lr,2,89,0,0,0.25183027976517747,8,right_fist,07-08,9981
E05_spatial_control,erd_lr,2,89,0,0,0.4674574871943487,8,left_fist,07-08,9982
E05_spatial_control,erd_lr,2,89,0,0,0.3527946557542981,8,left_fist,07-08,9983
E05_spatial_control,erd_lr,2,89,1,0,0.43447787212220057,9,both_fists,09-10,9984
E05_spatial_control,erd_lr,2,89,1,0,0.4381445775394297,9,both_feet,09-10,9985
E05_spatial_control,erd_lr,2,89,1,0,0.4244470666188388,9,both_fists,09-10,9986
E05_spatial_control,erd_lr,2,89,1,1,0.5060187369954221,9,both_feet,09-10,9987
E05_spatial_control,erd_lr,2,89,1,1,0.5759228482543403,9,both_feet,09-10,9988
E05_spatial_control,erd_lr,2,89,1,0,0.43593051955779966,9,both_fists,09-10,9989
E05_spatial_control,erd_lr,2,89,1,1,0.5984375771159919,9,both_feet,09-10,9990
E05_spatial_control,erd_lr,2,89,1,1,0.505995124408639,9,both_fists,09-10,9991
E05_spatial_control,erd_lr,2,89,1,1,0.5628637368547672,9,both_fists,09-10,9992
E05_spatial_control,erd_lr,2,89,1,1,0.6712015134560877,9,both_feet,09-10,9993
E05_spatial_control,erd_lr,2,89,1,1,0.5375452705206061,9,both_fists,09-10,9994
E05_spatial_control,erd_lr,2,89,1,1,0.586073740630054,9,both_feet,09-10,9995
E05_spatial_control,erd_lr,2,89,1,0,0.45412120103204817,9,both_feet,09-10,9996
E05_spatial_control,erd_lr,2,89,1,1,0.5353656965362867,9,both_fists,09-10,9997
E05_spatial_control,erd_lr,2,89,1,1,0.6835506468883286,9,both_feet,09-10,9998
E05_spatial_control,erd_lr,2,89,0,0,0.37279291953590254,10,both_fists,09-10,9999
E05_spatial_control,erd_lr,2,89,0,0,0.4774976869726022,10,both_feet,09-10,10000
E05_spatial_control,erd_lr,2,89,0,0,0.3671127140370625,10,both_fists,09-10,10001
E05_spatial_control,erd_lr,2,89,0,0,0.342932564077947,10,both_feet,09-10,10002
E05_spatial_control,erd_lr,2,89,0,1,0.5192358699371172,10,both_feet,09-10,10003
E05_spatial_control,erd_lr,2,89,0,0,0.3936624631661144,10,both_fists,09-10,10004
E05_spatial_control,erd_lr,2,89,0,0,0.43204773829380366,10,both_feet,09-10,10005
E05_spatial_control,erd_lr,2,89,0,0,0.356694033602394,10,both_fists,09-10,10006
E05_spatial_control,erd_lr,2,89,0,0,0.35168628333738305,10,both_fists,09-10,10007
E05_spatial_control,erd_lr,2,89,0,0,0.463396606611356,10,both_feet,09-10,10008
E05_spatial_control,erd_lr,2,89,0,0,0.43312147311910315,10,both_feet,09-10,10009
E05_spatial_control,erd_lr,2,89,0,0,0.44408672757990325,10,both_fists,09-10,10010
E05_spatial_control,erd_lr,2,89,0,1,0.5468110014083991,10,both_feet,09-10,10011
E05_spatial_control,erd_lr,2,89,0,0,0.3650298229587521,10,both_fists,09-10,10012
E05_spatial_control,erd_lr,2,89,0,0,0.388560654488787,10,both_fists,09-10,10013
E05_spatial_control,erd_lr,2,89,1,0,0.4161437314584085,11,left_fist,11-12,10014
E05_spatial_control,erd_lr,2,89,1,0,0.41281296480849006,11,right_fist,11-12,10015
E05_spatial_control,erd_lr,2,89,1,0,0.45156464159724913,11,left_fist,11-12,10016
E05_spatial_control,erd_lr,2,89,1,1,0.5970085386632633,11,right_fist,11-12,10017
E05_spatial_control,erd_lr,2,89,1,0,0.38630183125042633,11,right_fist,11-12,10018
E05_spatial_control,erd_lr,2,89,1,0,0.4473334251246865,11,left_fist,11-12,10019
E05_spatial_control,erd_lr,2,89,1,1,0.5274631079740411,11,left_fist,11-12,10020
E05_spatial_control,erd_lr,2,89,1,1,0.5622720047663524,11,right_fist,11-12,10021
E05_spatial_control,erd_lr,2,89,1,1,0.546915753217436,11,left_fist,11-12,10022
E05_spatial_control,erd_lr,2,89,1,0,0.37212462449924844,11,right_fist,11-12,10023
E05_spatial_control,erd_lr,2,89,1,1,0.5273404879866235,11,left_fist,11-12,10024
E05_spatial_control,erd_lr,2,89,1,1,0.5501733734068652,11,right_fist,11-12,10025
E05_spatial_control,erd_lr,2,89,1,1,0.5405687893288014,11,right_fist,11-12,10026
E05_spatial_control,erd_lr,2,89,1,0,0.49579023897732794,11,left_fist,11-12,10027
E05_spatial_control,erd_lr,2,89,1,0,0.41976650364580775,11,right_fist,11-12,10028
E05_spatial_control,erd_lr,2,89,0,0,0.373504120225706,12,left_fist,11-12,10029
E05_spatial_control,erd_lr,2,89,0,1,0.557029563952837,12,right_fist,11-12,10030
E05_spatial_control,erd_lr,2,89,0,1,0.5449946878452079,12,left_fist,11-12,10031
E05_spatial_control,erd_lr,2,89,0,0,0.33610540466445094,12,right_fist,11-12,10032
E05_spatial_control,erd_lr,2,89,0,0,0.44057329959355823,12,left_fist,11-12,10033
E05_spatial_control,erd_lr,2,89,0,0,0.4334632990708296,12,right_fist,11-12,10034
E05_spatial_control,erd_lr,2,89,0,0,0.4257181295269163,12,right_fist,11-12,10035
E05_spatial_control,erd_lr,2,89,0,0,0.39344932224087914,12,left_fist,11-12,10036
E05_spatial_control,erd_lr,2,89,0,0,0.37647193758005953,12,left_fist,11-12,10037
E05_spatial_control,erd_lr,2,89,0,0,0.32363223739331115,12,right_fist,11-12,10038
E05_spatial_control,erd_lr,2,89,0,0,0.41555749509458384,12,left_fist,11-12,10039
E05_spatial_control,erd_lr,2,89,0,1,0.5041372850273859,12,right_fist,11-12,10040
E05_spatial_control,erd_lr,2,89,0,0,0.4613272567043844,12,left_fist,11-12,10041
E05_spatial_control,erd_lr,2,89,0,0,0.45217943532765675,12,right_fist,11-12,10042
E05_spatial_control,erd_lr,2,89,0,0,0.3106731615269614,12,left_fist,11-12,10043
E05_spatial_control,erd_lr,2,89,1,1,0.5543897092300551,13,both_fists,13-14,10044
E05_spatial_control,erd_lr,2,89,1,1,0.617559234188444,13,both_feet,13-14,10045
E05_spatial_control,erd_lr,2,89,1,1,0.5248271198486838,13,both_fists,13-14,10046
E05_spatial_control,erd_lr,2,89,1,1,0.6110804104923393,13,both_feet,13-14,10047
E05_spatial_control,erd_lr,2,89,1,0,0.434319894480733,13,both_feet,13-14,10048
E05_spatial_control,erd_lr,2,89,1,1,0.5816179148855743,13,both_fists,13-14,10049
E05_spatial_control,erd_lr,2,89,1,1,0.6151227052974955,13,both_feet,13-14,10050
E05_spatial_control,erd_lr,2,89,1,1,0.529750116542941,13,both_fists,13-14,10051
E05_spatial_control,erd_lr,2,89,1,1,0.5438040323677328,13,both_fists,13-14,10052
E05_spatial_control,erd_lr,2,89,1,1,0.570309102560957,13,both_feet,13-14,10053
E05_spatial_control,erd_lr,2,89,1,0,0.41331673786427275,13,both_fists,13-14,10054
E05_spatial_control,erd_lr,2,89,1,1,0.6598367495182199,13,both_feet,13-14,10055
E05_spatial_control,erd_lr,2,89,1,1,0.5796000331365413,13,both_feet,13-14,10056
E05_spatial_control,erd_lr,2,89,1,1,0.547307819760037,13,both_fists,13-14,10057
E05_spatial_control,erd_lr,2,89,1,1,0.546238579777537,13,both_fists,13-14,10058
E05_spatial_control,erd_lr,2,89,0,0,0.4272482632890073,14,both_fists,13-14,10059
E05_spatial_control,erd_lr,2,89,0,0,0.41896662545211977,14,both_feet,13-14,10060
E05_spatial_control,erd_lr,2,89,0,0,0.45548733110806133,14,both_fists,13-14,10061
E05_spatial_control,erd_lr,2,89,0,1,0.6352649145914726,14,both_feet,13-14,10062
E05_spatial_control,erd_lr,2,89,0,1,0.52896903553732,14,both_fists,13-14,10063
E05_spatial_control,erd_lr,2,89,0,1,0.5751714390758792,14,both_feet,13-14,10064
E05_spatial_control,erd_lr,2,89,0,0,0.3548715021706245,14,both_feet,13-14,10065
E05_spatial_control,erd_lr,2,89,0,1,0.7602037591379734,14,both_fists,13-14,10066
E05_spatial_control,erd_lr,2,89,0,1,0.564793994375646,14,both_fists,13-14,10067
E05_spatial_control,erd_lr,2,89,0,0,0.4723804470199232,14,both_feet,13-14,10068
E05_spatial_control,erd_lr,2,89,0,0,0.3171277945112032,14,both_fists,13-14,10069
E05_spatial_control,erd_lr,2,89,0,0,0.2702331237586455,14,both_feet,13-14,10070
E05_spatial_control,erd_lr,2,89,0,0,0.3214331301507323,14,both_feet,13-14,10071
E05_spatial_control,erd_lr,2,89,0,0,0.3675264383979211,14,both_fists,13-14,10072
E05_spatial_control,erd_lr,2,89,0,0,0.4706703324852335,14,both_fists,13-14,10073
E05_spatial_control,erd_lr,2,102,1,1,0.6404177022852735,3,left_fist,03-04,11057
E05_spatial_control,erd_lr,2,102,1,0,0.494969205008815,3,right_fist,03-04,11058
E05_spatial_control,erd_lr,2,102,1,1,0.5205810609251955,3,right_fist,03-04,11059
E05_spatial_control,erd_lr,2,102,1,1,0.59909237863603,3,left_fist,03-04,11060
E05_spatial_control,erd_lr,2,102,1,0,0.46600685425123267,3,left_fist,03-04,11061
E05_spatial_control,erd_lr,2,102,1,1,0.5431963320876602,3,right_fist,03-04,11062
E05_spatial_control,erd_lr,2,102,1,1,0.5833016729130281,3,right_fist,03-04,11063
E05_spatial_control,erd_lr,2,102,1,0,0.39612104576598806,3,left_fist,03-04,11064
E05_spatial_control,erd_lr,2,102,1,0,0.4602867979141214,3,right_fist,03-04,11065
E05_spatial_control,erd_lr,2,102,1,0,0.4954456213718587,3,left_fist,03-04,11066
E05_spatial_control,erd_lr,2,102,1,0,0.4567028607269462,3,right_fist,03-04,11067
E05_spatial_control,erd_lr,2,102,1,0,0.35329272204461204,3,left_fist,03-04,11068
E05_spatial_control,erd_lr,2,102,1,1,0.5184362398698197,3,left_fist,03-04,11069
E05_spatial_control,erd_lr,2,102,1,1,0.5998775830858096,3,right_fist,03-04,11070
E05_spatial_control,erd_lr,2,102,1,1,0.6525962302455425,3,right_fist,03-04,11071
E05_spatial_control,erd_lr,2,102,0,1,0.6460093694425008,4,right_fist,03-04,11072
E05_spatial_control,erd_lr,2,102,0,1,0.5253566519811356,4,left_fist,03-04,11073
E05_spatial_control,erd_lr,2,102,0,1,0.5643175597815431,4,right_fist,03-04,11074
E05_spatial_control,erd_lr,2,102,0,0,0.3342950256576522,4,left_fist,03-04,11075
E05_spatial_control,erd_lr,2,102,0,1,0.5187647583690422,4,right_fist,03-04,11076
E05_spatial_control,erd_lr,2,102,0,1,0.6073439518011139,4,left_fist,03-04,11077
E05_spatial_control,erd_lr,2,102,0,0,0.467410298102454,4,left_fist,03-04,11078
E05_spatial_control,erd_lr,2,102,0,0,0.28216585045093273,4,right_fist,03-04,11079
E05_spatial_control,erd_lr,2,102,0,1,0.5006210171777355,4,left_fist,03-04,11080
E05_spatial_control,erd_lr,2,102,0,0,0.4112465754156568,4,right_fist,03-04,11081
E05_spatial_control,erd_lr,2,102,0,0,0.3776121507727011,4,left_fist,03-04,11082
E05_spatial_control,erd_lr,2,102,0,0,0.48557060834356675,4,right_fist,03-04,11083
E05_spatial_control,erd_lr,2,102,0,1,0.6202425921803438,4,left_fist,03-04,11084
E05_spatial_control,erd_lr,2,102,0,1,0.5266079038063174,4,right_fist,03-04,11085
E05_spatial_control,erd_lr,2,102,0,1,0.5653863982979548,4,right_fist,03-04,11086
E05_spatial_control,erd_lr,2,102,1,0,0.4327983761899429,5,both_fists,05-06,11087
E05_spatial_control,erd_lr,2,102,1,0,0.476569241305634,5,both_feet,05-06,11088
E05_spatial_control,erd_lr,2,102,1,0,0.4752224581939142,5,both_feet,05-06,11089
E05_spatial_control,erd_lr,2,102,1,1,0.6407992842966546,5,both_fists,05-06,11090
E05_spatial_control,erd_lr,2,102,1,1,0.6421389677296975,5,both_feet,05-06,11091
E05_spatial_control,erd_lr,2,102,1,1,0.6951252355249267,5,both_fists,05-06,11092
E05_spatial_control,erd_lr,2,102,1,1,0.5678529261299795,5,both_feet,05-06,11093
E05_spatial_control,erd_lr,2,102,1,1,0.6506003082823602,5,both_fists,05-06,11094
E05_spatial_control,erd_lr,2,102,1,1,0.7358809853684575,5,both_feet,05-06,11095
E05_spatial_control,erd_lr,2,102,1,0,0.474999055581737,5,both_fists,05-06,11096
E05_spatial_control,erd_lr,2,102,1,1,0.5402886627174075,5,both_feet,05-06,11097
E05_spatial_control,erd_lr,2,102,1,1,0.5534569429732669,5,both_fists,05-06,11098
E05_spatial_control,erd_lr,2,102,1,1,0.6111436880602221,5,both_fists,05-06,11099
E05_spatial_control,erd_lr,2,102,1,0,0.44471111586294526,5,both_feet,05-06,11100
E05_spatial_control,erd_lr,2,102,1,0,0.46117116907850975,5,both_feet,05-06,11101
E05_spatial_control,erd_lr,2,102,0,1,0.510521379396973,6,both_fists,05-06,11102
E05_spatial_control,erd_lr,2,102,0,0,0.4560796482024706,6,both_feet,05-06,11103
E05_spatial_control,erd_lr,2,102,0,0,0.40223719771099875,6,both_fists,05-06,11104
E05_spatial_control,erd_lr,2,102,0,0,0.3317281209917366,6,both_feet,05-06,11105
E05_spatial_control,erd_lr,2,102,0,1,0.5633436698427142,6,both_fists,05-06,11106
E05_spatial_control,erd_lr,2,102,0,1,0.5460574223177526,6,both_feet,05-06,11107
E05_spatial_control,erd_lr,2,102,0,0,0.3967492094399718,6,both_fists,05-06,11108
E05_spatial_control,erd_lr,2,102,0,1,0.5763536886412425,6,both_feet,05-06,11109
E05_spatial_control,erd_lr,2,102,0,1,0.5175406731145026,6,both_feet,05-06,11110
E05_spatial_control,erd_lr,2,102,0,1,0.5210695263093389,6,both_fists,05-06,11111
E05_spatial_control,erd_lr,2,102,0,0,0.48002562700193363,6,both_feet,05-06,11112
E05_spatial_control,erd_lr,2,102,0,1,0.5313447804461816,6,both_fists,05-06,11113
E05_spatial_control,erd_lr,2,102,0,0,0.3559651972914675,6,both_fists,05-06,11114
E05_spatial_control,erd_lr,2,102,0,1,0.5540510614119462,6,both_feet,05-06,11115
E05_spatial_control,erd_lr,2,102,0,1,0.5342069530542587,6,both_fists,05-06,11116
E05_spatial_control,erd_lr,2,102,1,1,0.5862540103084425,7,right_fist,07-08,11117
E05_spatial_control,erd_lr,2,102,1,0,0.4961653271233052,7,left_fist,07-08,11118
E05_spatial_control,erd_lr,2,102,1,0,0.4196051003867804,7,left_fist,07-08,11119
E05_spatial_control,erd_lr,2,102,1,1,0.5839155031446529,7,right_fist,07-08,11120
E05_spatial_control,erd_lr,2,102,1,0,0.4083114004855333,7,left_fist,07-08,11121
E05_spatial_control,erd_lr,2,102,1,0,0.2625378912045235,7,right_fist,07-08,11122
E05_spatial_control,erd_lr,2,102,1,1,0.5407909600706048,7,left_fist,07-08,11123
E05_spatial_control,erd_lr,2,102,1,1,0.5220822077051871,7,right_fist,07-08,11124
E05_spatial_control,erd_lr,2,102,1,1,0.6305355850985467,7,left_fist,07-08,11125
E05_spatial_control,erd_lr,2,102,1,0,0.4632582182142999,7,right_fist,07-08,11126
E05_spatial_control,erd_lr,2,102,1,0,0.4477002688789859,7,left_fist,07-08,11127
E05_spatial_control,erd_lr,2,102,1,0,0.4508317944412118,7,right_fist,07-08,11128
E05_spatial_control,erd_lr,2,102,1,1,0.5279352921290892,7,right_fist,07-08,11129
E05_spatial_control,erd_lr,2,102,1,1,0.5736737878273481,7,left_fist,07-08,11130
E05_spatial_control,erd_lr,2,102,1,0,0.42186781011088526,7,right_fist,07-08,11131
E05_spatial_control,erd_lr,2,102,0,0,0.39652166701901503,8,right_fist,07-08,11132
E05_spatial_control,erd_lr,2,102,0,0,0.456091344424138,8,left_fist,07-08,11133
E05_spatial_control,erd_lr,2,102,0,1,0.5259566391156357,8,right_fist,07-08,11134
E05_spatial_control,erd_lr,2,102,0,0,0.42712358291937386,8,left_fist,07-08,11135
E05_spatial_control,erd_lr,2,102,0,1,0.5605375131182555,8,left_fist,07-08,11136
E05_spatial_control,erd_lr,2,102,0,0,0.35870434725258143,8,right_fist,07-08,11137
E05_spatial_control,erd_lr,2,102,0,0,0.4641586845055315,8,left_fist,07-08,11138
E05_spatial_control,erd_lr,2,102,0,0,0.4818216551271515,8,right_fist,07-08,11139
E05_spatial_control,erd_lr,2,102,0,1,0.5556302484495673,8,left_fist,07-08,11140
E05_spatial_control,erd_lr,2,102,0,0,0.4974285093625659,8,right_fist,07-08,11141
E05_spatial_control,erd_lr,2,102,0,1,0.5185443219724797,8,right_fist,07-08,11142
E05_spatial_control,erd_lr,2,102,0,1,0.5409949546999594,8,left_fist,07-08,11143
E05_spatial_control,erd_lr,2,102,0,0,0.399978540700697,8,right_fist,07-08,11144
E05_spatial_control,erd_lr,2,102,0,0,0.4390559524322645,8,left_fist,07-08,11145
E05_spatial_control,erd_lr,2,102,0,1,0.5487553323683206,8,right_fist,07-08,11146
E05_spatial_control,erd_lr,2,102,1,0,0.25352861972054513,9,both_fists,09-10,11147
E05_spatial_control,erd_lr,2,102,1,0,0.43413541965748154,9,both_feet,09-10,11148
E05_spatial_control,erd_lr,2,102,1,1,0.5509282721976964,9,both_fists,09-10,11149
E05_spatial_control,erd_lr,2,102,1,0,0.43704850617169105,9,both_feet,09-10,11150
E05_spatial_control,erd_lr,2,102,1,1,0.510803395954548,9,both_fists,09-10,11151
E05_spatial_control,erd_lr,2,102,1,1,0.6622010189360344,9,both_feet,09-10,11152
E05_spatial_control,erd_lr,2,102,1,1,0.5379385732159483,9,both_fists,09-10,11153
E05_spatial_control,erd_lr,2,102,1,1,0.5966535385189123,9,both_feet,09-10,11154
E05_spatial_control,erd_lr,2,102,1,1,0.5970569410245832,9,both_feet,09-10,11155
E05_spatial_control,erd_lr,2,102,1,1,0.5056624194067977,9,both_fists,09-10,11156
E05_spatial_control,erd_lr,2,102,1,0,0.47795039402284945,9,both_fists,09-10,11157
E05_spatial_control,erd_lr,2,102,1,1,0.5058694122841644,9,both_feet,09-10,11158
E05_spatial_control,erd_lr,2,102,1,0,0.3506665457787373,9,both_fists,09-10,11159
E05_spatial_control,erd_lr,2,102,1,1,0.5396033942484166,9,both_feet,09-10,11160
E05_spatial_control,erd_lr,2,102,1,1,0.5962883086927921,9,both_fists,09-10,11161
E05_spatial_control,erd_lr,2,102,0,1,0.5773233682450256,10,both_fists,09-10,11162
E05_spatial_control,erd_lr,2,102,0,1,0.5229479041363098,10,both_feet,09-10,11163
E05_spatial_control,erd_lr,2,102,0,1,0.5955111154758617,10,both_feet,09-10,11164
E05_spatial_control,erd_lr,2,102,0,1,0.5421079971987433,10,both_fists,09-10,11165
E05_spatial_control,erd_lr,2,102,0,0,0.2977373978754488,10,both_fists,09-10,11166
E05_spatial_control,erd_lr,2,102,0,1,0.5251810453646923,10,both_feet,09-10,11167
E05_spatial_control,erd_lr,2,102,0,1,0.5546996992956892,10,both_feet,09-10,11168
E05_spatial_control,erd_lr,2,102,0,1,0.5365477158052763,10,both_fists,09-10,11169
E05_spatial_control,erd_lr,2,102,0,1,0.5010043599030332,10,both_fists,09-10,11170
E05_spatial_control,erd_lr,2,102,0,1,0.647737470870555,10,both_feet,09-10,11171
E05_spatial_control,erd_lr,2,102,0,0,0.33110604914576097,10,both_fists,09-10,11172
E05_spatial_control,erd_lr,2,102,0,0,0.4923858222385961,10,both_feet,09-10,11173
E05_spatial_control,erd_lr,2,102,0,0,0.42316267544289415,10,both_feet,09-10,11174
E05_spatial_control,erd_lr,2,102,0,0,0.41356162945776004,10,both_fists,09-10,11175
E05_spatial_control,erd_lr,2,102,0,0,0.28785131108700374,10,both_fists,09-10,11176
E05_spatial_control,erd_lr,2,102,1,0,0.35779757986391897,11,left_fist,11-12,11177
E05_spatial_control,erd_lr,2,102,1,1,0.5494198908507134,11,right_fist,11-12,11178
E05_spatial_control,erd_lr,2,102,1,0,0.3468826926080772,11,left_fist,11-12,11179
E05_spatial_control,erd_lr,2,102,1,0,0.3753871343640241,11,right_fist,11-12,11180
E05_spatial_control,erd_lr,2,102,1,1,0.608179192251111,11,left_fist,11-12,11181
E05_spatial_control,erd_lr,2,102,1,1,0.530336510893488,11,right_fist,11-12,11182
E05_spatial_control,erd_lr,2,102,1,0,0.46243282311747425,11,right_fist,11-12,11183
E05_spatial_control,erd_lr,2,102,1,1,0.5717722451613316,11,left_fist,11-12,11184
E05_spatial_control,erd_lr,2,102,1,1,0.582545603061527,11,left_fist,11-12,11185
E05_spatial_control,erd_lr,2,102,1,1,0.5138338051947237,11,right_fist,11-12,11186
E05_spatial_control,erd_lr,2,102,1,1,0.5197240979674215,11,left_fist,11-12,11187
E05_spatial_control,erd_lr,2,102,1,0,0.4839331976950666,11,right_fist,11-12,11188
E05_spatial_control,erd_lr,2,102,1,1,0.5241649317313115,11,left_fist,11-12,11189
E05_spatial_control,erd_lr,2,102,1,0,0.467377945808782,11,right_fist,11-12,11190
E05_spatial_control,erd_lr,2,102,1,1,0.6690718845559716,11,left_fist,11-12,11191
E05_spatial_control,erd_lr,2,102,0,1,0.5513341649819942,12,left_fist,11-12,11192
E05_spatial_control,erd_lr,2,102,0,0,0.3858092498903704,12,right_fist,11-12,11193
E05_spatial_control,erd_lr,2,102,0,0,0.4992544030459298,12,left_fist,11-12,11194
E05_spatial_control,erd_lr,2,102,0,1,0.5007178263598036,12,right_fist,11-12,11195
E05_spatial_control,erd_lr,2,102,0,0,0.40633254292321824,12,right_fist,11-12,11196
E05_spatial_control,erd_lr,2,102,0,0,0.4830903731185261,12,left_fist,11-12,11197
E05_spatial_control,erd_lr,2,102,0,1,0.5876706668147796,12,left_fist,11-12,11198
E05_spatial_control,erd_lr,2,102,0,0,0.4679491813464668,12,right_fist,11-12,11199
E05_spatial_control,erd_lr,2,102,0,1,0.5169570849231244,12,left_fist,11-12,11200
E05_spatial_control,erd_lr,2,102,0,0,0.4825982082743559,12,right_fist,11-12,11201
E05_spatial_control,erd_lr,2,102,0,1,0.6342326822574554,12,right_fist,11-12,11202
E05_spatial_control,erd_lr,2,102,0,1,0.6918414358118591,12,left_fist,11-12,11203
E05_spatial_control,erd_lr,2,102,0,0,0.4822835698438221,12,right_fist,11-12,11204
E05_spatial_control,erd_lr,2,102,0,0,0.4807044746686582,12,left_fist,11-12,11205
E05_spatial_control,erd_lr,2,102,0,0,0.47425839860462965,12,left_fist,11-12,11206
E05_spatial_control,erd_lr,2,102,1,1,0.5499521690408237,13,both_fists,13-14,11207
E05_spatial_control,erd_lr,2,102,1,1,0.540028310286402,13,both_feet,13-14,11208
E05_spatial_control,erd_lr,2,102,1,1,0.7005768378834526,13,both_feet,13-14,11209
E05_spatial_control,erd_lr,2,102,1,1,0.5094906535724425,13,both_fists,13-14,11210
E05_spatial_control,erd_lr,2,102,1,1,0.5487416424731689,13,both_fists,13-14,11211
E05_spatial_control,erd_lr,2,102,1,0,0.3503237528254651,13,both_feet,13-14,11212
E05_spatial_control,erd_lr,2,102,1,1,0.7032291156769023,13,both_fists,13-14,11213
E05_spatial_control,erd_lr,2,102,1,0,0.37601447007746575,13,both_feet,13-14,11214
E05_spatial_control,erd_lr,2,102,1,0,0.4504115848959206,13,both_feet,13-14,11215
E05_spatial_control,erd_lr,2,102,1,1,0.6647125510853562,13,both_fists,13-14,11216
E05_spatial_control,erd_lr,2,102,1,1,0.5769130234148828,13,both_feet,13-14,11217
E05_spatial_control,erd_lr,2,102,1,1,0.5082802604336204,13,both_fists,13-14,11218
E05_spatial_control,erd_lr,2,102,1,0,0.41842108166679703,13,both_feet,13-14,11219
E05_spatial_control,erd_lr,2,102,1,1,0.5195200788012428,13,both_fists,13-14,11220
E05_spatial_control,erd_lr,2,102,1,1,0.5717705694002004,13,both_feet,13-14,11221
E05_spatial_control,erd_lr,2,102,0,0,0.4318594369658132,14,both_fists,13-14,11222
E05_spatial_control,erd_lr,2,102,0,0,0.48834733245745815,14,both_feet,13-14,11223
E05_spatial_control,erd_lr,2,102,0,1,0.5137424657387915,14,both_feet,13-14,11224
E05_spatial_control,erd_lr,2,102,0,1,0.5161342985375198,14,both_fists,13-14,11225
E05_spatial_control,erd_lr,2,102,0,1,0.5656005391502607,14,both_fists,13-14,11226
E05_spatial_control,erd_lr,2,102,0,0,0.3346240446556169,14,both_feet,13-14,11227
E05_spatial_control,erd_lr,2,102,0,0,0.45517943980678743,14,both_fists,13-14,11228
E05_spatial_control,erd_lr,2,102,0,0,0.4696550378018213,14,both_feet,13-14,11229
E05_spatial_control,erd_lr,2,102,0,0,0.46040995217943,14,both_fists,13-14,11230
E05_spatial_control,erd_lr,2,102,0,0,0.47907269449077605,14,both_feet,13-14,11231
E05_spatial_control,erd_lr,2,102,0,0,0.36523574343454185,14,both_fists,13-14,11232
E05_spatial_control,erd_lr,2,102,0,0,0.4217401140893999,14,both_feet,13-14,11233
E05_spatial_control,erd_lr,2,102,0,0,0.3523378796471102,14,both_fists,13-14,11234
E05_spatial_control,erd_lr,2,102,0,0,0.4189986818403684,14,both_feet,13-14,11235
E05_spatial_control,erd_lr,2,102,0,0,0.33711786519271275,14,both_feet,13-14,11236
E05_spatial_control,erd_lr,3,1,1,1,0.5180733024695204,3,right_fist,03-04,0
E05_spatial_control,erd_lr,3,1,1,1,0.5182431003265011,3,left_fist,03-04,1
E05_spatial_control,erd_lr,3,1,1,1,0.6876268702294933,3,left_fist,03-04,2
E05_spatial_control,erd_lr,3,1,1,1,0.7222950501476711,3,right_fist,03-04,3
E05_spatial_control,erd_lr,3,1,1,1,0.6039676766895065,3,right_fist,03-04,4
E05_spatial_control,erd_lr,3,1,1,1,0.6920889648173996,3,left_fist,03-04,5
E05_spatial_control,erd_lr,3,1,1,0,0.43395841004616426,3,left_fist,03-04,6
E05_spatial_control,erd_lr,3,1,1,1,0.610072389191294,3,right_fist,03-04,7
E05_spatial_control,erd_lr,3,1,1,1,0.6062538080421482,3,right_fist,03-04,8
E05_spatial_control,erd_lr,3,1,1,1,0.5164118872772904,3,left_fist,03-04,9
E05_spatial_control,erd_lr,3,1,1,0,0.4642984029818477,3,left_fist,03-04,10
E05_spatial_control,erd_lr,3,1,1,0,0.4268944178253504,3,right_fist,03-04,11
E05_spatial_control,erd_lr,3,1,1,1,0.6578487901669018,3,left_fist,03-04,12
E05_spatial_control,erd_lr,3,1,0,1,0.5672934214607295,4,left_fist,03-04,13
E05_spatial_control,erd_lr,3,1,0,0,0.43775530135302826,4,left_fist,03-04,14
E05_spatial_control,erd_lr,3,1,0,0,0.46810920518155014,4,right_fist,03-04,15
E05_spatial_control,erd_lr,3,1,0,0,0.45868566679046296,4,right_fist,03-04,16
E05_spatial_control,erd_lr,3,1,0,0,0.47972086769359595,4,left_fist,03-04,17
E05_spatial_control,erd_lr,3,1,0,0,0.35177118832034726,4,right_fist,03-04,18
E05_spatial_control,erd_lr,3,1,0,1,0.5937066356283425,4,right_fist,03-04,19
E05_spatial_control,erd_lr,3,1,0,0,0.3974836212526412,4,left_fist,03-04,20
E05_spatial_control,erd_lr,3,1,0,0,0.35017641445492,4,left_fist,03-04,21
E05_spatial_control,erd_lr,3,1,0,0,0.46829830496790836,4,right_fist,03-04,22
E05_spatial_control,erd_lr,3,1,0,0,0.33633801000206826,4,left_fist,03-04,23
E05_spatial_control,erd_lr,3,1,0,1,0.583621873790843,4,right_fist,03-04,24
E05_spatial_control,erd_lr,3,1,0,1,0.5165318099107185,4,left_fist,03-04,25
E05_spatial_control,erd_lr,3,1,1,0,0.34811735463625393,5,both_feet,05-06,26
E05_spatial_control,erd_lr,3,1,1,0,0.46315876230678077,5,both_fists,05-06,27
E05_spatial_control,erd_lr,3,1,1,0,0.4329348461038991,5,both_feet,05-06,28
E05_spatial_control,erd_lr,3,1,1,0,0.392595522639421,5,both_fists,05-06,29
E05_spatial_control,erd_lr,3,1,1,0,0.461214271924305,5,both_feet,05-06,30
E05_spatial_control,erd_lr,3,1,1,0,0.3599943315704041,5,both_fists,05-06,31
E05_spatial_control,erd_lr,3,1,1,1,0.6956716427309878,5,both_fists,05-06,32
E05_spatial_control,erd_lr,3,1,1,0,0.4718621429873552,5,both_feet,05-06,33
E05_spatial_control,erd_lr,3,1,1,0,0.45542119729518826,5,both_fists,05-06,34
E05_spatial_control,erd_lr,3,1,1,0,0.4984697080478783,5,both_feet,05-06,35
E05_spatial_control,erd_lr,3,1,1,1,0.6144678287251489,5,both_fists,05-06,36
E05_spatial_control,erd_lr,3,1,1,0,0.4852783964555494,5,both_feet,05-06,37
E05_spatial_control,erd_lr,3,1,1,0,0.4740417389098741,5,both_fists,05-06,38
E05_spatial_control,erd_lr,3,1,0,1,0.6329383765795957,6,both_feet,05-06,39
E05_spatial_control,erd_lr,3,1,0,1,0.6089662467746774,6,both_fists,05-06,40
E05_spatial_control,erd_lr,3,1,0,1,0.6137111799492507,6,both_fists,05-06,41
E05_spatial_control,erd_lr,3,1,0,1,0.6463310021134029,6,both_feet,05-06,42
E05_spatial_control,erd_lr,3,1,0,0,0.38561053543500284,6,both_fists,05-06,43
E05_spatial_control,erd_lr,3,1,0,0,0.44180912880217094,6,both_feet,05-06,44
E05_spatial_control,erd_lr,3,1,0,0,0.4272534841023968,6,both_feet,05-06,45
E05_spatial_control,erd_lr,3,1,0,1,0.5119506528405037,6,both_fists,05-06,46
E05_spatial_control,erd_lr,3,1,0,0,0.43367445655309517,6,both_feet,05-06,47
E05_spatial_control,erd_lr,3,1,0,0,0.3500809098583031,6,both_feet,05-06,48
E05_spatial_control,erd_lr,3,1,0,1,0.5473355962160801,6,both_fists,05-06,49
E05_spatial_control,erd_lr,3,1,0,0,0.4903554762073677,6,both_feet,05-06,50
E05_spatial_control,erd_lr,3,1,0,0,0.22733883020804865,6,both_feet,05-06,51
E05_spatial_control,erd_lr,3,1,1,0,0.24779772453751997,7,left_fist,07-08,52
E05_spatial_control,erd_lr,3,1,1,1,0.595076189076774,7,right_fist,07-08,53
E05_spatial_control,erd_lr,3,1,1,0,0.30549085416754995,7,right_fist,07-08,54
E05_spatial_control,erd_lr,3,1,1,0,0.38007117910465954,7,left_fist,07-08,55
E05_spatial_control,erd_lr,3,1,1,1,0.6469345335299255,7,right_fist,07-08,56
E05_spatial_control,erd_lr,3,1,1,0,0.4863523731520851,7,right_fist,07-08,57
E05_spatial_control,erd_lr,3,1,1,0,0.30773677260839577,7,left_fist,07-08,58
E05_spatial_control,erd_lr,3,1,1,0,0.349742410013565,7,left_fist,07-08,59
E05_spatial_control,erd_lr,3,1,1,1,0.6585887617283065,7,right_fist,07-08,60
E05_spatial_control,erd_lr,3,1,1,1,0.6028363356300442,7,left_fist,07-08,61
E05_spatial_control,erd_lr,3,1,1,0,0.4353339889924275,7,right_fist,07-08,62
E05_spatial_control,erd_lr,3,1,1,1,0.5756028654548423,7,left_fist,07-08,63
E05_spatial_control,erd_lr,3,1,1,0,0.48023382579896573,7,left_fist,07-08,64
E05_spatial_control,erd_lr,3,1,0,0,0.49883457227782196,8,left_fist,07-08,65
E05_spatial_control,erd_lr,3,1,0,0,0.47279500082400533,8,right_fist,07-08,66
E05_spatial_control,erd_lr,3,1,0,1,0.5356685408681243,8,left_fist,07-08,67
E05_spatial_control,erd_lr,3,1,0,0,0.4574476674282276,8,left_fist,07-08,68
E05_spatial_control,erd_lr,3,1,0,0,0.33419825152239896,8,right_fist,07-08,69
E05_spatial_control,erd_lr,3,1,0,0,0.49635797020117994,8,left_fist,07-08,70
E05_spatial_control,erd_lr,3,1,0,1,0.6472242757879565,8,right_fist,07-08,71
E05_spatial_control,erd_lr,3,1,0,1,0.6967407696565446,8,right_fist,07-08,72
E05_spatial_control,erd_lr,3,1,0,1,0.5981333357307997,8,left_fist,07-08,73
E05_spatial_control,erd_lr,3,1,0,0,0.398941288548704,8,left_fist,07-08,74
E05_spatial_control,erd_lr,3,1,0,0,0.4430698225292452,8,right_fist,07-08,75
E05_spatial_control,erd_lr,3,1,0,1,0.5081812008751616,8,right_fist,07-08,76
E05_spatial_control,erd_lr,3,1,0,1,0.5227718703566612,8,left_fist,07-08,77
E05_spatial_control,erd_lr,3,1,0,0,0.32860905054503586,8,left_fist,07-08,78
E05_spatial_control,erd_lr,3,1,1,0,0.4876037697555071,9,both_fists,09-10,79
E05_spatial_control,erd_lr,3,1,1,0,0.3960921725406496,9,both_feet,09-10,80
E05_spatial_control,erd_lr,3,1,1,0,0.4815069020901973,9,both_fists,09-10,81
E05_spatial_control,erd_lr,3,1,1,0,0.34829456961630373,9,both_feet,09-10,82
E05_spatial_control,erd_lr,3,1,1,0,0.43196596715216984,9,both_feet,09-10,83
E05_spatial_control,erd_lr,3,1,1,1,0.709015547999693,9,both_fists,09-10,84
E05_spatial_control,erd_lr,3,1,1,1,0.6242735958306566,9,both_fists,09-10,85
E05_spatial_control,erd_lr,3,1,1,0,0.4311757473152262,9,both_feet,09-10,86
E05_spatial_control,erd_lr,3,1,1,0,0.49715312642336157,9,both_fists,09-10,87
E05_spatial_control,erd_lr,3,1,1,0,0.4062021663144154,9,both_feet,09-10,88
E05_spatial_control,erd_lr,3,1,1,1,0.5417933154771327,9,both_fists,09-10,89
E05_spatial_control,erd_lr,3,1,1,1,0.5416579778063979,9,both_feet,09-10,90
E05_spatial_control,erd_lr,3,1,1,1,0.5165236107481168,9,both_feet,09-10,91
E05_spatial_control,erd_lr,3,1,1,1,0.580333774911008,9,both_fists,09-10,92
E05_spatial_control,erd_lr,3,1,0,1,0.5399478964214683,10,both_fists,09-10,93
E05_spatial_control,erd_lr,3,1,0,0,0.47045481537024053,10,both_feet,09-10,94
E05_spatial_control,erd_lr,3,1,0,0,0.43494455000148685,10,both_feet,09-10,95
E05_spatial_control,erd_lr,3,1,0,0,0.24595763705038534,10,both_feet,09-10,96
E05_spatial_control,erd_lr,3,1,0,1,0.5374861549414708,10,both_fists,09-10,97
E05_spatial_control,erd_lr,3,1,0,0,0.4380480294613035,10,both_fists,09-10,98
E05_spatial_control,erd_lr,3,1,0,1,0.6328848828679311,10,both_feet,09-10,99
E05_spatial_control,erd_lr,3,1,0,1,0.6650402581226978,10,both_feet,09-10,100
E05_spatial_control,erd_lr,3,1,0,0,0.4846679260094942,10,both_fists,09-10,101
E05_spatial_control,erd_lr,3,1,0,0,0.4751653774680814,10,both_fists,09-10,102
E05_spatial_control,erd_lr,3,1,0,1,0.5610386488825378,10,both_feet,09-10,103
E05_spatial_control,erd_lr,3,1,0,0,0.43612844602682277,10,both_feet,09-10,104
E05_spatial_control,erd_lr,3,1,0,1,0.5288577517376645,10,both_fists,09-10,105
E05_spatial_control,erd_lr,3,1,0,0,0.2609552012668024,10,both_feet,09-10,106
E05_spatial_control,erd_lr,3,1,1,0,0.4173740365062309,11,left_fist,11-12,107
E05_spatial_control,erd_lr,3,1,1,0,0.4709369043992065,11,right_fist,11-12,108
E05_spatial_control,erd_lr,3,1,1,0,0.4270405198266354,11,right_fist,11-12,109
E05_spatial_control,erd_lr,3,1,1,0,0.4878924427017563,11,right_fist,11-12,110
E05_spatial_control,erd_lr,3,1,1,0,0.49654411525159403,11,left_fist,11-12,111
E05_spatial_control,erd_lr,3,1,1,0,0.2631229829630906,11,right_fist,11-12,112
E05_spatial_control,erd_lr,3,1,1,0,0.4191329989013329,11,right_fist,11-12,113
E05_spatial_control,erd_lr,3,1,1,1,0.5206827219701676,11,left_fist,11-12,114
E05_spatial_control,erd_lr,3,1,1,0,0.4771687730099848,11,left_fist,11-12,115
E05_spatial_control,erd_lr,3,1,1,1,0.5261621122929274,11,right_fist,11-12,116
E05_spatial_control,erd_lr,3,1,1,0,0.45449655450417237,11,right_fist,11-12,117
E05_spatial_control,erd_lr,3,1,1,0,0.3844456626893577,11,left_fist,11-12,118
E05_spatial_control,erd_lr,3,1,1,1,0.5136522536152869,11,right_fist,11-12,119
E05_spatial_control,erd_lr,3,1,0,0,0.47008895078559165,12,right_fist,11-12,120
E05_spatial_control,erd_lr,3,1,0,0,0.4032984532332491,12,left_fist,11-12,121
E05_spatial_control,erd_lr,3,1,0,1,0.7196776265461807,12,right_fist,11-12,122
E05_spatial_control,erd_lr,3,1,0,0,0.49595977329860125,12,left_fist,11-12,123
E05_spatial_control,erd_lr,3,1,0,0,0.3786149390737132,12,left_fist,11-12,124
E05_spatial_control,erd_lr,3,1,0,0,0.388074374967474,12,right_fist,11-12,125
E05_spatial_control,erd_lr,3,1,0,0,0.4383205811245522,12,left_fist,11-12,126
E05_spatial_control,erd_lr,3,1,0,0,0.37840935000095466,12,left_fist,11-12,127
E05_spatial_control,erd_lr,3,1,0,1,0.5327336108027032,12,right_fist,11-12,128
E05_spatial_control,erd_lr,3,1,0,0,0.4614577855584126,12,right_fist,11-12,129
E05_spatial_control,erd_lr,3,1,0,1,0.5159762584465349,12,right_fist,11-12,130
E05_spatial_control,erd_lr,3,1,1,0,0.48770222331975455,13,both_fists,13-14,131
E05_spatial_control,erd_lr,3,1,1,1,0.5749299976284803,13,both_feet,13-14,132
E05_spatial_control,erd_lr,3,1,1,0,0.29995307045671304,13,both_fists,13-14,133
E05_spatial_control,erd_lr,3,1,1,0,0.4925356607641006,13,both_feet,13-14,134
E05_spatial_control,erd_lr,3,1,1,1,0.5696357461918152,13,both_fists,13-14,135
E05_spatial_control,erd_lr,3,1,1,1,0.5358473696796892,13,both_feet,13-14,136
E05_spatial_control,erd_lr,3,1,1,0,0.46876329816891416,13,both_fists,13-14,137
E05_spatial_control,erd_lr,3,1,1,1,0.5206897533638806,13,both_fists,13-14,138
E05_spatial_control,erd_lr,3,1,1,1,0.5927016234605624,13,both_feet,13-14,139
E05_spatial_control,erd_lr,3,1,1,1,0.5823611080474017,13,both_feet,13-14,140
E05_spatial_control,erd_lr,3,1,1,1,0.6348141975702754,13,both_fists,13-14,141
E05_spatial_control,erd_lr,3,1,1,0,0.4182213010322338,13,both_feet,13-14,142
E05_spatial_control,erd_lr,3,1,0,0,0.3966236535930618,14,both_feet,13-14,143
E05_spatial_control,erd_lr,3,1,0,1,0.5263747428590425,14,both_fists,13-14,144
E05_spatial_control,erd_lr,3,1,0,0,0.2002467600486748,14,both_feet,13-14,145
E05_spatial_control,erd_lr,3,1,0,1,0.5744733166949554,14,both_fists,13-14,146
E05_spatial_control,erd_lr,3,1,0,1,0.6736380255572588,14,both_fists,13-14,147
E05_spatial_control,erd_lr,3,1,0,0,0.4363359995668559,14,both_feet,13-14,148
E05_spatial_control,erd_lr,3,1,0,0,0.48030115410860136,14,both_fists,13-14,149
E05_spatial_control,erd_lr,3,1,0,0,0.4652004448582035,14,both_feet,13-14,150
E05_spatial_control,erd_lr,3,1,0,0,0.46714479827006655,14,both_fists,13-14,151
E05_spatial_control,erd_lr,3,1,0,0,0.43796932489879753,14,both_fists,13-14,152
E05_spatial_control,erd_lr,3,1,0,0,0.3809780488475575,14,both_feet,13-14,153
E05_spatial_control,erd_lr,3,1,0,1,0.5611548366046699,14,both_fists,13-14,154
E05_spatial_control,erd_lr,3,7,1,0,0.47958851258354873,3,right_fist,03-04,466
E05_spatial_control,erd_lr,3,7,1,0,0.4183955470842056,3,left_fist,03-04,467
E05_spatial_control,erd_lr,3,7,1,1,0.6006418671060114,3,right_fist,03-04,468
E05_spatial_control,erd_lr,3,7,1,1,0.5065356102589347,3,left_fist,03-04,469
E05_spatial_control,erd_lr,3,7,1,1,0.5336659278260777,3,left_fist,03-04,470
E05_spatial_control,erd_lr,3,7,1,1,0.5443185830613589,3,right_fist,03-04,471
E05_spatial_control,erd_lr,3,7,1,1,0.5012043061973138,3,left_fist,03-04,472
E05_spatial_control,erd_lr,3,7,1,1,0.555160244029914,3,right_fist,03-04,473
E05_spatial_control,erd_lr,3,7,1,0,0.4991259712600571,3,left_fist,03-04,474
E05_spatial_control,erd_lr,3,7,1,1,0.5322458578214164,3,right_fist,03-04,475
E05_spatial_control,erd_lr,3,7,1,1,0.5081090333435717,3,left_fist,03-04,476
E05_spatial_control,erd_lr,3,7,1,1,0.5981827157515507,3,right_fist,03-04,477
E05_spatial_control,erd_lr,3,7,1,0,0.4841292377572532,3,right_fist,03-04,478
E05_spatial_control,erd_lr,3,7,1,0,0.422445770888091,3,left_fist,03-04,479
E05_spatial_control,erd_lr,3,7,1,1,0.6058221024296275,3,right_fist,03-04,480
E05_spatial_control,erd_lr,3,7,0,0,0.4980702573168434,4,left_fist,03-04,481
E05_spatial_control,erd_lr,3,7,0,0,0.43263736873699854,4,right_fist,03-04,482
E05_spatial_control,erd_lr,3,7,0,0,0.46673780384352964,4,left_fist,03-04,483
E05_spatial_control,erd_lr,3,7,0,1,0.5843527920598072,4,left_fist,03-04,484
E05_spatial_control,erd_lr,3,7,0,0,0.44937804493935907,4,left_fist,03-04,485
E05_spatial_control,erd_lr,3,7,0,1,0.5377600835227557,4,right_fist,03-04,486
E05_spatial_control,erd_lr,3,7,0,0,0.45880595195543855,4,left_fist,03-04,487
E05_spatial_control,erd_lr,3,7,0,1,0.5459642249130112,4,left_fist,03-04,488
E05_spatial_control,erd_lr,3,7,0,1,0.5723531032384833,4,right_fist,03-04,489
E05_spatial_control,erd_lr,3,7,0,0,0.4734624162146039,4,right_fist,03-04,490
E05_spatial_control,erd_lr,3,7,0,0,0.43752365938389354,4,left_fist,03-04,491
E05_spatial_control,erd_lr,3,7,1,0,0.4314215320892936,5,both_fists,05-06,492
E05_spatial_control,erd_lr,3,7,1,1,0.5953593793392866,5,both_feet,05-06,493
E05_spatial_control,erd_lr,3,7,1,0,0.37622807211994835,5,both_feet,05-06,494
E05_spatial_control,erd_lr,3,7,1,1,0.6271450654446226,5,both_fists,05-06,495
E05_spatial_control,erd_lr,3,7,1,1,0.5381377227333727,5,both_fists,05-06,496
E05_spatial_control,erd_lr,3,7,1,0,0.47289363006026713,5,both_feet,05-06,497
E05_spatial_control,erd_lr,3,7,1,1,0.5365813206626397,5,both_fists,05-06,498
E05_spatial_control,erd_lr,3,7,1,1,0.6255564040566071,5,both_feet,05-06,499
E05_spatial_control,erd_lr,3,7,1,0,0.4699327760667562,5,both_feet,05-06,500
E05_spatial_control,erd_lr,3,7,1,0,0.39153027780698035,5,both_fists,05-06,501
E05_spatial_control,erd_lr,3,7,1,0,0.4716930082658756,5,both_feet,05-06,502
E05_spatial_control,erd_lr,3,7,1,0,0.3378962221151862,5,both_feet,05-06,503
E05_spatial_control,erd_lr,3,7,0,1,0.5801778059608207,6,both_fists,05-06,504
E05_spatial_control,erd_lr,3,7,0,1,0.5169080365471272,6,both_feet,05-06,505
E05_spatial_control,erd_lr,3,7,0,1,0.5685223211965048,6,both_fists,05-06,506
E05_spatial_control,erd_lr,3,7,0,0,0.4799147991333134,6,both_feet,05-06,507
E05_spatial_control,erd_lr,3,7,0,0,0.4583242015690868,6,both_feet,05-06,508
E05_spatial_control,erd_lr,3,7,0,0,0.3619329910663303,6,both_feet,05-06,509
E05_spatial_control,erd_lr,3,7,0,0,0.45795289928892047,6,both_fists,05-06,510
E05_spatial_control,erd_lr,3,7,0,1,0.5582667073235791,6,both_fists,05-06,511
E05_spatial_control,erd_lr,3,7,0,1,0.5843562835396625,6,both_feet,05-06,512
E05_spatial_control,erd_lr,3,7,0,1,0.510276605968727,6,both_feet,05-06,513
E05_spatial_control,erd_lr,3,7,0,1,0.513612587951913,6,both_fists,05-06,514
E05_spatial_control,erd_lr,3,7,1,1,0.6197074877113792,7,right_fist,07-08,515
E05_spatial_control,erd_lr,3,7,1,1,0.5594170682482013,7,right_fist,07-08,516
E05_spatial_control,erd_lr,3,7,1,1,0.5391427298439073,7,right_fist,07-08,517
E05_spatial_control,erd_lr,3,7,1,0,0.47210561804419343,7,left_fist,07-08,518
E05_spatial_control,erd_lr,3,7,1,0,0.48493045848562416,7,right_fist,07-08,519
E05_spatial_control,erd_lr,3,7,1,1,0.5637747998754772,7,left_fist,07-08,520
E05_spatial_control,erd_lr,3,7,1,1,0.6764626742267054,7,right_fist,07-08,521
E05_spatial_control,erd_lr,3,7,1,0,0.45466837562854473,7,left_fist,07-08,522
E05_spatial_control,erd_lr,3,7,1,1,0.5363743807600626,7,left_fist,07-08,523
E05_spatial_control,erd_lr,3,7,1,0,0.28109789342196595,7,right_fist,07-08,524
E05_spatial_control,erd_lr,3,7,1,1,0.5933566431497443,7,left_fist,07-08,525
E05_spatial_control,erd_lr,3,7,1,0,0.4796360588727307,7,left_fist,07-08,526
E05_spatial_control,erd_lr,3,7,0,1,0.5549665595023047,8,left_fist,07-08,527
E05_spatial_control,erd_lr,3,7,0,0,0.3840066496846092,8,left_fist,07-08,528
E05_spatial_control,erd_lr,3,7,0,1,0.5245630709878114,8,right_fist,07-08,529
E05_spatial_control,erd_lr,3,7,0,0,0.4213026556285236,8,right_fist,07-08,530
E05_spatial_control,erd_lr,3,7,0,0,0.3873091339694597,8,left_fist,07-08,531
E05_spatial_control,erd_lr,3,7,0,1,0.5470865544455775,8,left_fist,07-08,532
E05_spatial_control,erd_lr,3,7,0,0,0.4240190589531776,8,right_fist,07-08,533
E05_spatial_control,erd_lr,3,7,0,0,0.37848277126777125,8,left_fist,07-08,534
E05_spatial_control,erd_lr,3,7,0,0,0.4161381757089465,8,right_fist,07-08,535
E05_spatial_control,erd_lr,3,7,0,0,0.40199419614409765,8,left_fist,07-08,536
E05_spatial_control,erd_lr,3,7,0,0,0.2801785471694923,8,left_fist,07-08,537
E05_spatial_control,erd_lr,3,7,0,0,0.4021370815086551,8,right_fist,07-08,538
E05_spatial_control,erd_lr,3,7,0,0,0.49355658074244585,8,left_fist,07-08,539
E05_spatial_control,erd_lr,3,7,1,1,0.6513541326429627,9,both_feet,09-10,540
E05_spatial_control,erd_lr,3,7,1,1,0.6386711088647155,9,both_fists,09-10,541
E05_spatial_control,erd_lr,3,7,1,1,0.5934578189776204,9,both_fists,09-10,542
E05_spatial_control,erd_lr,3,7,1,1,0.586734512517607,9,both_feet,09-10,543
E05_spatial_control,erd_lr,3,7,1,0,0.43840292685100524,9,both_feet,09-10,544
E05_spatial_control,erd_lr,3,7,1,0,0.3684234357960572,9,both_fists,09-10,545
E05_spatial_control,erd_lr,3,7,1,1,0.5718708058917416,9,both_feet,09-10,546
E05_spatial_control,erd_lr,3,7,1,0,0.43920233382148044,9,both_fists,09-10,547
E05_spatial_control,erd_lr,3,7,1,1,0.502826728072441,9,both_fists,09-10,548
E05_spatial_control,erd_lr,3,7,1,1,0.5271172729001853,9,both_feet,09-10,549
E05_spatial_control,erd_lr,3,7,1,1,0.5412202929713436,9,both_fists,09-10,550
E05_spatial_control,erd_lr,3,7,1,1,0.5875477170141535,9,both_feet,09-10,551
E05_spatial_control,erd_lr,3,7,1,0,0.42304002235071914,9,both_fists,09-10,552
E05_spatial_control,erd_lr,3,7,1,0,0.4138498979110607,9,both_fists,09-10,553
E05_spatial_control,erd_lr,3,7,0,0,0.3765285887916588,10,both_fists,09-10,554
E05_spatial_control,erd_lr,3,7,0,0,0.4150365593558874,10,both_feet,09-10,555
E05_spatial_control,erd_lr,3,7,0,0,0.4175272214609832,10,both_feet,09-10,556
E05_spatial_control,erd_lr,3,7,0,0,0.3603001811620835,10,both_feet,09-10,557
E05_spatial_control,erd_lr,3,7,0,0,0.2982990620029417,10,both_feet,09-10,558
E05_spatial_control,erd_lr,3,7,0,0,0.39585956759798663,10,both_feet,09-10,559
E05_spatial_control,erd_lr,3,7,1,0,0.48064002285398655,11,left_fist,11-12,560
E05_spatial_control,erd_lr,3,7,1,0,0.47959273444759587,11,right_fist,11-12,561
E05_spatial_control,erd_lr,3,7,1,1,0.5408882700650447,11,left_fist,11-12,562
E05_spatial_control,erd_lr,3,7,1,0,0.39619835110013624,11,right_fist,11-12,563
E05_spatial_control,erd_lr,3,7,1,1,0.68784655218274,11,left_fist,11-12,564
E05_spatial_control,erd_lr,3,7,1,1,0.5218993532632766,11,right_fist,11-12,565
E05_spatial_control,erd_lr,3,7,1,1,0.537952504853842,11,right_fist,11-12,566
E05_spatial_control,erd_lr,3,7,1,1,0.514708977083132,11,left_fist,11-12,567
E05_spatial_control,erd_lr,3,7,1,0,0.33445142206635725,11,right_fist,11-12,568
E05_spatial_control,erd_lr,3,7,1,0,0.4581146600637046,11,left_fist,11-12,569
E05_spatial_control,erd_lr,3,7,1,1,0.5661897716076433,11,left_fist,11-12,570
E05_spatial_control,erd_lr,3,7,1,1,0.7026130437925244,11,left_fist,11-12,571
E05_spatial_control,erd_lr,3,7,1,1,0.512676815303007,11,left_fist,11-12,572
E05_spatial_control,erd_lr,3,7,0,0,0.4098935330620669,12,left_fist,11-12,573
E05_spatial_control,erd_lr,3,7,0,1,0.5205243295946234,12,left_fist,11-12,574
E05_spatial_control,erd_lr,3,7,0,0,0.4571554181760057,12,right_fist,11-12,575
E05_spatial_control,erd_lr,3,7,0,1,0.537882302929005,12,left_fist,11-12,576
E05_spatial_control,erd_lr,3,7,0,1,0.546795342913685,12,left_fist,11-12,577
E05_spatial_control,erd_lr,3,7,0,0,0.35757151569819473,12,right_fist,11-12,578
E05_spatial_control,erd_lr,3,7,0,1,0.5574905689473224,12,left_fist,11-12,579
E05_spatial_control,erd_lr,3,7,0,0,0.271770665211665,12,right_fist,11-12,580
E05_spatial_control,erd_lr,3,7,0,1,0.5737515681816093,12,left_fist,11-12,581
E05_spatial_control,erd_lr,3,7,0,1,0.5564823043129742,12,right_fist,11-12,582
E05_spatial_control,erd_lr,3,7,0,1,0.563098115126842,12,right_fist,11-12,583
E05_spatial_control,erd_lr,3,7,1,0,0.46522141652933396,13,both_fists,13-14,584
E05_spatial_control,erd_lr,3,7,1,1,0.6849774267582661,13,both_feet,13-14,585
E05_spatial_control,erd_lr,3,7,1,0,0.4780958391339947,13,both_feet,13-14,586
E05_spatial_control,erd_lr,3,7,1,1,0.5486277527711678,13,both_fists,13-14,587
E05_spatial_control,erd_lr,3,7,1,1,0.5306275234860925,13,both_fists,13-14,588
E05_spatial_control,erd_lr,3,7,1,0,0.3661512293705588,13,both_feet,13-14,589
E05_spatial_control,erd_lr,3,7,1,1,0.6155326980824032,13,both_fists,13-14,590
E05_spatial_control,erd_lr,3,7,1,1,0.5624442225160932,13,both_feet,13-14,591
E05_spatial_control,erd_lr,3,7,1,1,0.5342835141479914,13,both_feet,13-14,592
E05_spatial_control,erd_lr,3,7,1,1,0.5177492227090857,13,both_fists,13-14,593
E05_spatial_control,erd_lr,3,7,0,1,0.6052077015699547,14,both_fists,13-14,594
E05_spatial_control,erd_lr,3,7,0,0,0.3637077094267505,14,both_feet,13-14,595
E05_spatial_control,erd_lr,3,7,0,0,0.2760116244613906,14,both_fists,13-14,596
E05_spatial_control,erd_lr,3,7,0,0,0.4543788435554651,14,both_feet,13-14,597
E05_spatial_control,erd_lr,3,7,0,0,0.40673468080598013,14,both_feet,13-14,598
E05_spatial_control,erd_lr,3,7,0,0,0.4279403806252352,14,both_feet,13-14,599
E05_spatial_control,erd_lr,3,7,0,0,0.29234819881274227,14,both_feet,13-14,600
E05_spatial_control,erd_lr,3,31,1,0,0.4106338721299718,3,left_fist,03-04,3048
E05_spatial_control,erd_lr,3,31,1,1,0.5917227836245607,3,right_fist,03-04,3049
E05_spatial_control,erd_lr,3,31,1,1,0.6979021457975738,3,left_fist,03-04,3050
E05_spatial_control,erd_lr,3,31,1,1,0.6373603554648191,3,right_fist,03-04,3051
E05_spatial_control,erd_lr,3,31,1,1,0.5996821751591287,3,left_fist,03-04,3052
E05_spatial_control,erd_lr,3,31,1,1,0.5231292381938369,3,right_fist,03-04,3053
E05_spatial_control,erd_lr,3,31,1,1,0.5182542619644973,3,right_fist,03-04,3054
E05_spatial_control,erd_lr,3,31,1,1,0.5942135570667704,3,left_fist,03-04,3055
E05_spatial_control,erd_lr,3,31,1,0,0.33406520552390523,3,right_fist,03-04,3056
E05_spatial_control,erd_lr,3,31,1,0,0.4356682247847223,3,left_fist,03-04,3057
E05_spatial_control,erd_lr,3,31,1,0,0.4756443282597374,3,left_fist,03-04,3058
E05_spatial_control,erd_lr,3,31,1,1,0.5224966688524018,3,right_fist,03-04,3059
E05_spatial_control,erd_lr,3,31,1,1,0.600019624028761,3,left_fist,03-04,3060
E05_spatial_control,erd_lr,3,31,1,0,0.49781628541408895,3,right_fist,03-04,3061
E05_spatial_control,erd_lr,3,31,1,1,0.6044856044854471,3,right_fist,03-04,3062
E05_spatial_control,erd_lr,3,31,0,0,0.4989640134992759,4,left_fist,03-04,3063
E05_spatial_control,erd_lr,3,31,0,1,0.5395802670003612,4,right_fist,03-04,3064
E05_spatial_control,erd_lr,3,31,0,0,0.39308734422341474,4,right_fist,03-04,3065
E05_spatial_control,erd_lr,3,31,0,0,0.43559210959741723,4,left_fist,03-04,3066
E05_spatial_control,erd_lr,3,31,0,0,0.2882085659697584,4,left_fist,03-04,3067
E05_spatial_control,erd_lr,3,31,0,0,0.34786284508189513,4,right_fist,03-04,3068
E05_spatial_control,erd_lr,3,31,0,0,0.46154534144063547,4,right_fist,03-04,3069
E05_spatial_control,erd_lr,3,31,0,1,0.5873161441405174,4,left_fist,03-04,3070
E05_spatial_control,erd_lr,3,31,0,1,0.5074036263882746,4,right_fist,03-04,3071
E05_spatial_control,erd_lr,3,31,0,1,0.6046947360001184,4,left_fist,03-04,3072
E05_spatial_control,erd_lr,3,31,0,0,0.4352154578659696,4,right_fist,03-04,3073
E05_spatial_control,erd_lr,3,31,0,1,0.5382782900885711,4,left_fist,03-04,3074
E05_spatial_control,erd_lr,3,31,0,1,0.6287010554777094,4,right_fist,03-04,3075
E05_spatial_control,erd_lr,3,31,0,1,0.694677662344558,4,left_fist,03-04,3076
E05_spatial_control,erd_lr,3,31,0,0,0.3773687902669942,4,left_fist,03-04,3077
E05_spatial_control,erd_lr,3,31,1,0,0.49764233796871704,5,both_feet,05-06,3078
E05_spatial_control,erd_lr,3,31,1,1,0.5612642140849428,5,both_fists,05-06,3079
E05_spatial_control,erd_lr,3,31,1,1,0.7203817621430392,5,both_fists,05-06,3080
E05_spatial_control,erd_lr,3,31,1,0,0.4144421677808646,5,both_feet,05-06,3081
E05_spatial_control,erd_lr,3,31,1,1,0.5568881814512395,5,both_feet,05-06,3082
E05_spatial_control,erd_lr,3,31,1,1,0.5506665000115568,5,both_fists,05-06,3083
E05_spatial_control,erd_lr,3,31,1,0,0.4280122271475039,5,both_feet,05-06,3084
E05_spatial_control,erd_lr,3,31,1,0,0.42947944017166145,5,both_fists,05-06,3085
E05_spatial_control,erd_lr,3,31,1,0,0.3272379002132672,5,both_fists,05-06,3086
E05_spatial_control,erd_lr,3,31,1,1,0.5912226311795398,5,both_feet,05-06,3087
E05_spatial_control,erd_lr,3,31,1,1,0.6747018880705176,5,both_feet,05-06,3088
E05_spatial_control,erd_lr,3,31,1,0,0.48863973214490625,5,both_fists,05-06,3089
E05_spatial_control,erd_lr,3,31,1,0,0.44278646628906,5,both_feet,05-06,3090
E05_spatial_control,erd_lr,3,31,1,0,0.4612723652618929,5,both_fists,05-06,3091
E05_spatial_control,erd_lr,3,31,1,1,0.5281442204307354,5,both_feet,05-06,3092
E05_spatial_control,erd_lr,3,31,0,0,0.489533097844112,6,both_fists,05-06,3093
E05_spatial_control,erd_lr,3,31,0,1,0.6317328789671695,6,both_feet,05-06,3094
E05_spatial_control,erd_lr,3,31,0,1,0.5043680667019274,6,both_feet,05-06,3095
E05_spatial_control,erd_lr,3,31,0,1,0.5573333151991084,6,both_fists,05-06,3096
E05_spatial_control,erd_lr,3,31,0,1,0.5080837394813968,6,both_fists,05-06,3097
E05_spatial_control,erd_lr,3,31,0,0,0.4663950753022827,6,both_feet,05-06,3098
E05_spatial_control,erd_lr,3,31,0,1,0.6604871873501695,6,both_fists,05-06,3099
E05_spatial_control,erd_lr,3,31,0,0,0.4669375258996563,6,both_feet,05-06,3100
E05_spatial_control,erd_lr,3,31,0,0,0.3891491593948335,6,both_feet,05-06,3101
E05_spatial_control,erd_lr,3,31,0,0,0.4357883638853061,6,both_fists,05-06,3102
E05_spatial_control,erd_lr,3,31,0,1,0.5813638762336356,6,both_feet,05-06,3103
E05_spatial_control,erd_lr,3,31,0,0,0.4892657816386422,6,both_fists,05-06,3104
E05_spatial_control,erd_lr,3,31,0,0,0.33690830684410433,6,both_feet,05-06,3105
E05_spatial_control,erd_lr,3,31,0,1,0.6822665242677629,6,both_fists,05-06,3106
E05_spatial_control,erd_lr,3,31,0,0,0.4432688878288429,6,both_fists,05-06,3107
E05_spatial_control,erd_lr,3,31,1,1,0.6134050684429472,7,right_fist,07-08,3108
E05_spatial_control,erd_lr,3,31,1,1,0.5729526609639095,7,left_fist,07-08,3109
E05_spatial_control,erd_lr,3,31,1,0,0.4806480840311845,7,left_fist,07-08,3110
E05_spatial_control,erd_lr,3,31,1,0,0.4087204724151514,7,right_fist,07-08,3111
E05_spatial_control,erd_lr,3,31,1,0,0.42856376093545373,7,left_fist,07-08,3112
E05_spatial_control,erd_lr,3,31,1,1,0.5525025592222087,7,right_fist,07-08,3113
E05_spatial_control,erd_lr,3,31,1,1,0.6630595704307285,7,left_fist,07-08,3114
E05_spatial_control,erd_lr,3,31,1,0,0.3404446531720733,7,right_fist,07-08,3115
E05_spatial_control,erd_lr,3,31,1,1,0.502064236398765,7,left_fist,07-08,3116
E05_spatial_control,erd_lr,3,31,1,1,0.5527147118936621,7,right_fist,07-08,3117
E05_spatial_control,erd_lr,3,31,1,1,0.5932210667180443,7,left_fist,07-08,3118
E05_spatial_control,erd_lr,3,31,1,1,0.5729065817442313,7,right_fist,07-08,3119
E05_spatial_control,erd_lr,3,31,1,0,0.48079546146292845,7,right_fist,07-08,3120
E05_spatial_control,erd_lr,3,31,1,0,0.44872360137924594,7,left_fist,07-08,3121
E05_spatial_control,erd_lr,3,31,1,1,0.5019749944210524,7,left_fist,07-08,3122
E05_spatial_control,erd_lr,3,31,0,1,0.5880153901479849,8,right_fist,07-08,3123
E05_spatial_control,erd_lr,3,31,0,1,0.5094522996450508,8,left_fist,07-08,3124
E05_spatial_control,erd_lr,3,31,0,1,0.5878368401044399,8,right_fist,07-08,3125
E05_spatial_control,erd_lr,3,31,0,0,0.4126349088213625,8,left_fist,07-08,3126
E05_spatial_control,erd_lr,3,31,0,0,0.48439140718945695,8,right_fist,07-08,3127
E05_spatial_control,erd_lr,3,31,0,1,0.608204810102825,8,left_fist,07-08,3128
E05_spatial_control,erd_lr,3,31,0,1,0.6461983619536231,8,right_fist,07-08,3129
E05_spatial_control,erd_lr,3,31,0,1,0.6680984025299694,8,left_fist,07-08,3130
E05_spatial_control,erd_lr,3,31,0,1,0.7314855966859874,8,right_fist,07-08,3131
E05_spatial_control,erd_lr,3,31,0,0,0.49642106577346023,8,left_fist,07-08,3132
E05_spatial_control,erd_lr,3,31,0,1,0.5887608040056475,8,left_fist,07-08,3133
E05_spatial_control,erd_lr,3,31,0,0,0.34648516662773526,8,right_fist,07-08,3134
E05_spatial_control,erd_lr,3,31,0,1,0.6242894092705182,8,left_fist,07-08,3135
E05_spatial_control,erd_lr,3,31,0,0,0.4823502712518652,8,right_fist,07-08,3136
E05_spatial_control,erd_lr,3,31,0,0,0.46188107614563895,8,right_fist,07-08,3137
E05_spatial_control,erd_lr,3,31,1,0,0.2931234249524322,9,both_fists,09-10,3138
E05_spatial_control,erd_lr,3,31,1,0,0.4936928931033604,9,both_feet,09-10,3139
E05_spatial_control,erd_lr,3,31,1,1,0.6174713191717873,9,both_feet,09-10,3140
E05_spatial_control,erd_lr,3,31,1,1,0.7071071987044282,9,both_fists,09-10,3141
E05_spatial_control,erd_lr,3,31,1,0,0.2993889753582663,9,both_feet,09-10,3142
E05_spatial_control,erd_lr,3,31,1,0,0.3917011009689206,9,both_fists,09-10,3143
E05_spatial_control,erd_lr,3,31,1,1,0.6167079654839568,9,both_fists,09-10,3144
E05_spatial_control,erd_lr,3,31,1,0,0.49350752318939706,9,both_feet,09-10,3145
E05_spatial_control,erd_lr,3,31,1,1,0.6365079459398081,9,both_fists,09-10,3146
E05_spatial_control,erd_lr,3,31,1,1,0.6409538670136071,9,both_feet,09-10,3147
E05_spatial_control,erd_lr,3,31,1,1,0.6736424746892906,9,both_fists,09-10,3148
E05_spatial_control,erd_lr,3,31,1,1,0.5068194205542184,9,both_feet,09-10,3149
E05_spatial_control,erd_lr,3,31,1,1,0.5150828842989339,9,both_fists,09-10,3150
E05_spatial_control,erd_lr,3,31,1,0,0.40840600485064427,9,both_feet,09-10,3151
E05_spatial_control,erd_lr,3,31,1,1,0.7061995595217321,9,both_feet,09-10,3152
E05_spatial_control,erd_lr,3,31,0,1,0.5958677970553155,10,both_feet,09-10,3153
E05_spatial_control,erd_lr,3,31,0,0,0.4034249308946974,10,both_fists,09-10,3154
E05_spatial_control,erd_lr,3,31,0,0,0.4088301977220638,10,both_fists,09-10,3155
E05_spatial_control,erd_lr,3,31,0,0,0.48193359059500307,10,both_feet,09-10,3156
E05_spatial_control,erd_lr,3,31,0,1,0.5968002057228198,10,both_feet,09-10,3157
E05_spatial_control,erd_lr,3,31,0,1,0.5952797846145941,10,both_fists,09-10,3158
E05_spatial_control,erd_lr,3,31,0,0,0.3715095076199047,10,both_feet,09-10,3159
E05_spatial_control,erd_lr,3,31,0,0,0.47789876056993447,10,both_fists,09-10,3160
E05_spatial_control,erd_lr,3,31,0,0,0.45127671762867055,10,both_fists,09-10,3161
E05_spatial_control,erd_lr,3,31,0,1,0.5057593117065335,10,both_feet,09-10,3162
E05_spatial_control,erd_lr,3,31,0,1,0.5870424254149041,10,both_fists,09-10,3163
E05_spatial_control,erd_lr,3,31,0,0,0.46281751974225477,10,both_feet,09-10,3164
E05_spatial_control,erd_lr,3,31,0,0,0.34594714790118186,10,both_feet,09-10,3165
E05_spatial_control,erd_lr,3,31,0,0,0.36947582374646915,10,both_fists,09-10,3166
E05_spatial_control,erd_lr,3,31,0,0,0.4389301221848034,10,both_feet,09-10,3167
E05_spatial_control,erd_lr,3,31,1,0,0.34546619647166893,11,right_fist,11-12,3168
E05_spatial_control,erd_lr,3,31,1,1,0.6195722441852419,11,left_fist,11-12,3169
E05_spatial_control,erd_lr,3,31,1,0,0.4166044105528721,11,right_fist,11-12,3170
E05_spatial_control,erd_lr,3,31,1,1,0.5009442450341773,11,left_fist,11-12,3171
E05_spatial_control,erd_lr,3,31,1,1,0.5123081769433758,11,right_fist,11-12,3172
E05_spatial_control,erd_lr,3,31,1,0,0.42279242137968986,11,left_fist,11-12,3173
E05_spatial_control,erd_lr,3,31,1,1,0.7100539026630222,11,left_fist,11-12,3174
E05_spatial_control,erd_lr,3,31,1,0,0.39831975388770136,11,right_fist,11-12,3175
E05_spatial_control,erd_lr,3,31,1,1,0.6625167347494368,11,left_fist,11-12,3176
E05_spatial_control,erd_lr,3,31,1,0,0.4643599334000833,11,right_fist,11-12,3177
E05_spatial_control,erd_lr,3,31,1,1,0.5951865457046819,11,left_fist,11-12,3178
E05_spatial_control,erd_lr,3,31,1,1,0.500992142237948,11,right_fist,11-12,3179
E05_spatial_control,erd_lr,3,31,1,1,0.5582186074936887,11,left_fist,11-12,3180
E05_spatial_control,erd_lr,3,31,1,0,0.41798898668469486,11,right_fist,11-12,3181
E05_spatial_control,erd_lr,3,31,1,1,0.632729674798659,11,left_fist,11-12,3182
E05_spatial_control,erd_lr,3,31,0,1,0.6535387338075949,12,right_fist,11-12,3183
E05_spatial_control,erd_lr,3,31,0,1,0.5586039006068308,12,left_fist,11-12,3184
E05_spatial_control,erd_lr,3,31,0,1,0.6637207387661072,12,left_fist,11-12,3185
E05_spatial_control,erd_lr,3,31,0,1,0.6236692970354496,12,right_fist,11-12,3186
E05_spatial_control,erd_lr,3,31,0,0,0.3049171670853946,12,right_fist,11-12,3187
E05_spatial_control,erd_lr,3,31,0,0,0.496714049399094,12,left_fist,11-12,3188
E05_spatial_control,erd_lr,3,31,0,1,0.5658655571272476,12,left_fist,11-12,3189
E05_spatial_control,erd_lr,3,31,0,1,0.5216828183650999,12,right_fist,11-12,3190
E05_spatial_control,erd_lr,3,31,0,0,0.39644765752726874,12,right_fist,11-12,3191
E05_spatial_control,erd_lr,3,31,0,1,0.5730514958676173,12,left_fist,11-12,3192
E05_spatial_control,erd_lr,3,31,0,0,0.3992797725799965,12,right_fist,11-12,3193
E05_spatial_control,erd_lr,3,31,0,0,0.39922236389048255,12,left_fist,11-12,3194
E05_spatial_control,erd_lr,3,31,0,0,0.38739211215724095,12,right_fist,11-12,3195
E05_spatial_control,erd_lr,3,31,0,1,0.6757301645590571,12,left_fist,11-12,3196
E05_spatial_control,erd_lr,3,31,0,1,0.5557210685863656,12,right_fist,11-12,3197
E05_spatial_control,erd_lr,3,31,1,1,0.6763662651105918,13,both_feet,13-14,3198
E05_spatial_control,erd_lr,3,31,1,1,0.5820419406018177,13,both_fists,13-14,3199
E05_spatial_control,erd_lr,3,31,1,1,0.6359405935419056,13,both_fists,13-14,3200
E05_spatial_control,erd_lr,3,31,1,0,0.4189409244414881,13,both_feet,13-14,3201
E05_spatial_control,erd_lr,3,31,1,0,0.4978063048579155,13,both_feet,13-14,3202
E05_spatial_control,erd_lr,3,31,1,0,0.4225491550481101,13,both_fists,13-14,3203
E05_spatial_control,erd_lr,3,31,1,0,0.48353891427854423,13,both_fists,13-14,3204
E05_spatial_control,erd_lr,3,31,1,1,0.5237636574446306,13,both_feet,13-14,3205
E05_spatial_control,erd_lr,3,31,1,1,0.5197388650677233,13,both_fists,13-14,3206
E05_spatial_control,erd_lr,3,31,1,0,0.47861653995404524,13,both_feet,13-14,3207
E05_spatial_control,erd_lr,3,31,1,1,0.6102213017696372,13,both_fists,13-14,3208
E05_spatial_control,erd_lr,3,31,1,0,0.37383007884179253,13,both_feet,13-14,3209
E05_spatial_control,erd_lr,3,31,1,1,0.6542062882389196,13,both_fists,13-14,3210
E05_spatial_control,erd_lr,3,31,1,1,0.5285565109613852,13,both_feet,13-14,3211
E05_spatial_control,erd_lr,3,31,1,0,0.4418359440551429,13,both_feet,13-14,3212
E05_spatial_control,erd_lr,3,31,0,0,0.46564304526751743,14,both_fists,13-14,3213
E05_spatial_control,erd_lr,3,31,0,1,0.5396387660125421,14,both_feet,13-14,3214
E05_spatial_control,erd_lr,3,31,0,0,0.4356784732593005,14,both_feet,13-14,3215
E05_spatial_control,erd_lr,3,31,0,0,0.3467728533315023,14,both_fists,13-14,3216
E05_spatial_control,erd_lr,3,31,0,0,0.4791939028801414,14,both_fists,13-14,3217
E05_spatial_control,erd_lr,3,31,0,1,0.526572106853058,14,both_feet,13-14,3218
E05_spatial_control,erd_lr,3,31,0,0,0.4841658133040234,14,both_feet,13-14,3219
E05_spatial_control,erd_lr,3,31,0,1,0.5061106477022886,14,both_fists,13-14,3220
E05_spatial_control,erd_lr,3,31,0,0,0.3794704396096115,14,both_fists,13-14,3221
E05_spatial_control,erd_lr,3,31,0,0,0.42489943171086486,14,both_feet,13-14,3222
E05_spatial_control,erd_lr,3,31,0,0,0.3982482258613089,14,both_feet,13-14,3223
E05_spatial_control,erd_lr,3,31,0,0,0.3501362246999974,14,both_fists,13-14,3224
E05_spatial_control,erd_lr,3,31,0,1,0.5011039841169409,14,both_fists,13-14,3225
E05_spatial_control,erd_lr,3,31,0,1,0.5311882185068404,14,both_feet,13-14,3226
E05_spatial_control,erd_lr,3,31,0,0,0.3314842349632019,14,both_fists,13-14,3227
E05_spatial_control,erd_lr,3,37,1,0,0.47440824365842926,3,right_fist,03-04,3896
E05_spatial_control,erd_lr,3,37,1,1,0.6732852337939572,3,left_fist,03-04,3897
E05_spatial_control,erd_lr,3,37,1,1,0.770424250049604,3,right_fist,03-04,3898
E05_spatial_control,erd_lr,3,37,1,1,0.56681546598952,3,left_fist,03-04,3899
E05_spatial_control,erd_lr,3,37,1,0,0.45086110986750166,3,left_fist,03-04,3900
E05_spatial_control,erd_lr,3,37,1,1,0.5961899602786247,3,right_fist,03-04,3901
E05_spatial_control,erd_lr,3,37,1,1,0.5029953276878474,3,right_fist,03-04,3902
E05_spatial_control,erd_lr,3,37,1,1,0.6360502646424646,3,left_fist,03-04,3903
E05_spatial_control,erd_lr,3,37,1,0,0.45732689022430434,3,right_fist,03-04,3904
E05_spatial_control,erd_lr,3,37,1,1,0.6651011421636458,3,left_fist,03-04,3905
E05_spatial_control,erd_lr,3,37,1,1,0.7581568754214577,3,left_fist,03-04,3906
E05_spatial_control,erd_lr,3,37,1,1,0.6948182792873927,3,right_fist,03-04,3907
E05_spatial_control,erd_lr,3,37,1,1,0.7241725813938431,3,left_fist,03-04,3908
E05_spatial_control,erd_lr,3,37,1,1,0.7963730285021617,3,right_fist,03-04,3909
E05_spatial_control,erd_lr,3,37,1,1,0.6683355664047668,3,left_fist,03-04,3910
E05_spatial_control,erd_lr,3,37,0,0,0.48050063510058466,4,right_fist,03-04,3911
E05_spatial_control,erd_lr,3,37,0,0,0.42864585064515487,4,left_fist,03-04,3912
E05_spatial_control,erd_lr,3,37,0,0,0.46469311447190675,4,right_fist,03-04,3913
E05_spatial_control,erd_lr,3,37,0,1,0.5829084882233907,4,left_fist,03-04,3914
E05_spatial_control,erd_lr,3,37,0,0,0.48829561201759925,4,right_fist,03-04,3915
E05_spatial_control,erd_lr,3,37,0,0,0.28007008234683756,4,left_fist,03-04,3916
E05_spatial_control,erd_lr,3,37,0,1,0.7030593306414525,4,left_fist,03-04,3917
E05_spatial_control,erd_lr,3,37,0,1,0.5574126805212768,4,right_fist,03-04,3918
E05_spatial_control,erd_lr,3,37,0,1,0.6551294695015633,4,left_fist,03-04,3919
E05_spatial_control,erd_lr,3,37,0,0,0.46953932361135886,4,right_fist,03-04,3920
E05_spatial_control,erd_lr,3,37,0,1,0.7728767092144958,4,right_fist,03-04,3921
E05_spatial_control,erd_lr,3,37,0,0,0.4446638490256361,4,left_fist,03-04,3922
E05_spatial_control,erd_lr,3,37,0,1,0.519348060813935,4,right_fist,03-04,3923
E05_spatial_control,erd_lr,3,37,0,0,0.43523967438115835,4,left_fist,03-04,3924
E05_spatial_control,erd_lr,3,37,0,0,0.39130973113276474,4,left_fist,03-04,3925
E05_spatial_control,erd_lr,3,37,1,1,0.647870732667136,5,both_fists,05-06,3926
E05_spatial_control,erd_lr,3,37,1,1,0.546535076132604,5,both_feet,05-06,3927
E05_spatial_control,erd_lr,3,37,1,1,0.6204207249105513,5,both_feet,05-06,3928
E05_spatial_control,erd_lr,3,37,1,0,0.4446002765074435,5,both_fists,05-06,3929
E05_spatial_control,erd_lr,3,37,1,1,0.5761250380446163,5,both_feet,05-06,3930
E05_spatial_control,erd_lr,3,37,1,1,0.6696806357115134,5,both_fists,05-06,3931
E05_spatial_control,erd_lr,3,37,1,1,0.5683543196734878,5,both_fists,05-06,3932
E05_spatial_control,erd_lr,3,37,1,1,0.8017251380060914,5,both_feet,05-06,3933
E05_spatial_control,erd_lr,3,37,1,0,0.39710218472344333,5,both_fists,05-06,3934
E05_spatial_control,erd_lr,3,37,1,1,0.5591439423964054,5,both_feet,05-06,3935
E05_spatial_control,erd_lr,3,37,1,1,0.5940205451746877,5,both_fists,05-06,3936
E05_spatial_control,erd_lr,3,37,1,1,0.7465631244966021,5,both_feet,05-06,3937
E05_spatial_control,erd_lr,3,37,1,1,0.5652073270558676,5,both_feet,05-06,3938
E05_spatial_control,erd_lr,3,37,1,1,0.6130233452328346,5,both_fists,05-06,3939
E05_spatial_control,erd_lr,3,37,1,1,0.6041143919252288,5,both_feet,05-06,3940
E05_spatial_control,erd_lr,3,37,0,0,0.4517080825452307,6,both_fists,05-06,3941
E05_spatial_control,erd_lr,3,37,0,1,0.549615614542395,6,both_feet,05-06,3942
E05_spatial_control,erd_lr,3,37,0,0,0.4527577311531103,6,both_feet,05-06,3943
E05_spatial_control,erd_lr,3,37,0,0,0.4561360278503069,6,both_fists,05-06,3944
E05_spatial_control,erd_lr,3,37,0,0,0.2958438841884362,6,both_fists,05-06,3945
E05_spatial_control,erd_lr,3,37,0,0,0.3794579137662537,6,both_feet,05-06,3946
E05_spatial_control,erd_lr,3,37,0,0,0.4436820687230225,6,both_feet,05-06,3947
E05_spatial_control,erd_lr,3,37,0,0,0.39728667090157516,6,both_fists,05-06,3948
E05_spatial_control,erd_lr,3,37,0,1,0.5420233209271286,6,both_feet,05-06,3949
E05_spatial_control,erd_lr,3,37,0,1,0.5190274604250805,6,both_fists,05-06,3950
E05_spatial_control,erd_lr,3,37,0,0,0.47911349510854284,6,both_feet,05-06,3951
E05_spatial_control,erd_lr,3,37,0,1,0.6132513045455845,6,both_fists,05-06,3952
E05_spatial_control,erd_lr,3,37,0,1,0.6093103527185352,6,both_fists,05-06,3953
E05_spatial_control,erd_lr,3,37,0,0,0.42161220089208606,6,both_feet,05-06,3954
E05_spatial_control,erd_lr,3,37,0,1,0.5744068405058514,6,both_feet,05-06,3955
E05_spatial_control,erd_lr,3,37,1,1,0.6535945380699387,7,right_fist,07-08,3956
E05_spatial_control,erd_lr,3,37,1,1,0.5394328209067614,7,left_fist,07-08,3957
E05_spatial_control,erd_lr,3,37,1,1,0.5752185852492387,7,right_fist,07-08,3958
E05_spatial_control,erd_lr,3,37,1,0,0.49968684534008867,7,left_fist,07-08,3959
E05_spatial_control,erd_lr,3,37,1,1,0.6948809987018831,7,left_fist,07-08,3960
E05_spatial_control,erd_lr,3,37,1,1,0.5902766770149421,7,right_fist,07-08,3961
E05_spatial_control,erd_lr,3,37,1,0,0.4797791842903757,7,right_fist,07-08,3962
E05_spatial_control,erd_lr,3,37,1,1,0.6287453695723929,7,left_fist,07-08,3963
E05_spatial_control,erd_lr,3,37,1,1,0.7170595943145437,7,left_fist,07-08,3964
E05_spatial_control,erd_lr,3,37,1,1,0.7261588716459092,7,right_fist,07-08,3965
E05_spatial_control,erd_lr,3,37,1,1,0.5300952237563995,7,left_fist,07-08,3966
E05_spatial_control,erd_lr,3,37,1,1,0.647336358024322,7,right_fist,07-08,3967
E05_spatial_control,erd_lr,3,37,1,0,0.3459567212471693,7,right_fist,07-08,3968
E05_spatial_control,erd_lr,3,37,1,1,0.5924590358731191,7,left_fist,07-08,3969
E05_spatial_control,erd_lr,3,37,1,1,0.5537648222400504,7,left_fist,07-08,3970
E05_spatial_control,erd_lr,3,37,0,1,0.5515482580777384,8,right_fist,07-08,3971
E05_spatial_control,erd_lr,3,37,0,1,0.5449455618546915,8,left_fist,07-08,3972
E05_spatial_control,erd_lr,3,37,0,0,0.47954363160731206,8,right_fist,07-08,3973
E05_spatial_control,erd_lr,3,37,0,1,0.5175963390102054,8,left_fist,07-08,3974
E05_spatial_control,erd_lr,3,37,0,0,0.40438658759895046,8,left_fist,07-08,3975
E05_spatial_control,erd_lr,3,37,0,1,0.5632647317557858,8,right_fist,07-08,3976
E05_spatial_control,erd_lr,3,37,0,0,0.3938368777197572,8,left_fist,07-08,3977
E05_spatial_control,erd_lr,3,37,0,0,0.44450050100195454,8,right_fist,07-08,3978
E05_spatial_control,erd_lr,3,37,0,0,0.4454426008896997,8,right_fist,07-08,3979
E05_spatial_control,erd_lr,3,37,0,0,0.3249855530229203,8,left_fist,07-08,3980
E05_spatial_control,erd_lr,3,37,0,0,0.45037893826406006,8,right_fist,07-08,3981
E05_spatial_control,erd_lr,3,37,0,0,0.4040949287335086,8,left_fist,07-08,3982
E05_spatial_control,erd_lr,3,37,0,1,0.560946445849062,8,left_fist,07-08,3983
E05_spatial_control,erd_lr,3,37,0,0,0.4726161033570291,8,right_fist,07-08,3984
E05_spatial_control,erd_lr,3,37,0,0,0.423218915846605,8,left_fist,07-08,3985
E05_spatial_control,erd_lr,3,37,1,1,0.5783342139895444,9,both_feet,09-10,3986
E05_spatial_control,erd_lr,3,37,1,1,0.5069495346209922,9,both_fists,09-10,3987
E05_spatial_control,erd_lr,3,37,1,1,0.7059564976533609,9,both_feet,09-10,3988
E05_spatial_control,erd_lr,3,37,1,1,0.7313611282076145,9,both_fists,09-10,3989
E05_spatial_control,erd_lr,3,37,1,0,0.4719513146103957,9,both_fists,09-10,3990
E05_spatial_control,erd_lr,3,37,1,1,0.7420022156459574,9,both_feet,09-10,3991
E05_spatial_control,erd_lr,3,37,1,1,0.708770211831447,9,both_feet,09-10,3992
E05_spatial_control,erd_lr,3,37,1,1,0.6199042148624789,9,both_fists,09-10,3993
E05_spatial_control,erd_lr,3,37,1,1,0.7082072649662808,9,both_feet,09-10,3994
E05_spatial_control,erd_lr,3,37,1,1,0.5662297307878692,9,both_fists,09-10,3995
E05_spatial_control,erd_lr,3,37,1,1,0.8214949327877383,9,both_fists,09-10,3996
E05_spatial_control,erd_lr,3,37,1,1,0.7422889574606336,9,both_feet,09-10,3997
E05_spatial_control,erd_lr,3,37,1,1,0.6104501722620505,9,both_feet,09-10,3998
E05_spatial_control,erd_lr,3,37,1,1,0.6721317928713869,9,both_fists,09-10,3999
E05_spatial_control,erd_lr,3,37,1,1,0.7449456184421304,9,both_fists,09-10,4000
E05_spatial_control,erd_lr,3,37,0,0,0.46369767347787344,10,both_feet,09-10,4001
E05_spatial_control,erd_lr,3,37,0,1,0.521107885309912,10,both_fists,09-10,4002
E05_spatial_control,erd_lr,3,37,0,1,0.5897822463751892,10,both_feet,09-10,4003
E05_spatial_control,erd_lr,3,37,0,0,0.4726383088441735,10,both_fists,09-10,4004
E05_spatial_control,erd_lr,3,37,0,1,0.5326252293107799,10,both_fists,09-10,4005
E05_spatial_control,erd_lr,3,37,0,0,0.4980152806360708,10,both_feet,09-10,4006
E05_spatial_control,erd_lr,3,37,0,0,0.4977462819006222,10,both_fists,09-10,4007
E05_spatial_control,erd_lr,3,37,0,0,0.48831121005724254,10,both_feet,09-10,4008
E05_spatial_control,erd_lr,3,37,0,0,0.42486430579261714,10,both_feet,09-10,4009
E05_spatial_control,erd_lr,3,37,0,0,0.2893335061631565,10,both_fists,09-10,4010
E05_spatial_control,erd_lr,3,37,0,0,0.41798562346397217,10,both_fists,09-10,4011
E05_spatial_control,erd_lr,3,37,0,1,0.5225291232829997,10,both_feet,09-10,4012
E05_spatial_control,erd_lr,3,37,0,0,0.4371380996228786,10,both_fists,09-10,4013
E05_spatial_control,erd_lr,3,37,0,1,0.5111582100512534,10,both_feet,09-10,4014
E05_spatial_control,erd_lr,3,37,0,0,0.41272385535001865,10,both_fists,09-10,4015
E05_spatial_control,erd_lr,3,37,1,1,0.5815661085159304,11,right_fist,11-12,4016
E05_spatial_control,erd_lr,3,37,1,1,0.6902158230996471,11,left_fist,11-12,4017
E05_spatial_control,erd_lr,3,37,1,1,0.6220611449987965,11,right_fist,11-12,4018
E05_spatial_control,erd_lr,3,37,1,1,0.5873403292075321,11,left_fist,11-12,4019
E05_spatial_control,erd_lr,3,37,1,1,0.5787884150518375,11,left_fist,11-12,4020
E05_spatial_control,erd_lr,3,37,1,1,0.5573306313814687,11,right_fist,11-12,4021
E05_spatial_control,erd_lr,3,37,1,1,0.6284928620970653,11,left_fist,11-12,4022
E05_spatial_control,erd_lr,3,37,1,1,0.7334792533853409,11,right_fist,11-12,4023
E05_spatial_control,erd_lr,3,37,1,1,0.6679992101330178,11,left_fist,11-12,4024
E05_spatial_control,erd_lr,3,37,1,1,0.7639099972575805,11,right_fist,11-12,4025
E05_spatial_control,erd_lr,3,37,1,1,0.5815915727636556,11,left_fist,11-12,4026
E05_spatial_control,erd_lr,3,37,1,1,0.7127173215202561,11,right_fist,11-12,4027
E05_spatial_control,erd_lr,3,37,1,1,0.6508257658948484,11,right_fist,11-12,4028
E05_spatial_control,erd_lr,3,37,1,1,0.5757406062757391,11,left_fist,11-12,4029
E05_spatial_control,erd_lr,3,37,1,1,0.5519427601681008,11,right_fist,11-12,4030
E05_spatial_control,erd_lr,3,37,0,1,0.5081124733543456,12,right_fist,11-12,4031
E05_spatial_control,erd_lr,3,37,0,0,0.4548848064854488,12,left_fist,11-12,4032
E05_spatial_control,erd_lr,3,37,0,0,0.39526162229509443,12,right_fist,11-12,4033
E05_spatial_control,erd_lr,3,37,0,0,0.4096240207690118,12,left_fist,11-12,4034
E05_spatial_control,erd_lr,3,37,0,1,0.5705971023824156,12,left_fist,11-12,4035
E05_spatial_control,erd_lr,3,37,0,0,0.4736841965723364,12,right_fist,11-12,4036
E05_spatial_control,erd_lr,3,37,0,0,0.35518274737909145,12,right_fist,11-12,4037
E05_spatial_control,erd_lr,3,37,0,0,0.30607893234439554,12,left_fist,11-12,4038
E05_spatial_control,erd_lr,3,37,0,1,0.5322542271911588,12,right_fist,11-12,4039
E05_spatial_control,erd_lr,3,37,0,0,0.3399801330775033,12,left_fist,11-12,4040
E05_spatial_control,erd_lr,3,37,0,0,0.36618212762168423,12,right_fist,11-12,4041
E05_spatial_control,erd_lr,3,37,0,0,0.3818900691234006,12,left_fist,11-12,4042
E05_spatial_control,erd_lr,3,37,0,0,0.43703032743268433,12,left_fist,11-12,4043
E05_spatial_control,erd_lr,3,37,0,1,0.5194027608134422,12,right_fist,11-12,4044
E05_spatial_control,erd_lr,3,37,0,0,0.4444544057059257,12,right_fist,11-12,4045
E05_spatial_control,erd_lr,3,45,1,1,0.5311401845123334,3,left_fist,03-04,4841
E05_spatial_control,erd_lr,3,45,1,1,0.6728239048649526,3,left_fist,03-04,4842
E05_spatial_control,erd_lr,3,45,1,1,0.5646792966601197,3,right_fist,03-04,4843
E05_spatial_control,erd_lr,3,45,1,1,0.5098580057578879,3,right_fist,03-04,4844
E05_spatial_control,erd_lr,3,45,1,1,0.604263805510737,3,right_fist,03-04,4845
E05_spatial_control,erd_lr,3,45,1,0,0.3383041676139664,3,left_fist,03-04,4846
E05_spatial_control,erd_lr,3,45,1,1,0.5884136820790761,3,left_fist,03-04,4847
E05_spatial_control,erd_lr,3,45,1,1,0.562104983467799,3,right_fist,03-04,4848
E05_spatial_control,erd_lr,3,45,1,1,0.5586694849548515,3,left_fist,03-04,4849
E05_spatial_control,erd_lr,3,45,1,1,0.7009267729623473,3,left_fist,03-04,4850
E05_spatial_control,erd_lr,3,45,1,1,0.5411642681237796,3,right_fist,03-04,4851
E05_spatial_control,erd_lr,3,45,0,1,0.5057132143777109,4,left_fist,03-04,4852
E05_spatial_control,erd_lr,3,45,0,1,0.5558481361760821,4,right_fist,03-04,4853
E05_spatial_control,erd_lr,3,45,0,0,0.40871387530256287,4,right_fist,03-04,4854
E05_spatial_control,erd_lr,3,45,0,0,0.4204297680831316,4,left_fist,03-04,4855
E05_spatial_control,erd_lr,3,45,0,1,0.6832856706000071,4,right_fist,03-04,4856
E05_spatial_control,erd_lr,3,45,0,0,0.3950311818279594,4,left_fist,03-04,4857
E05_spatial_control,erd_lr,3,45,0,0,0.41085035178572016,4,right_fist,03-04,4858
E05_spatial_control,erd_lr,3,45,0,0,0.4808215096360436,4,left_fist,03-04,4859
E05_spatial_control,erd_lr,3,45,0,1,0.5549814983911578,4,right_fist,03-04,4860
E05_spatial_control,erd_lr,3,45,0,1,0.511083955861967,4,left_fist,03-04,4861
E05_spatial_control,erd_lr,3,45,1,1,0.6410609097223781,5,both_fists,05-06,4862
E05_spatial_control,erd_lr,3,45,1,1,0.6252468982719807,5,both_feet,05-06,4863
E05_spatial_control,erd_lr,3,45,1,1,0.5080081497451455,5,both_feet,05-06,4864
E05_spatial_control,erd_lr,3,45,1,0,0.49761481204787245,5,both_fists,05-06,4865
E05_spatial_control,erd_lr,3,45,1,1,0.7122149543818245,5,both_fists,05-06,4866
E05_spatial_control,erd_lr,3,45,1,1,0.6749799566847281,5,both_feet,05-06,4867
E05_spatial_control,erd_lr,3,45,1,0,0.37795185643432916,5,both_fists,05-06,4868
E05_spatial_control,erd_lr,3,45,1,1,0.5525966378025029,5,both_feet,05-06,4869
E05_spatial_control,erd_lr,3,45,1,0,0.4476545883950917,5,both_feet,05-06,4870
E05_spatial_control,erd_lr,3,45,1,1,0.6374388745800159,5,both_fists,05-06,4871
E05_spatial_control,erd_lr,3,45,1,1,0.6954946812837955,5,both_feet,05-06,4872
E05_spatial_control,erd_lr,3,45,1,1,0.5254895112869931,5,both_fists,05-06,4873
E05_spatial_control,erd_lr,3,45,0,0,0.2805886651536917,6,both_fists,05-06,4874
E05_spatial_control,erd_lr,3,45,0,0,0.44183451942676244,6,both_feet,05-06,4875
E05_spatial_control,erd_lr,3,45,0,0,0.42300424965582345,6,both_fists,05-06,4876
E05_spatial_control,erd_lr,3,45,0,0,0.42376986720914767,6,both_feet,05-06,4877
E05_spatial_control,erd_lr,3,45,0,0,0.4656286746975553,6,both_feet,05-06,4878
E05_spatial_control,erd_lr,3,45,0,1,0.6659942887736046,6,both_fists,05-06,4879
E05_spatial_control,erd_lr,3,45,0,0,0.4725547187189599,6,both_feet,05-06,4880
E05_spatial_control,erd_lr,3,45,0,0,0.2895695095496528,6,both_fists,05-06,4881
E05_spatial_control,erd_lr,3,45,0,1,0.7169561618227355,6,both_feet,05-06,4882
E05_spatial_control,erd_lr,3,45,0,0,0.4340912515052677,6,both_feet,05-06,4883
E05_spatial_control,erd_lr,3,45,0,1,0.5230354002317514,6,both_fists,05-06,4884
E05_spatial_control,erd_lr,3,45,1,1,0.5146495617568644,7,left_fist,07-08,4885
E05_spatial_control,erd_lr,3,45,1,0,0.474699787813865,7,right_fist,07-08,4886
E05_spatial_control,erd_lr,3,45,1,0,0.40739720862327694,7,left_fist,07-08,4887
E05_spatial_control,erd_lr,3,45,1,1,0.5068422510040521,7,right_fist,07-08,4888
E05_spatial_control,erd_lr,3,45,1,1,0.517117033720688,7,left_fist,07-08,4889
E05_spatial_control,erd_lr,3,45,1,0,0.46869995100054485,7,left_fist,07-08,4890
E05_spatial_control,erd_lr,3,45,1,1,0.7002711833581302,7,right_fist,07-08,4891
E05_spatial_control,erd_lr,3,45,1,1,0.6282289939232696,7,left_fist,07-08,4892
E05_spatial_control,erd_lr,3,45,1,0,0.2951457845279734,7,left_fist,07-08,4893
E05_spatial_control,erd_lr,3,45,1,0,0.4229670174664698,7,left_fist,07-08,4894
E05_spatial_control,erd_lr,3,45,0,1,0.5812213005561805,8,right_fist,07-08,4895
E05_spatial_control,erd_lr,3,45,0,1,0.6295616649653135,8,right_fist,07-08,4896
E05_spatial_control,erd_lr,3,45,0,0,0.46143708266010536,8,right_fist,07-08,4897
E05_spatial_control,erd_lr,3,45,0,1,0.5215755018339097,8,left_fist,07-08,4898
E05_spatial_control,erd_lr,3,45,1,1,0.5687201458441175,9,both_fists,09-10,4899
E05_spatial_control,erd_lr,3,45,1,0,0.4960120439985616,9,both_feet,09-10,4900
E05_spatial_control,erd_lr,3,45,1,1,0.5259255087449096,9,both_fists,09-10,4901
E05_spatial_control,erd_lr,3,45,1,1,0.5440413778624945,9,both_feet,09-10,4902
E05_spatial_control,erd_lr,3,45,1,1,0.6460889846204726,9,both_fists,09-10,4903
E05_spatial_control,erd_lr,3,45,0,0,0.39326338622096063,10,both_fists,09-10,4904
E05_spatial_control,erd_lr,3,45,0,0,0.48875871192944553,10,both_fists,09-10,4905
E05_spatial_control,erd_lr,3,45,0,1,0.6605165059895994,10,both_feet,09-10,4906
E05_spatial_control,erd_lr,3,45,0,1,0.6501866355031699,10,both_fists,09-10,4907
E05_spatial_control,erd_lr,3,45,0,0,0.43743928911529156,10,both_feet,09-10,4908
E05_spatial_control,erd_lr,3,45,0,0,0.4719281341696009,10,both_fists,09-10,4909
E05_spatial_control,erd_lr,3,45,1,0,0.4655246608971555,11,right_fist,11-12,4910
E05_spatial_control,erd_lr,3,45,1,1,0.6208159763341344,11,left_fist,11-12,4911
E05_spatial_control,erd_lr,3,45,1,1,0.5574631119922335,11,right_fist,11-12,4912
E05_spatial_control,erd_lr,3,45,1,1,0.7036411354567472,11,left_fist,11-12,4913
E05_spatial_control,erd_lr,3,45,1,1,0.5092846793632968,11,right_fist,11-12,4914
E05_spatial_control,erd_lr,3,45,1,1,0.6909408009439431,11,left_fist,11-12,4915
E05_spatial_control,erd_lr,3,45,1,1,0.6842459408642738,11,right_fist,11-12,4916
E05_spatial_control,erd_lr,3,45,1,1,0.5062199752160934,11,left_fist,11-12,4917
E05_spatial_control,erd_lr,3,45,1,1,0.6204887018232943,11,right_fist,11-12,4918
E05_spatial_control,erd_lr,3,45,1,0,0.48590588970496534,11,left_fist,11-12,4919
E05_spatial_control,erd_lr,3,45,1,0,0.35651432110756737,11,right_fist,11-12,4920
E05_spatial_control,erd_lr,3,45,1,0,0.4898366842969148,11,left_fist,11-12,4921
E05_spatial_control,erd_lr,3,45,1,1,0.5566965337648314,11,left_fist,11-12,4922
E05_spatial_control,erd_lr,3,45,1,1,0.5455368222502776,11,right_fist,11-12,4923
E05_spatial_control,erd_lr,3,45,1,0,0.32632002595713727,11,right_fist,11-12,4924
E05_spatial_control,erd_lr,3,45,0,1,0.5084629416197997,12,left_fist,11-12,4925
E05_spatial_control,erd_lr,3,45,0,0,0.42601294523472344,12,right_fist,11-12,4926
E05_spatial_control,erd_lr,3,45,0,1,0.5036374414630291,12,left_fist,11-12,4927
E05_spatial_control,erd_lr,3,45,0,1,0.6164297022431777,12,left_fist,11-12,4928
E05_spatial_control,erd_lr,3,45,0,1,0.52534676091258,12,right_fist,11-12,4929
E05_spatial_control,erd_lr,3,45,0,0,0.4770098719719889,12,left_fist,11-12,4930
E05_spatial_control,erd_lr,3,45,0,1,0.5899711304660749,12,right_fist,11-12,4931
E05_spatial_control,erd_lr,3,45,0,0,0.4142784709999418,12,right_fist,11-12,4932
E05_spatial_control,erd_lr,3,45,0,1,0.6530361686242724,12,left_fist,11-12,4933
E05_spatial_control,erd_lr,3,45,0,0,0.4747931690856377,12,left_fist,11-12,4934
E05_spatial_control,erd_lr,3,45,0,0,0.45670394628259625,12,right_fist,11-12,4935
E05_spatial_control,erd_lr,3,45,0,1,0.6358573635956803,12,right_fist,11-12,4936
E05_spatial_control,erd_lr,3,45,1,0,0.430518913523889,13,both_feet,13-14,4937
E05_spatial_control,erd_lr,3,45,1,1,0.6569732410030744,13,both_feet,13-14,4938
E05_spatial_control,erd_lr,3,45,1,0,0.431556970396096,13,both_fists,13-14,4939
E05_spatial_control,erd_lr,3,45,1,1,0.6046049972032544,13,both_fists,13-14,4940
E05_spatial_control,erd_lr,3,45,1,1,0.6423699365569867,13,both_feet,13-14,4941
E05_spatial_control,erd_lr,3,45,1,1,0.6820892691384799,13,both_feet,13-14,4942
E05_spatial_control,erd_lr,3,45,1,1,0.5091737183180349,13,both_fists,13-14,4943
E05_spatial_control,erd_lr,3,45,1,1,0.519675835981703,13,both_feet,13-14,4944
E05_spatial_control,erd_lr,3,45,1,0,0.35594048146558893,13,both_fists,13-14,4945
E05_spatial_control,erd_lr,3,45,1,1,0.6400476844577174,13,both_fists,13-14,4946
E05_spatial_control,erd_lr,3,45,1,1,0.5125689954225909,13,both_feet,13-14,4947
E05_spatial_control,erd_lr,3,45,1,1,0.5318403934993922,13,both_fists,13-14,4948
E05_spatial_control,erd_lr,3,45,0,0,0.43863939604669266,14,both_feet,13-14,4949
E05_spatial_control,erd_lr,3,45,0,1,0.578046962423313,14,both_fists,13-14,4950
E05_spatial_control,erd_lr,3,45,0,1,0.5496631643205624,14,both_fists,13-14,4951
E05_spatial_control,erd_lr,3,45,0,1,0.595155546349919,14,both_feet,13-14,4952
E05_spatial_control,erd_lr,3,45,0,0,0.4249449362701847,14,both_fists,13-14,4953
E05_spatial_control,erd_lr,3,45,0,0,0.39859837338139664,14,both_fists,13-14,4954
E05_spatial_control,erd_lr,3,45,0,1,0.5444112671412186,14,both_fists,13-14,4955
E05_spatial_control,erd_lr,3,51,1,1,0.6137091565192849,3,left_fist,03-04,5374
E05_spatial_control,erd_lr,3,51,1,0,0.3159206182191587,3,right_fist,03-04,5375
E05_spatial_control,erd_lr,3,51,1,1,0.6125046459119935,3,left_fist,03-04,5376
E05_spatial_control,erd_lr,3,51,1,1,0.5043996464180382,3,right_fist,03-04,5377
E05_spatial_control,erd_lr,3,51,1,1,0.5099754804526208,3,right_fist,03-04,5378
E05_spatial_control,erd_lr,3,51,1,1,0.5826927220495193,3,left_fist,03-04,5379
E05_spatial_control,erd_lr,3,51,1,0,0.4190128485810721,3,right_fist,03-04,5380
E05_spatial_control,erd_lr,3,51,1,0,0.44837558330690874,3,left_fist,03-04,5381
E05_spatial_control,erd_lr,3,51,1,1,0.5533282410866085,3,right_fist,03-04,5382
E05_spatial_control,erd_lr,3,51,1,1,0.5145671023070136,3,left_fist,03-04,5383
E05_spatial_control,erd_lr,3,51,1,1,0.5949637225113978,3,right_fist,03-04,5384
E05_spatial_control,erd_lr,3,51,1,1,0.5904951475053728,3,left_fist,03-04,5385
E05_spatial_control,erd_lr,3,51,1,1,0.5952380702461408,3,right_fist,03-04,5386
E05_spatial_control,erd_lr,3,51,1,1,0.6159924652782443,3,left_fist,03-04,5387
E05_spatial_control,erd_lr,3,51,1,1,0.5591025966114593,3,left_fist,03-04,5388
E05_spatial_control,erd_lr,3,51,0,0,0.48763428573959533,4,left_fist,03-04,5389
E05_spatial_control,erd_lr,3,51,0,1,0.7409564205551511,4,right_fist,03-04,5390
E05_spatial_control,erd_lr,3,51,0,1,0.6224774321741456,4,right_fist,03-04,5391
E05_spatial_control,erd_lr,3,51,0,0,0.3577985597334695,4,left_fist,03-04,5392
E05_spatial_control,erd_lr,3,51,0,0,0.3912557022177248,4,right_fist,03-04,5393
E05_spatial_control,erd_lr,3,51,0,0,0.4353886588076004,4,left_fist,03-04,5394
E05_spatial_control,erd_lr,3,51,0,0,0.3898654468240476,4,right_fist,03-04,5395
E05_spatial_control,erd_lr,3,51,0,0,0.42241012767665786,4,left_fist,03-04,5396
E05_spatial_control,erd_lr,3,51,0,0,0.37389220248514576,4,right_fist,03-04,5397
E05_spatial_control,erd_lr,3,51,0,1,0.6629527551216176,4,left_fist,03-04,5398
E05_spatial_control,erd_lr,3,51,0,1,0.5143407275375041,4,right_fist,03-04,5399
E05_spatial_control,erd_lr,3,51,0,1,0.5088208205678855,4,left_fist,03-04,5400
E05_spatial_control,erd_lr,3,51,0,0,0.4767447167691374,4,right_fist,03-04,5401
E05_spatial_control,erd_lr,3,51,0,0,0.25923552928167426,4,left_fist,03-04,5402
E05_spatial_control,erd_lr,3,51,0,1,0.5316645646398269,4,left_fist,03-04,5403
E05_spatial_control,erd_lr,3,51,1,0,0.4658892143935895,5,both_feet,05-06,5404
E05_spatial_control,erd_lr,3,51,1,0,0.27133787727716485,5,both_fists,05-06,5405
E05_spatial_control,erd_lr,3,51,1,1,0.6747693404569808,5,both_feet,05-06,5406
E05_spatial_control,erd_lr,3,51,1,1,0.5002092068348609,5,both_fists,05-06,5407
E05_spatial_control,erd_lr,3,51,1,1,0.5584232141455322,5,both_feet,05-06,5408
E05_spatial_control,erd_lr,3,51,1,1,0.6381154681962179,5,both_fists,05-06,5409
E05_spatial_control,erd_lr,3,51,1,0,0.45891570854553,5,both_fists,05-06,5410
E05_spatial_control,erd_lr,3,51,1,1,0.6555777948035221,5,both_feet,05-06,5411
E05_spatial_control,erd_lr,3,51,1,1,0.6342501153579281,5,both_fists,05-06,5412
E05_spatial_control,erd_lr,3,51,1,1,0.6565160225628685,5,both_feet,05-06,5413
E05_spatial_control,erd_lr,3,51,1,0,0.38526651967180503,5,both_feet,05-06,5414
E05_spatial_control,erd_lr,3,51,1,1,0.5890014142545267,5,both_fists,05-06,5415
E05_spatial_control,erd_lr,3,51,1,1,0.6041620672353112,5,both_fists,05-06,5416
E05_spatial_control,erd_lr,3,51,1,1,0.7513619539224186,5,both_feet,05-06,5417
E05_spatial_control,erd_lr,3,51,1,1,0.631694212480473,5,both_fists,05-06,5418
E05_spatial_control,erd_lr,3,51,0,0,0.43606779820686137,6,both_feet,05-06,5419
E05_spatial_control,erd_lr,3,51,0,0,0.4472506401429061,6,both_fists,05-06,5420
E05_spatial_control,erd_lr,3,51,0,1,0.5040853504719326,6,both_feet,05-06,5421
E05_spatial_control,erd_lr,3,51,0,1,0.6140252924271203,6,both_fists,05-06,5422
E05_spatial_control,erd_lr,3,51,0,0,0.4117989769438269,6,both_fists,05-06,5423
E05_spatial_control,erd_lr,3,51,0,0,0.2466974213739117,6,both_feet,05-06,5424
E05_spatial_control,erd_lr,3,51,0,0,0.47284138750731386,6,both_feet,05-06,5425
E05_spatial_control,erd_lr,3,51,0,0,0.48874368630233994,6,both_fists,05-06,5426
E05_spatial_control,erd_lr,3,51,0,1,0.6698066642595178,6,both_feet,05-06,5427
E05_spatial_control,erd_lr,3,51,0,1,0.5057980448727148,6,both_fists,05-06,5428
E05_spatial_control,erd_lr,3,51,0,0,0.4868306831190324,6,both_fists,05-06,5429
E05_spatial_control,erd_lr,3,51,0,0,0.38770445959259003,6,both_feet,05-06,5430
E05_spatial_control,erd_lr,3,51,0,0,0.3743423333815387,6,both_fists,05-06,5431
E05_spatial_control,erd_lr,3,51,0,1,0.5396372914977391,6,both_feet,05-06,5432
E05_spatial_control,erd_lr,3,51,0,0,0.38126261615714385,6,both_feet,05-06,5433
E05_spatial_control,erd_lr,3,51,1,0,0.3786527954550434,7,right_fist,07-08,5434
E05_spatial_control,erd_lr,3,51,1,0,0.3829203088712143,7,left_fist,07-08,5435
E05_spatial_control,erd_lr,3,51,1,1,0.7627060588215725,7,left_fist,07-08,5436
E05_spatial_control,erd_lr,3,51,1,0,0.49904668642459926,7,right_fist,07-08,5437
E05_spatial_control,erd_lr,3,51,1,0,0.47533254826444415,7,left_fist,07-08,5438
E05_spatial_control,erd_lr,3,51,1,1,0.5077930768605926,7,right_fist,07-08,5439
E05_spatial_control,erd_lr,3,51,1,0,0.390530294778963,7,right_fist,07-08,5440
E05_spatial_control,erd_lr,3,51,1,0,0.43741072967348077,7,left_fist,07-08,5441
E05_spatial_control,erd_lr,3,51,1,1,0.5365961812476044,7,left_fist,07-08,5442
E05_spatial_control,erd_lr,3,51,1,0,0.4594069148189737,7,right_fist,07-08,5443
E05_spatial_control,erd_lr,3,51,1,1,0.5024239706026401,7,right_fist,07-08,5444
E05_spatial_control,erd_lr,3,51,1,0,0.40094742334415145,7,left_fist,07-08,5445
E05_spatial_control,erd_lr,3,51,1,1,0.5072117945228477,7,right_fist,07-08,5446
E05_spatial_control,erd_lr,3,51,1,0,0.29019599766521265,7,left_fist,07-08,5447
E05_spatial_control,erd_lr,3,51,1,1,0.7167310371572699,7,left_fist,07-08,5448
E05_spatial_control,erd_lr,3,51,0,0,0.372937211394378,8,right_fist,07-08,5449
E05_spatial_control,erd_lr,3,51,0,0,0.43560519577146484,8,left_fist,07-08,5450
E05_spatial_control,erd_lr,3,51,0,0,0.4809315287154506,8,right_fist,07-08,5451
E05_spatial_control,erd_lr,3,51,0,1,0.521720483252449,8,left_fist,07-08,5452
E05_spatial_control,erd_lr,3,51,0,0,0.4379412744275011,8,right_fist,07-08,5453
E05_spatial_control,erd_lr,3,51,0,0,0.3532995485973851,8,left_fist,07-08,5454
E05_spatial_control,erd_lr,3,51,0,0,0.35821941700574383,8,left_fist,07-08,5455
E05_spatial_control,erd_lr,3,51,0,0,0.36226878590511746,8,right_fist,07-08,5456
E05_spatial_control,erd_lr,3,51,0,0,0.33840821308401675,8,right_fist,07-08,5457
E05_spatial_control,erd_lr,3,51,0,0,0.45787891207675085,8,left_fist,07-08,5458
E05_spatial_control,erd_lr,3,51,0,1,0.5927407704471277,8,right_fist,07-08,5459
E05_spatial_control,erd_lr,3,51,0,0,0.34636245129317755,8,left_fist,07-08,5460
E05_spatial_control,erd_lr,3,51,0,0,0.22408926969161239,8,right_fist,07-08,5461
E05_spatial_control,erd_lr,3,51,0,0,0.2570319546117595,8,left_fist,07-08,5462
E05_spatial_control,erd_lr,3,51,0,0,0.4557324573177821,8,left_fist,07-08,5463
E05_spatial_control,erd_lr,3,51,1,1,0.6758435890238984,9,both_feet,09-10,5464
E05_spatial_control,erd_lr,3,51,1,0,0.48226225265263434,9,both_fists,09-10,5465
E05_spatial_control,erd_lr,3,51,1,1,0.6852200415468298,9,both_fists,09-10,5466
E05_spatial_control,erd_lr,3,51,1,1,0.6840269993673959,9,both_feet,09-10,5467
E05_spatial_control,erd_lr,3,51,1,1,0.5674233922352913,9,both_feet,09-10,5468
E05_spatial_control,erd_lr,3,51,1,0,0.45195236267311556,9,both_fists,09-10,5469
E05_spatial_control,erd_lr,3,51,1,1,0.5732771374528539,9,both_feet,09-10,5470
E05_spatial_control,erd_lr,3,51,1,0,0.16108160796554385,9,both_fists,09-10,5471
E05_spatial_control,erd_lr,3,51,1,1,0.6718622139303407,9,both_fists,09-10,5472
E05_spatial_control,erd_lr,3,51,1,1,0.6748894388095275,9,both_feet,09-10,5473
E05_spatial_control,erd_lr,3,51,1,1,0.5862072595759176,9,both_fists,09-10,5474
E05_spatial_control,erd_lr,3,51,1,1,0.5338100399549061,9,both_feet,09-10,5475
E05_spatial_control,erd_lr,3,51,1,1,0.618465341963259,9,both_feet,09-10,5476
E05_spatial_control,erd_lr,3,51,1,0,0.31958503156518603,9,both_fists,09-10,5477
E05_spatial_control,erd_lr,3,51,1,1,0.7865467662395755,9,both_feet,09-10,5478
E05_spatial_control,erd_lr,3,51,0,0,0.34259755633564926,10,both_fists,09-10,5479
E05_spatial_control,erd_lr,3,51,0,0,0.37120401878362286,10,both_feet,09-10,5480
E05_spatial_control,erd_lr,3,51,0,0,0.48523045283932603,10,both_feet,09-10,5481
E05_spatial_control,erd_lr,3,51,0,0,0.4216391214136232,10,both_fists,09-10,5482
E05_spatial_control,erd_lr,3,51,0,1,0.6530885477456643,10,both_feet,09-10,5483
E05_spatial_control,erd_lr,3,51,0,0,0.48582508374502614,10,both_fists,09-10,5484
E05_spatial_control,erd_lr,3,51,0,0,0.4576646388801907,10,both_fists,09-10,5485
E05_spatial_control,erd_lr,3,51,0,1,0.5098143928767308,10,both_feet,09-10,5486
E05_spatial_control,erd_lr,3,51,0,1,0.5722321081002437,10,both_fists,09-10,5487
E05_spatial_control,erd_lr,3,51,0,1,0.5967564558677173,10,both_feet,09-10,5488
E05_spatial_control,erd_lr,3,51,0,1,0.6741233839456697,10,both_feet,09-10,5489
E05_spatial_control,erd_lr,3,51,0,0,0.2845402501919439,10,both_fists,09-10,5490
E05_spatial_control,erd_lr,3,51,0,1,0.5008257111536532,10,both_feet,09-10,5491
E05_spatial_control,erd_lr,3,51,0,0,0.45062674225764937,10,both_fists,09-10,5492
E05_spatial_control,erd_lr,3,51,0,0,0.41903845148133756,10,both_feet,09-10,5493
E05_spatial_control,erd_lr,3,51,1,0,0.3386262658462712,11,right_fist,11-12,5494
E05_spatial_control,erd_lr,3,51,1,1,0.5476013371722203,11,left_fist,11-12,5495
E05_spatial_control,erd_lr,3,51,1,1,0.7447263750416447,11,left_fist,11-12,5496
E05_spatial_control,erd_lr,3,51,1,1,0.6690555588892487,11,right_fist,11-12,5497
E05_spatial_control,erd_lr,3,51,1,1,0.5431726918354209,11,left_fist,11-12,5498
E05_spatial_control,erd_lr,3,51,1,0,0.38094801312333876,11,right_fist,11-12,5499
E05_spatial_control,erd_lr,3,51,1,1,0.714922565543357,11,left_fist,11-12,5500
E05_spatial_control,erd_lr,3,51,1,1,0.6046118583734369,11,right_fist,11-12,5501
E05_spatial_control,erd_lr,3,51,1,0,0.4332337380304147,11,right_fist,11-12,5502
E05_spatial_control,erd_lr,3,51,1,0,0.4575897792324027,11,left_fist,11-12,5503
E05_spatial_control,erd_lr,3,51,1,1,0.5009820770617274,11,right_fist,11-12,5504
E05_spatial_control,erd_lr,3,51,1,1,0.5398233754684997,11,left_fist,11-12,5505
E05_spatial_control,erd_lr,3,51,1,0,0.42356397795710543,11,right_fist,11-12,5506
E05_spatial_control,erd_lr,3,51,1,1,0.7299660887806627,11,left_fist,11-12,5507
E05_spatial_control,erd_lr,3,51,1,0,0.485432071392777,11,right_fist,11-12,5508
E05_spatial_control,erd_lr,3,51,0,1,0.582136086437884,12,right_fist,11-12,5509
E05_spatial_control,erd_lr,3,51,0,0,0.37829911001757177,12,left_fist,11-12,5510
E05_spatial_control,erd_lr,3,51,0,1,0.617189275945809,12,right_fist,11-12,5511
E05_spatial_control,erd_lr,3,51,0,0,0.44837007152434927,12,left_fist,11-12,5512
E05_spatial_control,erd_lr,3,51,0,0,0.3929613118155096,12,left_fist,11-12,5513
E05_spatial_control,erd_lr,3,51,0,0,0.4520518637625832,12,right_fist,11-12,5514
E05_spatial_control,erd_lr,3,51,0,1,0.6045210125596288,12,left_fist,11-12,5515
E05_spatial_control,erd_lr,3,51,0,1,0.5117294596446922,12,right_fist,11-12,5516
E05_spatial_control,erd_lr,3,51,0,0,0.3512139948536406,12,right_fist,11-12,5517
E05_spatial_control,erd_lr,3,51,0,1,0.7310828971431652,12,left_fist,11-12,5518
E05_spatial_control,erd_lr,3,51,0,0,0.4097053086577179,12,left_fist,11-12,5519
E05_spatial_control,erd_lr,3,51,0,0,0.4652395099311996,12,right_fist,11-12,5520
E05_spatial_control,erd_lr,3,51,0,0,0.4494066164115473,12,right_fist,11-12,5521
E05_spatial_control,erd_lr,3,51,0,1,0.8934301931929837,12,left_fist,11-12,5522
E05_spatial_control,erd_lr,3,51,0,1,0.5556697428196268,12,left_fist,11-12,5523
E05_spatial_control,erd_lr,3,51,1,0,0.4619981450793471,13,both_fists,13-14,5524
E05_spatial_control,erd_lr,3,51,1,1,0.6255922477095531,13,both_feet,13-14,5525
E05_spatial_control,erd_lr,3,51,1,0,0.49804435107505096,13,both_fists,13-14,5526
E05_spatial_control,erd_lr,3,51,1,0,0.45002985317115546,13,both_feet,13-14,5527
E05_spatial_control,erd_lr,3,51,1,1,0.5340649780503255,13,both_feet,13-14,5528
E05_spatial_control,erd_lr,3,51,1,1,0.6482337534812174,13,both_fists,13-14,5529
E05_spatial_control,erd_lr,3,51,1,1,0.5687625188225653,13,both_feet,13-14,5530
E05_spatial_control,erd_lr,3,51,1,1,0.5561298509349999,13,both_fists,13-14,5531
E05_spatial_control,erd_lr,3,51,1,1,0.6096237049982809,13,both_feet,13-14,5532
E05_spatial_control,erd_lr,3,51,1,0,0.45992425809100007,13,both_fists,13-14,5533
E05_spatial_control,erd_lr,3,51,1,0,0.46004534599273417,13,both_feet,13-14,5534
E05_spatial_control,erd_lr,3,51,1,0,0.433521934738877,13,both_fists,13-14,5535
E05_spatial_control,erd_lr,3,51,1,1,0.5602959274126272,13,both_fists,13-14,5536
E05_spatial_control,erd_lr,3,51,1,1,0.7656862145104287,13,both_feet,13-14,5537
E05_spatial_control,erd_lr,3,51,1,1,0.616995438818129,13,both_feet,13-14,5538
E05_spatial_control,erd_lr,3,51,0,0,0.29051981024569373,14,both_fists,13-14,5539
E05_spatial_control,erd_lr,3,51,0,0,0.41897003567779184,14,both_feet,13-14,5540
E05_spatial_control,erd_lr,3,51,0,0,0.4781083897860777,14,both_fists,13-14,5541
E05_spatial_control,erd_lr,3,51,0,0,0.43035010310400557,14,both_feet,13-14,5542
E05_spatial_control,erd_lr,3,51,0,0,0.30694657939383596,14,both_fists,13-14,5543
E05_spatial_control,erd_lr,3,51,0,0,0.3984055665413458,14,both_feet,13-14,5544
E05_spatial_control,erd_lr,3,51,0,0,0.3178105255251164,14,both_fists,13-14,5545
E05_spatial_control,erd_lr,3,51,0,1,0.7052676567461241,14,both_feet,13-14,5546
E05_spatial_control,erd_lr,3,51,0,0,0.39835200116559555,14,both_feet,13-14,5547
E05_spatial_control,erd_lr,3,51,0,1,0.5451365735506905,14,both_fists,13-14,5548
E05_spatial_control,erd_lr,3,51,0,1,0.633381244020116,14,both_feet,13-14,5549
E05_spatial_control,erd_lr,3,51,0,1,0.5455979483994797,14,both_fists,13-14,5550
E05_spatial_control,erd_lr,3,51,0,0,0.49254399128906,14,both_fists,13-14,5551
E05_spatial_control,erd_lr,3,51,0,1,0.5116783391811636,14,both_feet,13-14,5552
E05_spatial_control,erd_lr,3,51,0,1,0.522592031173356,14,both_feet,13-14,5553
E05_spatial_control,erd_lr,3,52,1,1,0.7077960547763559,3,left_fist,03-04,5554
E05_spatial_control,erd_lr,3,52,1,1,0.5800789007315085,3,right_fist,03-04,5555
E05_spatial_control,erd_lr,3,52,1,1,0.6726943928616737,3,right_fist,03-04,5556
E05_spatial_control,erd_lr,3,52,1,1,0.5375164710454581,3,left_fist,03-04,5557
E05_spatial_control,erd_lr,3,52,1,0,0.39662297781379724,3,right_fist,03-04,5558
E05_spatial_control,erd_lr,3,52,1,1,0.6075323044303954,3,left_fist,03-04,5559
E05_spatial_control,erd_lr,3,52,0,0,0.4046517387058978,4,left_fist,03-04,5560
E05_spatial_control,erd_lr,3,52,0,1,0.5572526348221519,4,right_fist,03-04,5561
E05_spatial_control,erd_lr,3,52,0,1,0.6015780060785983,4,left_fist,03-04,5562
E05_spatial_control,erd_lr,3,52,0,1,0.5235352674206524,4,left_fist,03-04,5563
E05_spatial_control,erd_lr,3,52,0,1,0.530453542770721,4,left_fist,03-04,5564
E05_spatial_control,erd_lr,3,52,1,0,0.4135265332577812,5,both_fists,05-06,5565
E05_spatial_control,erd_lr,3,52,1,0,0.33940766264308236,5,both_feet,05-06,5566
E05_spatial_control,erd_lr,3,52,1,0,0.4781519196745277,5,both_feet,05-06,5567
E05_spatial_control,erd_lr,3,52,1,1,0.5807804125877822,5,both_fists,05-06,5568
E05_spatial_control,erd_lr,3,52,1,0,0.4546016524694492,5,both_feet,05-06,5569
E05_spatial_control,erd_lr,3,52,1,1,0.5232319008011274,5,both_fists,05-06,5570
E05_spatial_control,erd_lr,3,52,1,1,0.5683097892832248,5,both_feet,05-06,5571
E05_spatial_control,erd_lr,3,52,1,1,0.6009362586713954,5,both_fists,05-06,5572
E05_spatial_control,erd_lr,3,52,1,1,0.5317022748045455,5,both_feet,05-06,5573
E05_spatial_control,erd_lr,3,52,1,0,0.33219504685396123,5,both_fists,05-06,5574
E05_spatial_control,erd_lr,3,52,1,0,0.49215765816673307,5,both_feet,05-06,5575
E05_spatial_control,erd_lr,3,52,0,0,0.42193765926568266,6,both_fists,05-06,5576
E05_spatial_control,erd_lr,3,52,0,1,0.5957768926477234,6,both_fists,05-06,5577
E05_spatial_control,erd_lr,3,52,0,0,0.43809348282322635,6,both_fists,05-06,5578
E05_spatial_control,erd_lr,3,52,0,1,0.5391701322549467,6,both_feet,05-06,5579
E05_spatial_control,erd_lr,3,52,0,0,0.42934395825191596,6,both_feet,05-06,5580
E05_spatial_control,erd_lr,3,52,1,0,0.4745197628838024,7,left_fist,07-08,5581
E05_spatial_control,erd_lr,3,52,1,1,0.6304365612597334,7,right_fist,07-08,5582
E05_spatial_control,erd_lr,3,52,1,1,0.5206047229291002,7,right_fist,07-08,5583
E05_spatial_control,erd_lr,3,52,1,1,0.6407257273002078,7,left_fist,07-08,5584
E05_spatial_control,erd_lr,3,52,1,1,0.6643898218132611,7,left_fist,07-08,5585
E05_spatial_control,erd_lr,3,52,1,1,0.6952476471315467,7,right_fist,07-08,5586
E05_spatial_control,erd_lr,3,52,1,1,0.6975480314942836,7,right_fist,07-08,5587
E05_spatial_control,erd_lr,3,52,1,1,0.6545768127214208,7,left_fist,07-08,5588
E05_spatial_control,erd_lr,3,52,0,0,0.41813956138550123,8,right_fist,07-08,5589
E05_spatial_control,erd_lr,3,52,0,0,0.36914006414894446,8,left_fist,07-08,5590
E05_spatial_control,erd_lr,3,52,0,0,0.44020329419244025,8,left_fist,07-08,5591
E05_spatial_control,erd_lr,3,52,1,0,0.4753638013393177,9,both_feet,09-10,5592
E05_spatial_control,erd_lr,3,52,1,1,0.6345201865851167,9,both_fists,09-10,5593
E05_spatial_control,erd_lr,3,52,1,1,0.5583335440895445,9,both_feet,09-10,5594
E05_spatial_control,erd_lr,3,52,1,1,0.5383884581886074,9,both_feet,09-10,5595
E05_spatial_control,erd_lr,3,52,1,1,0.5267773319923007,9,both_feet,09-10,5596
E05_spatial_control,erd_lr,3,52,1,0,0.44894088390286324,9,both_fists,09-10,5597
E05_spatial_control,erd_lr,3,52,0,1,0.5257157165544456,10,both_feet,09-10,5598
E05_spatial_control,erd_lr,3,52,0,0,0.3738683828158296,10,both_fists,09-10,5599
E05_spatial_control,erd_lr,3,52,0,0,0.49010316472666954,10,both_fists,09-10,5600
E05_spatial_control,erd_lr,3,52,0,0,0.4590511569708507,10,both_fists,09-10,5601
E05_spatial_control,erd_lr,3,52,0,1,0.5816383957279649,10,both_feet,09-10,5602
E05_spatial_control,erd_lr,3,52,0,0,0.406138609013027,10,both_feet,09-10,5603
E05_spatial_control,erd_lr,3,52,1,1,0.5173307356327567,11,left_fist,11-12,5604
E05_spatial_control,erd_lr,3,52,1,0,0.49142563846309123,11,right_fist,11-12,5605
E05_spatial_control,erd_lr,3,52,1,0,0.40832252138302455,11,left_fist,11-12,5606
E05_spatial_control,erd_lr,3,52,1,1,0.6191828778145836,11,right_fist,11-12,5607
E05_spatial_control,erd_lr,3,52,0,0,0.42131435601973455,12,left_fist,11-12,5608
E05_spatial_control,erd_lr,3,52,0,0,0.45957384223586484,12,left_fist,11-12,5609
E05_spatial_control,erd_lr,3,52,0,0,0.45237131548820764,12,left_fist,11-12,5610
E05_spatial_control,erd_lr,3,52,0,0,0.4119687860693379,12,right_fist,11-12,5611
E05_spatial_control,erd_lr,3,52,1,1,0.5754069451790543,13,both_feet,13-14,5612
E05_spatial_control,erd_lr,3,52,1,0,0.3739923185071392,13,both_fists,13-14,5613
E05_spatial_control,erd_lr,3,52,0,1,0.5020158566228332,14,both_fists,13-14,5614
E05_spatial_control,erd_lr,3,52,0,0,0.46299427897418893,14,both_feet,13-14,5615
E05_spatial_control,erd_lr,3,52,0,1,0.545483586532283,14,both_feet,13-14,5616
E05_spatial_control,erd_lr,3,52,0,0,0.48157045703012363,14,both_fists,13-14,5617
E05_spatial_control,erd_lr,3,52,0,0,0.28936680856603847,14,both_feet,13-14,5618
E05_spatial_control,erd_lr,3,52,0,1,0.5432718655862236,14,both_fists,13-14,5619
E05_spatial_control,erd_lr,3,52,0,0,0.4154836315333854,14,both_fists,13-14,5620
E05_spatial_control,erd_lr,3,54,1,1,0.5253404951934896,3,left_fist,03-04,5621
E05_spatial_control,erd_lr,3,54,1,1,0.542645135148916,3,right_fist,03-04,5622
E05_spatial_control,erd_lr,3,54,1,0,0.48755797454089284,3,right_fist,03-04,5623
E05_spatial_control,erd_lr,3,54,0,0,0.41922447906523325,4,right_fist,03-04,5624
E05_spatial_control,erd_lr,3,54,0,1,0.5235586988916612,4,left_fist,03-04,5625
E05_spatial_control,erd_lr,3,54,0,0,0.48732480069086626,4,right_fist,03-04,5626
E05_spatial_control,erd_lr,3,54,0,0,0.430157317330889,4,right_fist,03-04,5627
E05_spatial_control,erd_lr,3,54,0,0,0.45507083397911074,4,right_fist,03-04,5628
E05_spatial_control,erd_lr,3,54,0,0,0.437350110963487,4,right_fist,03-04,5629
E05_spatial_control,erd_lr,3,54,0,1,0.5398695657545548,4,left_fist,03-04,5630
E05_spatial_control,erd_lr,3,54,0,0,0.4963737088889987,4,right_fist,03-04,5631
E05_spatial_control,erd_lr,3,54,0,0,0.4929482571751759,4,left_fist,03-04,5632
E05_spatial_control,erd_lr,3,54,0,1,0.5992647865516627,4,left_fist,03-04,5633
E05_spatial_control,erd_lr,3,54,0,1,0.595885099381683,4,right_fist,03-04,5634
E05_spatial_control,erd_lr,3,54,0,1,0.5525848944878645,4,left_fist,03-04,5635
E05_spatial_control,erd_lr,3,54,1,1,0.6350645372827475,5,both_fists,05-06,5636
E05_spatial_control,erd_lr,3,54,1,0,0.3722360418036172,5,both_feet,05-06,5637
E05_spatial_control,erd_lr,3,54,1,1,0.5779298976179145,5,both_fists,05-06,5638
E05_spatial_control,erd_lr,3,54,1,1,0.6358321854042064,5,both_feet,05-06,5639
E05_spatial_control,erd_lr,3,54,1,0,0.49060351860638085,5,both_feet,05-06,5640
E05_spatial_control,erd_lr,3,54,1,0,0.45551611561692057,5,both_fists,05-06,5641
E05_spatial_control,erd_lr,3,54,1,0,0.4249525509576496,5,both_feet,05-06,5642
E05_spatial_control,erd_lr,3,54,1,0,0.3184211215454563,5,both_fists,05-06,5643
E05_spatial_control,erd_lr,3,54,1,1,0.7350245461090223,5,both_fists,05-06,5644
E05_spatial_control,erd_lr,3,54,1,1,0.5635428168139189,5,both_feet,05-06,5645
E05_spatial_control,erd_lr,3,54,1,0,0.469087105412783,5,both_feet,05-06,5646
E05_spatial_control,erd_lr,3,54,0,1,0.5524769189456065,6,both_feet,05-06,5647
E05_spatial_control,erd_lr,3,54,0,0,0.4612616720740634,6,both_fists,05-06,5648
E05_spatial_control,erd_lr,3,54,0,0,0.40234161902295495,6,both_fists,05-06,5649
E05_spatial_control,erd_lr,3,54,0,0,0.4164106551767787,6,both_feet,05-06,5650
E05_spatial_control,erd_lr,3,54,0,0,0.4880296011668852,6,both_feet,05-06,5651
E05_spatial_control,erd_lr,3,54,0,0,0.47399383945819823,6,both_fists,05-06,5652
E05_spatial_control,erd_lr,3,54,0,1,0.5674686831250643,6,both_fists,05-06,5653
E05_spatial_control,erd_lr,3,54,0,0,0.4232084787123244,6,both_feet,05-06,5654
E05_spatial_control,erd_lr,3,54,0,0,0.45327836591292353,6,both_fists,05-06,5655
E05_spatial_control,erd_lr,3,54,0,1,0.6427777982681621,6,both_feet,05-06,5656
E05_spatial_control,erd_lr,3,54,0,0,0.4809395391558099,6,both_feet,05-06,5657
E05_spatial_control,erd_lr,3,54,1,0,0.4457657915634919,7,right_fist,07-08,5658
E05_spatial_control,erd_lr,3,54,1,1,0.6044731601349936,7,left_fist,07-08,5659
E05_spatial_control,erd_lr,3,54,1,1,0.6355127940134044,7,left_fist,07-08,5660
E05_spatial_control,erd_lr,3,54,1,1,0.5101997023158388,7,right_fist,07-08,5661
E05_spatial_control,erd_lr,3,54,1,1,0.5983740116942351,7,left_fist,07-08,5662
E05_spatial_control,erd_lr,3,54,1,0,0.43923609542392605,7,right_fist,07-08,5663
E05_spatial_control,erd_lr,3,54,1,1,0.5482323660331687,7,left_fist,07-08,5664
E05_spatial_control,erd_lr,3,54,1,0,0.46042722133270414,7,right_fist,07-08,5665
E05_spatial_control,erd_lr,3,54,0,1,0.5849016552315309,8,left_fist,07-08,5666
E05_spatial_control,erd_lr,3,54,0,1,0.5938471714694216,8,right_fist,07-08,5667
E05_spatial_control,erd_lr,3,54,0,0,0.43213869484680095,8,right_fist,07-08,5668
E05_spatial_control,erd_lr,3,54,0,1,0.643880106158814,8,right_fist,07-08,5669
E05_spatial_control,erd_lr,3,54,0,1,0.5426326629011952,8,right_fist,07-08,5670
E05_spatial_control,erd_lr,3,54,0,0,0.3956323634251572,8,left_fist,07-08,5671
E05_spatial_control,erd_lr,3,54,0,0,0.4507788551160507,8,left_fist,07-08,5672
E05_spatial_control,erd_lr,3,54,1,1,0.5945916197341575,9,both_feet,09-10,5673
E05_spatial_control,erd_lr,3,54,1,1,0.5867592177718927,9,both_fists,09-10,5674
E05_spatial_control,erd_lr,3,54,1,1,0.666927034339458,9,both_fists,09-10,5675
E05_spatial_control,erd_lr,3,54,1,1,0.6779071665563502,9,both_fists,09-10,5676
E05_spatial_control,erd_lr,3,54,1,0,0.4860966730773644,9,both_feet,09-10,5677
E05_spatial_control,erd_lr,3,54,1,1,0.6179342907974688,9,both_feet,09-10,5678
E05_spatial_control,erd_lr,3,54,0,1,0.5060574651011903,10,both_feet,09-10,5679
E05_spatial_control,erd_lr,3,54,0,0,0.40048610441504834,10,both_fists,09-10,5680
E05_spatial_control,erd_lr,3,54,0,0,0.46078719274340474,10,both_feet,09-10,5681
E05_spatial_control,erd_lr,3,54,0,0,0.43196608625502875,10,both_fists,09-10,5682
E05_spatial_control,erd_lr,3,54,0,0,0.4723501271436145,10,both_feet,09-10,5683
E05_spatial_control,erd_lr,3,54,0,0,0.4032214404996492,10,both_feet,09-10,5684
E05_spatial_control,erd_lr,3,54,0,0,0.360206984634713,10,both_fists,09-10,5685
E05_spatial_control,erd_lr,3,54,0,1,0.5433915471001535,10,both_feet,09-10,5686
E05_spatial_control,erd_lr,3,54,1,1,0.5603302132989331,11,right_fist,11-12,5687
E05_spatial_control,erd_lr,3,54,1,0,0.39083444475855517,11,left_fist,11-12,5688
E05_spatial_control,erd_lr,3,54,1,1,0.5701540901797303,11,left_fist,11-12,5689
E05_spatial_control,erd_lr,3,54,1,1,0.6507257267746549,11,left_fist,11-12,5690
E05_spatial_control,erd_lr,3,54,1,0,0.40164803915296615,11,right_fist,11-12,5691
E05_spatial_control,erd_lr,3,54,0,1,0.5365296011546397,12,left_fist,11-12,5692
E05_spatial_control,erd_lr,3,54,0,0,0.38498220110311365,12,left_fist,11-12,5693
E05_spatial_control,erd_lr,3,54,0,0,0.3959760552262543,12,right_fist,11-12,5694
E05_spatial_control,erd_lr,3,54,0,0,0.49880946849637436,12,left_fist,11-12,5695
E05_spatial_control,erd_lr,3,54,0,0,0.3937399829321454,12,left_fist,11-12,5696
E05_spatial_control,erd_lr,3,54,0,1,0.5725146686667959,12,left_fist,11-12,5697
E05_spatial_control,erd_lr,3,54,1,1,0.5226811119660411,13,both_fists,13-14,5698
E05_spatial_control,erd_lr,3,54,1,0,0.472668546609756,13,both_feet,13-14,5699
E05_spatial_control,erd_lr,3,54,1,0,0.4426631901666057,13,both_fists,13-14,5700
E05_spatial_control,erd_lr,3,54,1,1,0.5959445045749381,13,both_feet,13-14,5701
E05_spatial_control,erd_lr,3,54,1,0,0.4528519121526197,13,both_feet,13-14,5702
E05_spatial_control,erd_lr,3,54,1,0,0.4414440251578795,13,both_feet,13-14,5703
E05_spatial_control,erd_lr,3,54,1,0,0.29829280012785414,13,both_feet,13-14,5704
E05_spatial_control,erd_lr,3,54,0,1,0.5138079801903551,14,both_fists,13-14,5705
E05_spatial_control,erd_lr,3,54,0,0,0.42803237622600393,14,both_feet,13-14,5706
E05_spatial_control,erd_lr,3,54,0,0,0.476200909760758,14,both_feet,13-14,5707
E05_spatial_control,erd_lr,3,54,0,0,0.46727414721049576,14,both_fists,13-14,5708
E05_spatial_control,erd_lr,3,54,0,0,0.37781318077831855,14,both_feet,13-14,5709
E05_spatial_control,erd_lr,3,54,0,1,0.5350981190769898,14,both_fists,13-14,5710
E05_spatial_control,erd_lr,3,54,0,1,0.5603034871631611,14,both_feet,13-14,5711
E05_spatial_control,erd_lr,3,54,0,0,0.3380784957127927,14,both_fists,13-14,5712
E05_spatial_control,erd_lr,3,54,0,0,0.3190952724365775,14,both_feet,13-14,5713
E05_spatial_control,erd_lr,3,54,0,0,0.397938650478924,14,both_fists,13-14,5714
E05_spatial_control,erd_lr,3,59,1,0,0.3300654276956849,3,right_fist,03-04,5983
E05_spatial_control,erd_lr,3,59,1,1,0.5065172304929237,3,left_fist,03-04,5984
E05_spatial_control,erd_lr,3,59,1,0,0.45873857400680834,3,left_fist,03-04,5985
E05_spatial_control,erd_lr,3,59,1,0,0.4523026996657081,3,right_fist,03-04,5986
E05_spatial_control,erd_lr,3,59,1,1,0.7242019102464448,3,right_fist,03-04,5987
E05_spatial_control,erd_lr,3,59,1,1,0.5874511816537764,3,right_fist,03-04,5988
E05_spatial_control,erd_lr,3,59,1,0,0.3919502139174512,3,right_fist,03-04,5989
E05_spatial_control,erd_lr,3,59,1,0,0.4453589294346329,3,left_fist,03-04,5990
E05_spatial_control,erd_lr,3,59,1,0,0.39521372395771615,3,left_fist,03-04,5991
E05_spatial_control,erd_lr,3,59,1,1,0.7188814907137966,3,right_fist,03-04,5992
E05_spatial_control,erd_lr,3,59,0,0,0.47948130521130733,4,left_fist,03-04,5993
E05_spatial_control,erd_lr,3,59,0,1,0.5118698642973104,4,right_fist,03-04,5994
E05_spatial_control,erd_lr,3,59,0,0,0.4070849321317149,4,left_fist,03-04,5995
E05_spatial_control,erd_lr,3,59,0,0,0.3441808494734352,4,right_fist,03-04,5996
E05_spatial_control,erd_lr,3,59,0,0,0.39012105762141874,4,right_fist,03-04,5997
E05_spatial_control,erd_lr,3,59,0,1,0.6958220256652929,4,left_fist,03-04,5998
E05_spatial_control,erd_lr,3,59,0,0,0.46668829520869204,4,right_fist,03-04,5999
E05_spatial_control,erd_lr,3,59,0,1,0.6236880599901993,4,right_fist,03-04,6000
E05_spatial_control,erd_lr,3,59,0,0,0.40546727180207726,4,left_fist,03-04,6001
E05_spatial_control,erd_lr,3,59,0,0,0.37550423762515245,4,left_fist,03-04,6002
E05_spatial_control,erd_lr,3,59,0,1,0.5453349848971879,4,right_fist,03-04,6003
E05_spatial_control,erd_lr,3,59,0,0,0.4722010902042009,4,right_fist,03-04,6004
E05_spatial_control,erd_lr,3,59,0,0,0.41906244147152427,4,left_fist,03-04,6005
E05_spatial_control,erd_lr,3,59,0,1,0.5274879026266158,4,left_fist,03-04,6006
E05_spatial_control,erd_lr,3,59,1,0,0.39865077360322176,5,both_fists,05-06,6007
E05_spatial_control,erd_lr,3,59,1,0,0.35406511805772695,5,both_feet,05-06,6008
E05_spatial_control,erd_lr,3,59,1,0,0.4428605724242734,5,both_feet,05-06,6009
E05_spatial_control,erd_lr,3,59,1,1,0.565814689947804,5,both_fists,05-06,6010
E05_spatial_control,erd_lr,3,59,1,1,0.5741099899785695,5,both_feet,05-06,6011
E05_spatial_control,erd_lr,3,59,1,1,0.550029555605359,5,both_feet,05-06,6012
E05_spatial_control,erd_lr,3,59,1,1,0.6083474200262406,5,both_fists,05-06,6013
E05_spatial_control,erd_lr,3,59,1,0,0.37833461038925126,5,both_feet,05-06,6014
E05_spatial_control,erd_lr,3,59,1,0,0.4687911312171258,5,both_feet,05-06,6015
E05_spatial_control,erd_lr,3,59,0,0,0.4380771756023805,6,both_fists,05-06,6016
E05_spatial_control,erd_lr,3,59,0,0,0.4758142058824573,6,both_feet,05-06,6017
E05_spatial_control,erd_lr,3,59,0,1,0.6013086720284762,6,both_fists,05-06,6018
E05_spatial_control,erd_lr,3,59,0,0,0.4921841587834101,6,both_feet,05-06,6019
E05_spatial_control,erd_lr,3,59,0,0,0.43190992117450727,6,both_fists,05-06,6020
E05_spatial_control,erd_lr,3,59,0,1,0.5727211285422164,6,both_feet,05-06,6021
E05_spatial_control,erd_lr,3,59,0,0,0.4048122517813787,6,both_fists,05-06,6022
E05_spatial_control,erd_lr,3,59,0,1,0.563092243951241,6,both_feet,05-06,6023
E05_spatial_control,erd_lr,3,59,0,1,0.5497198144123592,6,both_feet,05-06,6024
E05_spatial_control,erd_lr,3,59,0,1,0.5969264996233298,6,both_feet,05-06,6025
E05_spatial_control,erd_lr,3,59,0,0,0.4514472208239517,6,both_fists,05-06,6026
E05_spatial_control,erd_lr,3,59,0,1,0.5580954430861632,6,both_feet,05-06,6027
E05_spatial_control,erd_lr,3,59,0,0,0.27647833533837035,6,both_fists,05-06,6028
E05_spatial_control,erd_lr,3,59,1,1,0.5515071038266989,7,right_fist,07-08,6029
E05_spatial_control,erd_lr,3,59,1,0,0.3961784515853953,7,left_fist,07-08,6030
E05_spatial_control,erd_lr,3,59,1,1,0.5161810373235136,7,left_fist,07-08,6031
E05_spatial_control,erd_lr,3,59,1,1,0.5444604949024131,7,right_fist,07-08,6032
E05_spatial_control,erd_lr,3,59,1,0,0.466804577663809,7,right_fist,07-08,6033
E05_spatial_control,erd_lr,3,59,1,0,0.43548643068702303,7,left_fist,07-08,6034
E05_spatial_control,erd_lr,3,59,1,1,0.6215114484026039,7,right_fist,07-08,6035
E05_spatial_control,erd_lr,3,59,1,1,0.5357094897871258,7,left_fist,07-08,6036
E05_spatial_control,erd_lr,3,59,1,0,0.37373201795041056,7,right_fist,07-08,6037
E05_spatial_control,erd_lr,3,59,1,1,0.5016769692345507,7,left_fist,07-08,6038
E05_spatial_control,erd_lr,3,59,1,1,0.6131879787446962,7,right_fist,07-08,6039
E05_spatial_control,erd_lr,3,59,1,0,0.3657573362767069,7,left_fist,07-08,6040
E05_spatial_control,erd_lr,3,59,1,0,0.3536771428698172,7,right_fist,07-08,6041
E05_spatial_control,erd_lr,3,59,1,0,0.4219137988635124,7,right_fist,07-08,6042
E05_spatial_control,erd_lr,3,59,0,1,0.5480493886762738,8,left_fist,07-08,6043
E05_spatial_control,erd_lr,3,59,0,1,0.552199671271764,8,right_fist,07-08,6044
E05_spatial_control,erd_lr,3,59,0,0,0.4610638852286911,8,left_fist,07-08,6045
E05_spatial_control,erd_lr,3,59,0,0,0.420317682309052,8,left_fist,07-08,6046
E05_spatial_control,erd_lr,3,59,0,1,0.5091755091445178,8,right_fist,07-08,6047
E05_spatial_control,erd_lr,3,59,0,0,0.43590842863698637,8,left_fist,07-08,6048
E05_spatial_control,erd_lr,3,59,0,0,0.48320452646274115,8,right_fist,07-08,6049
E05_spatial_control,erd_lr,3,59,0,0,0.28786019318229517,8,left_fist,07-08,6050
E05_spatial_control,erd_lr,3,59,0,0,0.4231989103788561,8,right_fist,07-08,6051
E05_spatial_control,erd_lr,3,59,0,0,0.42695892985404554,8,left_fist,07-08,6052
E05_spatial_control,erd_lr,3,59,0,0,0.3840666124312535,8,right_fist,07-08,6053
E05_spatial_control,erd_lr,3,59,0,1,0.5708252860203394,8,left_fist,07-08,6054
E05_spatial_control,erd_lr,3,59,0,0,0.17559264223838858,8,right_fist,07-08,6055
E05_spatial_control,erd_lr,3,59,0,1,0.5015211862075741,8,left_fist,07-08,6056
E05_spatial_control,erd_lr,3,59,1,1,0.5668381936608641,9,both_feet,09-10,6057
E05_spatial_control,erd_lr,3,59,1,1,0.5350416074826659,9,both_fists,09-10,6058
E05_spatial_control,erd_lr,3,59,1,0,0.3532481544359998,9,both_fists,09-10,6059
E05_spatial_control,erd_lr,3,59,1,0,0.4599672211268766,9,both_feet,09-10,6060
E05_spatial_control,erd_lr,3,59,1,1,0.5015326987922804,9,both_fists,09-10,6061
E05_spatial_control,erd_lr,3,59,1,0,0.4638528323434802,9,both_feet,09-10,6062
E05_spatial_control,erd_lr,3,59,1,0,0.4508133794706797,9,both_feet,09-10,6063
E05_spatial_control,erd_lr,3,59,1,1,0.5955315364982391,9,both_fists,09-10,6064
E05_spatial_control,erd_lr,3,59,1,0,0.38465396803955665,9,both_fists,09-10,6065
E05_spatial_control,erd_lr,3,59,1,0,0.4593597382808775,9,both_feet,09-10,6066
E05_spatial_control,erd_lr,3,59,1,1,0.5658007362588396,9,both_feet,09-10,6067
E05_spatial_control,erd_lr,3,59,1,0,0.4950594208789624,9,both_fists,09-10,6068
E05_spatial_control,erd_lr,3,59,1,0,0.39472782930150363,9,both_feet,09-10,6069
E05_spatial_control,erd_lr,3,59,0,1,0.5416926290715887,10,both_feet,09-10,6070
E05_spatial_control,erd_lr,3,59,0,0,0.4633288869869855,10,both_fists,09-10,6071
E05_spatial_control,erd_lr,3,59,0,0,0.4596945144389021,10,both_fists,09-10,6072
E05_spatial_control,erd_lr,3,59,0,0,0.3706024617306872,10,both_feet,09-10,6073
E05_spatial_control,erd_lr,3,59,0,0,0.3620348833254294,10,both_fists,09-10,6074
E05_spatial_control,erd_lr,3,59,0,0,0.39214190207445515,10,both_feet,09-10,6075
E05_spatial_control,erd_lr,3,59,0,0,0.4272059474335454,10,both_fists,09-10,6076
E05_spatial_control,erd_lr,3,59,0,1,0.6566350553984575,10,both_feet,09-10,6077
E05_spatial_control,erd_lr,3,59,0,0,0.2591860672814798,10,both_fists,09-10,6078
E05_spatial_control,erd_lr,3,59,0,1,0.5031323712548221,10,both_feet,09-10,6079
E05_spatial_control,erd_lr,3,59,0,0,0.4554697964805114,10,both_fists,09-10,6080
E05_spatial_control,erd_lr,3,59,0,0,0.33903012979142977,10,both_feet,09-10,6081
E05_spatial_control,erd_lr,3,59,0,0,0.42263958367085513,10,both_feet,09-10,6082
E05_spatial_control,erd_lr,3,59,1,1,0.5281601142639735,11,left_fist,11-12,6083
E05_spatial_control,erd_lr,3,59,1,1,0.5771095683417593,11,right_fist,11-12,6084
E05_spatial_control,erd_lr,3,59,1,0,0.37805188793984534,11,left_fist,11-12,6085
E05_spatial_control,erd_lr,3,59,1,0,0.42646036805367243,11,right_fist,11-12,6086
E05_spatial_control,erd_lr,3,59,1,0,0.45154783315678776,11,right_fist,11-12,6087
E05_spatial_control,erd_lr,3,59,1,1,0.5462136962273537,11,left_fist,11-12,6088
E05_spatial_control,erd_lr,3,59,1,1,0.516538814760727,11,right_fist,11-12,6089
E05_spatial_control,erd_lr,3,59,1,1,0.642286193918901,11,right_fist,11-12,6090
E05_spatial_control,erd_lr,3,59,1,1,0.684264920814744,11,left_fist,11-12,6091
E05_spatial_control,erd_lr,3,59,1,1,0.5664865541662057,11,right_fist,11-12,6092
E05_spatial_control,erd_lr,3,59,1,1,0.6774985585867751,11,right_fist,11-12,6093
E05_spatial_control,erd_lr,3,59,1,1,0.5362585245304553,11,left_fist,11-12,6094
E05_spatial_control,erd_lr,3,59,1,0,0.30535459670420095,11,right_fist,11-12,6095
E05_spatial_control,erd_lr,3,59,0,0,0.28223709675199,12,right_fist,11-12,6096
E05_spatial_control,erd_lr,3,59,0,1,0.502108113278368,12,right_fist,11-12,6097
E05_spatial_control,erd_lr,3,59,0,0,0.48492314320223245,12,left_fist,11-12,6098
E05_spatial_control,erd_lr,3,59,0,0,0.48487601756475535,12,right_fist,11-12,6099
E05_spatial_control,erd_lr,3,59,0,0,0.4810396586724872,12,left_fist,11-12,6100
E05_spatial_control,erd_lr,3,59,0,1,0.7771076002963024,12,right_fist,11-12,6101
E05_spatial_control,erd_lr,3,59,0,0,0.3497790337401696,12,left_fist,11-12,6102
E05_spatial_control,erd_lr,3,59,0,1,0.6954977742234346,12,right_fist,11-12,6103
E05_spatial_control,erd_lr,3,59,0,0,0.3217644127295407,12,left_fist,11-12,6104
E05_spatial_control,erd_lr,3,59,1,1,0.5089938304050349,13,both_feet,13-14,6105
E05_spatial_control,erd_lr,3,59,1,0,0.4485655016816022,13,both_feet,13-14,6106
E05_spatial_control,erd_lr,3,59,1,1,0.6411649065796318,13,both_fists,13-14,6107
E05_spatial_control,erd_lr,3,59,1,1,0.558871594922032,13,both_feet,13-14,6108
E05_spatial_control,erd_lr,3,59,1,1,0.622083276995589,13,both_fists,13-14,6109
E05_spatial_control,erd_lr,3,59,1,1,0.5096199922273577,13,both_feet,13-14,6110
E05_spatial_control,erd_lr,3,59,1,1,0.5360844894254222,13,both_fists,13-14,6111
E05_spatial_control,erd_lr,3,59,1,1,0.5083233179135469,13,both_feet,13-14,6112
E05_spatial_control,erd_lr,3,59,1,0,0.48892092348985994,13,both_fists,13-14,6113
E05_spatial_control,erd_lr,3,59,1,0,0.49645975191426095,13,both_feet,13-14,6114
E05_spatial_control,erd_lr,3,59,1,1,0.6110997488419396,13,both_fists,13-14,6115
E05_spatial_control,erd_lr,3,59,1,1,0.66247092490228,13,both_feet,13-14,6116
E05_spatial_control,erd_lr,3,59,1,0,0.45934197711114505,13,both_fists,13-14,6117
E05_spatial_control,erd_lr,3,59,1,1,0.61536493098658,13,both_fists,13-14,6118
E05_spatial_control,erd_lr,3,59,0,0,0.447122550387105,14,both_fists,13-14,6119
E05_spatial_control,erd_lr,3,59,0,0,0.43488935928378786,14,both_feet,13-14,6120
E05_spatial_control,erd_lr,3,59,0,0,0.34574105163328234,14,both_fists,13-14,6121
E05_spatial_control,erd_lr,3,59,0,0,0.33877882466330633,14,both_feet,13-14,6122
E05_spatial_control,erd_lr,3,59,0,0,0.4561543365920039,14,both_fists,13-14,6123
E05_spatial_control,erd_lr,3,59,0,0,0.43521723368987975,14,both_feet,13-14,6124
E05_spatial_control,erd_lr,3,59,0,1,0.6750631513297114,14,both_fists,13-14,6125
E05_spatial_control,erd_lr,3,59,0,0,0.4176944565744959,14,both_feet,13-14,6126
E05_spatial_control,erd_lr,3,59,0,0,0.4762916287071837,14,both_feet,13-14,6127
E05_spatial_control,erd_lr,3,59,0,1,0.5213552547652822,14,both_fists,13-14,6128
E05_spatial_control,erd_lr,3,59,0,0,0.3570345563965135,14,both_fists,13-14,6129
E05_spatial_control,erd_lr,3,59,0,1,0.5330104624487106,14,both_feet,13-14,6130
E05_spatial_control,erd_lr,3,59,0,0,0.48046156734412643,14,both_fists,13-14,6131
E05_spatial_control,erd_lr,3,59,0,0,0.38255637852803986,14,both_feet,13-14,6132
E05_spatial_control,erd_lr,3,62,1,0,0.45769340660032887,3,right_fist,03-04,6133
E05_spatial_control,erd_lr,3,62,1,1,0.591567612934464,3,left_fist,03-04,6134
E05_spatial_control,erd_lr,3,62,1,0,0.458914192562238,3,right_fist,03-04,6135
E05_spatial_control,erd_lr,3,62,1,0,0.38583429244732703,3,left_fist,03-04,6136
E05_spatial_control,erd_lr,3,62,1,0,0.29216076982904843,3,right_fist,03-04,6137
E05_spatial_control,erd_lr,3,62,1,1,0.5938145620424908,3,left_fist,03-04,6138
E05_spatial_control,erd_lr,3,62,1,0,0.42224715367215715,3,left_fist,03-04,6139
E05_spatial_control,erd_lr,3,62,1,0,0.3030273662686856,3,right_fist,03-04,6140
E05_spatial_control,erd_lr,3,62,1,1,0.5336361284127893,3,left_fist,03-04,6141
E05_spatial_control,erd_lr,3,62,1,0,0.4744623062851505,3,right_fist,03-04,6142
E05_spatial_control,erd_lr,3,62,1,1,0.5364189145929217,3,left_fist,03-04,6143
E05_spatial_control,erd_lr,3,62,1,0,0.41570768338181135,3,right_fist,03-04,6144
E05_spatial_control,erd_lr,3,62,1,1,0.5462688022766549,3,right_fist,03-04,6145
E05_spatial_control,erd_lr,3,62,1,0,0.4854176045878706,3,left_fist,03-04,6146
E05_spatial_control,erd_lr,3,62,1,0,0.36217153037756744,3,right_fist,03-04,6147
E05_spatial_control,erd_lr,3,62,0,0,0.4792102191227624,4,left_fist,03-04,6148
E05_spatial_control,erd_lr,3,62,0,0,0.4043496829820087,4,right_fist,03-04,6149
E05_spatial_control,erd_lr,3,62,0,0,0.4516680965941889,4,right_fist,03-04,6150
E05_spatial_control,erd_lr,3,62,0,0,0.4906269234282091,4,left_fist,03-04,6151
E05_spatial_control,erd_lr,3,62,0,1,0.5903610476815718,4,right_fist,03-04,6152
E05_spatial_control,erd_lr,3,62,0,1,0.5164537705022362,4,left_fist,03-04,6153
E05_spatial_control,erd_lr,3,62,0,1,0.5368247610641563,4,left_fist,03-04,6154
E05_spatial_control,erd_lr,3,62,0,1,0.6860372514541794,4,right_fist,03-04,6155
E05_spatial_control,erd_lr,3,62,0,1,0.6824125156520913,4,left_fist,03-04,6156
E05_spatial_control,erd_lr,3,62,0,0,0.4454369646614543,4,right_fist,03-04,6157
E05_spatial_control,erd_lr,3,62,0,1,0.5126008934323145,4,left_fist,03-04,6158
E05_spatial_control,erd_lr,3,62,0,0,0.33503774103218925,4,right_fist,03-04,6159
E05_spatial_control,erd_lr,3,62,0,0,0.40360108195917643,4,left_fist,03-04,6160
E05_spatial_control,erd_lr,3,62,0,0,0.2988042851648881,4,right_fist,03-04,6161
E05_spatial_control,erd_lr,3,62,0,0,0.27069433235483853,4,right_fist,03-04,6162
E05_spatial_control,erd_lr,3,62,1,1,0.5077266010440287,5,both_fists,05-06,6163
E05_spatial_control,erd_lr,3,62,1,1,0.6909178436488819,5,both_feet,05-06,6164
E05_spatial_control,erd_lr,3,62,1,1,0.6599121934850586,5,both_fists,05-06,6165
E05_spatial_control,erd_lr,3,62,1,1,0.5403394533108673,5,both_feet,05-06,6166
E05_spatial_control,erd_lr,3,62,1,1,0.6205905610347192,5,both_feet,05-06,6167
E05_spatial_control,erd_lr,3,62,1,1,0.5023956017140163,5,both_fists,05-06,6168
E05_spatial_control,erd_lr,3,62,1,0,0.48110355271694033,5,both_feet,05-06,6169
E05_spatial_control,erd_lr,3,62,1,1,0.5574833577383875,5,both_fists,05-06,6170
E05_spatial_control,erd_lr,3,62,1,1,0.644038249761166,5,both_fists,05-06,6171
E05_spatial_control,erd_lr,3,62,1,1,0.6587859668251049,5,both_feet,05-06,6172
E05_spatial_control,erd_lr,3,62,1,1,0.6817387049647611,5,both_fists,05-06,6173
E05_spatial_control,erd_lr,3,62,1,1,0.6401718825686264,5,both_feet,05-06,6174
E05_spatial_control,erd_lr,3,62,1,1,0.5391137095155006,5,both_feet,05-06,6175
E05_spatial_control,erd_lr,3,62,1,0,0.3014712679684204,5,both_fists,05-06,6176
E05_spatial_control,erd_lr,3,62,1,1,0.574271185378935,5,both_fists,05-06,6177
E05_spatial_control,erd_lr,3,62,0,1,0.5872030388407848,6,both_feet,05-06,6178
E05_spatial_control,erd_lr,3,62,0,1,0.6564406670605452,6,both_fists,05-06,6179
E05_spatial_control,erd_lr,3,62,0,0,0.47239940105747774,6,both_feet,05-06,6180
E05_spatial_control,erd_lr,3,62,0,0,0.4271634174743008,6,both_fists,05-06,6181
E05_spatial_control,erd_lr,3,62,0,1,0.5726591233919448,6,both_fists,05-06,6182
E05_spatial_control,erd_lr,3,62,0,0,0.46258229871172934,6,both_feet,05-06,6183
E05_spatial_control,erd_lr,3,62,0,1,0.5916808838547692,6,both_feet,05-06,6184
E05_spatial_control,erd_lr,3,62,0,1,0.510841423663629,6,both_fists,05-06,6185
E05_spatial_control,erd_lr,3,62,0,1,0.566564247655174,6,both_fists,05-06,6186
E05_spatial_control,erd_lr,3,62,1,0,0.45889033718452893,7,right_fist,07-08,6187
E05_spatial_control,erd_lr,3,62,1,0,0.4892704146983663,7,left_fist,07-08,6188
E05_spatial_control,erd_lr,3,62,1,1,0.6294265162307902,7,left_fist,07-08,6189
E05_spatial_control,erd_lr,3,62,1,0,0.4960123220023207,7,right_fist,07-08,6190
E05_spatial_control,erd_lr,3,62,1,0,0.37610186731752676,7,right_fist,07-08,6191
E05_spatial_control,erd_lr,3,62,1,1,0.5467064091020789,7,left_fist,07-08,6192
E05_spatial_control,erd_lr,3,62,1,1,0.5037904829827183,7,right_fist,07-08,6193
E05_spatial_control,erd_lr,3,62,1,0,0.4383371289900575,7,left_fist,07-08,6194
E05_spatial_control,erd_lr,3,62,1,0,0.48298559540403624,7,left_fist,07-08,6195
E05_spatial_control,erd_lr,3,62,1,0,0.4009201203835463,7,right_fist,07-08,6196
E05_spatial_control,erd_lr,3,62,1,1,0.573767901952124,7,right_fist,07-08,6197
E05_spatial_control,erd_lr,3,62,1,0,0.4870934464005723,7,left_fist,07-08,6198
E05_spatial_control,erd_lr,3,62,1,1,0.541819030615916,7,right_fist,07-08,6199
E05_spatial_control,erd_lr,3,62,1,1,0.5253284390255264,7,left_fist,07-08,6200
E05_spatial_control,erd_lr,3,62,1,1,0.5626359761518325,7,right_fist,07-08,6201
E05_spatial_control,erd_lr,3,62,0,1,0.5809119200980922,8,right_fist,07-08,6202
E05_spatial_control,erd_lr,3,62,0,1,0.5479078956913945,8,left_fist,07-08,6203
E05_spatial_control,erd_lr,3,62,0,0,0.46979491678019136,8,right_fist,07-08,6204
E05_spatial_control,erd_lr,3,62,0,0,0.44207092171228574,8,left_fist,07-08,6205
E05_spatial_control,erd_lr,3,62,0,1,0.5725708930748442,8,left_fist,07-08,6206
E05_spatial_control,erd_lr,3,62,0,1,0.5018894244170075,8,right_fist,07-08,6207
E05_spatial_control,erd_lr,3,62,0,1,0.645163794326123,8,left_fist,07-08,6208
E05_spatial_control,erd_lr,3,62,0,0,0.46949737180363327,8,right_fist,07-08,6209
E05_spatial_control,erd_lr,3,62,0,1,0.6214016791530601,8,left_fist,07-08,6210
E05_spatial_control,erd_lr,3,62,0,1,0.6391779523963153,8,right_fist,07-08,6211
E05_spatial_control,erd_lr,3,62,0,1,0.5485075479190287,8,left_fist,07-08,6212
E05_spatial_control,erd_lr,3,62,0,1,0.5489826754589263,8,right_fist,07-08,6213
E05_spatial_control,erd_lr,3,62,0,1,0.7000249872975417,8,right_fist,07-08,6214
E05_spatial_control,erd_lr,3,62,0,1,0.6051382265063631,8,left_fist,07-08,6215
E05_spatial_control,erd_lr,3,62,0,1,0.5818072958540753,8,left_fist,07-08,6216
E05_spatial_control,erd_lr,3,62,1,0,0.4336636173778343,9,both_feet,09-10,6217
E05_spatial_control,erd_lr,3,62,1,0,0.44817955484278793,9,both_fists,09-10,6218
E05_spatial_control,erd_lr,3,62,1,1,0.5774067413744065,9,both_feet,09-10,6219
E05_spatial_control,erd_lr,3,62,1,1,0.51427952738885,9,both_feet,09-10,6220
E05_spatial_control,erd_lr,3,62,1,0,0.4179259599566884,9,both_fists,09-10,6221
E05_spatial_control,erd_lr,3,62,1,1,0.7169705051010345,9,both_feet,09-10,6222
E05_spatial_control,erd_lr,3,62,1,1,0.6449768874817035,9,both_fists,09-10,6223
E05_spatial_control,erd_lr,3,62,1,1,0.5637713292875297,9,both_feet,09-10,6224
E05_spatial_control,erd_lr,3,62,1,1,0.6270753553584474,9,both_fists,09-10,6225
E05_spatial_control,erd_lr,3,62,1,1,0.6085994157344667,9,both_feet,09-10,6226
E05_spatial_control,erd_lr,3,62,1,0,0.4911482026736124,9,both_fists,09-10,6227
E05_spatial_control,erd_lr,3,62,1,1,0.513814710210599,9,both_fists,09-10,6228
E05_spatial_control,erd_lr,3,62,1,0,0.46417724001094807,9,both_feet,09-10,6229
E05_spatial_control,erd_lr,3,62,1,1,0.5875579801261435,9,both_feet,09-10,6230
E05_spatial_control,erd_lr,3,62,0,0,0.49994401397655264,10,both_fists,09-10,6231
E05_spatial_control,erd_lr,3,62,0,0,0.46486512209533526,10,both_feet,09-10,6232
E05_spatial_control,erd_lr,3,62,0,1,0.5670636677437877,10,both_fists,09-10,6233
E05_spatial_control,erd_lr,3,62,0,1,0.589192740860167,10,both_feet,09-10,6234
E05_spatial_control,erd_lr,3,62,0,0,0.2694512689633986,10,both_feet,09-10,6235
E05_spatial_control,erd_lr,3,62,0,1,0.6429028997545557,10,both_fists,09-10,6236
E05_spatial_control,erd_lr,3,62,0,0,0.4651168027380283,10,both_fists,09-10,6237
E05_spatial_control,erd_lr,3,62,0,0,0.44840835166091114,10,both_feet,09-10,6238
E05_spatial_control,erd_lr,3,62,0,1,0.5520844376243471,10,both_fists,09-10,6239
E05_spatial_control,erd_lr,3,62,0,0,0.35318050122938144,10,both_feet,09-10,6240
E05_spatial_control,erd_lr,3,62,0,1,0.69787553083641,10,both_fists,09-10,6241
E05_spatial_control,erd_lr,3,62,0,1,0.5740615057378875,10,both_feet,09-10,6242
E05_spatial_control,erd_lr,3,62,0,1,0.5397577823336486,10,both_fists,09-10,6243
E05_spatial_control,erd_lr,3,62,0,1,0.5584317654611026,10,both_feet,09-10,6244
E05_spatial_control,erd_lr,3,62,0,1,0.5595701708896486,10,both_feet,09-10,6245
E05_spatial_control,erd_lr,3,62,1,0,0.4592192995510567,11,left_fist,11-12,6246
E05_spatial_control,erd_lr,3,62,1,1,0.6799928880355193,11,right_fist,11-12,6247
E05_spatial_control,erd_lr,3,62,1,1,0.587851698936854,11,left_fist,11-12,6248
E05_spatial_control,erd_lr,3,62,1,1,0.7200827383336443,11,right_fist,11-12,6249
E05_spatial_control,erd_lr,3,62,1,0,0.41852664755675484,11,left_fist,11-12,6250
E05_spatial_control,erd_lr,3,62,1,1,0.6041566472771044,11,right_fist,11-12,6251
E05_spatial_control,erd_lr,3,62,1,1,0.6033761382614651,11,left_fist,11-12,6252
E05_spatial_control,erd_lr,3,62,1,1,0.6259123399939182,11,right_fist,11-12,6253
E05_spatial_control,erd_lr,3,62,1,0,0.42199815675760105,11,right_fist,11-12,6254
E05_spatial_control,erd_lr,3,62,1,1,0.5148794961483206,11,left_fist,11-12,6255
E05_spatial_control,erd_lr,3,62,1,0,0.4906708260932382,11,left_fist,11-12,6256
E05_spatial_control,erd_lr,3,62,1,1,0.5906925024888476,11,right_fist,11-12,6257
E05_spatial_control,erd_lr,3,62,1,0,0.4968597216879447,11,right_fist,11-12,6258
E05_spatial_control,erd_lr,3,62,1,0,0.4345357681284121,11,left_fist,11-12,6259
E05_spatial_control,erd_lr,3,62,1,1,0.7006060533994474,11,left_fist,11-12,6260
E05_spatial_control,erd_lr,3,62,0,1,0.5178174738164135,12,right_fist,11-12,6261
E05_spatial_control,erd_lr,3,62,0,1,0.5943139577969297,12,left_fist,11-12,6262
E05_spatial_control,erd_lr,3,62,0,1,0.5831161216870951,12,right_fist,11-12,6263
E05_spatial_control,erd_lr,3,62,0,1,0.5270428583550072,12,left_fist,11-12,6264
E05_spatial_control,erd_lr,3,62,0,0,0.3923364618959872,12,right_fist,11-12,6265
E05_spatial_control,erd_lr,3,62,0,1,0.5319444319357017,12,left_fist,11-12,6266
E05_spatial_control,erd_lr,3,62,0,1,0.6487883393411455,12,right_fist,11-12,6267
E05_spatial_control,erd_lr,3,62,0,1,0.7457504368152162,12,left_fist,11-12,6268
E05_spatial_control,erd_lr,3,62,0,0,0.47281265223163405,12,left_fist,11-12,6269
E05_spatial_control,erd_lr,3,62,0,0,0.4228751995013399,12,right_fist,11-12,6270
E05_spatial_control,erd_lr,3,62,0,1,0.5022213410905522,12,left_fist,11-12,6271
E05_spatial_control,erd_lr,3,62,0,1,0.5097672290422994,12,right_fist,11-12,6272
E05_spatial_control,erd_lr,3,62,0,0,0.3868345447889493,12,left_fist,11-12,6273
E05_spatial_control,erd_lr,3,62,0,1,0.5946756720033057,12,right_fist,11-12,6274
E05_spatial_control,erd_lr,3,62,0,1,0.630694424628273,12,left_fist,11-12,6275
E05_spatial_control,erd_lr,3,62,1,1,0.5301288160702808,13,both_fists,13-14,6276
E05_spatial_control,erd_lr,3,62,1,0,0.3336725062939645,13,both_feet,13-14,6277
E05_spatial_control,erd_lr,3,62,1,0,0.3470063380844652,13,both_feet,13-14,6278
E05_spatial_control,erd_lr,3,62,1,1,0.6910042754836176,13,both_fists,13-14,6279
E05_spatial_control,erd_lr,3,62,1,1,0.6837855872975687,13,both_fists,13-14,6280
E05_spatial_control,erd_lr,3,62,1,1,0.588491213531633,13,both_feet,13-14,6281
E05_spatial_control,erd_lr,3,62,1,1,0.513370981338954,13,both_feet,13-14,6282
E05_spatial_control,erd_lr,3,62,1,1,0.5529798191825358,13,both_fists,13-14,6283
E05_spatial_control,erd_lr,3,62,1,0,0.4160686903237114,13,both_feet,13-14,6284
E05_spatial_control,erd_lr,3,62,1,1,0.5015033314135982,13,both_fists,13-14,6285
E05_spatial_control,erd_lr,3,62,1,1,0.5355553349888896,13,both_fists,13-14,6286
E05_spatial_control,erd_lr,3,62,1,1,0.6064807526431084,13,both_feet,13-14,6287
E05_spatial_control,erd_lr,3,62,1,0,0.23863305143473626,13,both_fists,13-14,6288
E05_spatial_control,erd_lr,3,62,1,0,0.4545582744012414,13,both_feet,13-14,6289
E05_spatial_control,erd_lr,3,62,1,0,0.47305020772583284,13,both_fists,13-14,6290
E05_spatial_control,erd_lr,3,62,0,1,0.547950344860503,14,both_feet,13-14,6291
E05_spatial_control,erd_lr,3,62,0,1,0.664709206816624,14,both_fists,13-14,6292
E05_spatial_control,erd_lr,3,62,0,0,0.39583443889610187,14,both_fists,13-14,6293
E05_spatial_control,erd_lr,3,62,0,1,0.5483098801791154,14,both_feet,13-14,6294
E05_spatial_control,erd_lr,3,62,0,0,0.37372874773889225,14,both_fists,13-14,6295
E05_spatial_control,erd_lr,3,62,0,0,0.4714345671148687,14,both_feet,13-14,6296
E05_spatial_control,erd_lr,3,62,0,1,0.6888064876601137,14,both_fists,13-14,6297
E05_spatial_control,erd_lr,3,62,0,1,0.5059192824180577,14,both_feet,13-14,6298
E05_spatial_control,erd_lr,3,62,0,1,0.5449993810578845,14,both_feet,13-14,6299
E05_spatial_control,erd_lr,3,62,0,1,0.5254526653701838,14,both_fists,13-14,6300
E05_spatial_control,erd_lr,3,62,0,1,0.515238676375111,14,both_fists,13-14,6301
E05_spatial_control,erd_lr,3,62,0,0,0.4190696621260304,14,both_feet,13-14,6302
E05_spatial_control,erd_lr,3,62,0,1,0.61150921193289,14,both_feet,13-14,6303
E05_spatial_control,erd_lr,3,62,0,1,0.8143089130275796,14,both_fists,13-14,6304
E05_spatial_control,erd_lr,3,62,0,1,0.7478407704373473,14,both_fists,13-14,6305
E05_spatial_control,erd_lr,3,67,1,0,0.3142435778752753,3,right_fist,03-04,6891
E05_spatial_control,erd_lr,3,67,1,0,0.2576744048189891,3,left_fist,03-04,6892
E05_spatial_control,erd_lr,3,67,1,0,0.22865668555740357,3,left_fist,03-04,6893
E05_spatial_control,erd_lr,3,67,1,0,0.4878536032481366,3,right_fist,03-04,6894
E05_spatial_control,erd_lr,3,67,1,1,0.5203716797013618,3,left_fist,03-04,6895
E05_spatial_control,erd_lr,3,67,1,0,0.42804405751141844,3,right_fist,03-04,6896
E05_spatial_control,erd_lr,3,67,1,0,0.41296352433966965,3,right_fist,03-04,6897
E05_spatial_control,erd_lr,3,67,1,1,0.6307616226864435,3,left_fist,03-04,6898
E05_spatial_control,erd_lr,3,67,1,0,0.19693667217037036,3,right_fist,03-04,6899
E05_spatial_control,erd_lr,3,67,1,0,0.46273749536796177,3,left_fist,03-04,6900
E05_spatial_control,erd_lr,3,67,1,0,0.3013553674024003,3,left_fist,03-04,6901
E05_spatial_control,erd_lr,3,67,1,0,0.4182679453302729,3,right_fist,03-04,6902
E05_spatial_control,erd_lr,3,67,1,1,0.5449483416208621,3,left_fist,03-04,6903
E05_spatial_control,erd_lr,3,67,1,0,0.22157399881222697,3,right_fist,03-04,6904
E05_spatial_control,erd_lr,3,67,1,0,0.4790070316508498,3,left_fist,03-04,6905
E05_spatial_control,erd_lr,3,67,0,0,0.42463428796247743,4,left_fist,03-04,6906
E05_spatial_control,erd_lr,3,67,0,0,0.35487290255992165,4,right_fist,03-04,6907
E05_spatial_control,erd_lr,3,67,0,0,0.15703556928785034,4,left_fist,03-04,6908
E05_spatial_control,erd_lr,3,67,0,0,0.3908616400498449,4,right_fist,03-04,6909
E05_spatial_control,erd_lr,3,67,0,0,0.4294337033053018,4,left_fist,03-04,6910
E05_spatial_control,erd_lr,3,67,0,1,0.5033926638247739,4,right_fist,03-04,6911
E05_spatial_control,erd_lr,3,67,0,0,0.3783498500843484,4,left_fist,03-04,6912
E05_spatial_control,erd_lr,3,67,0,0,0.48908693330519104,4,right_fist,03-04,6913
E05_spatial_control,erd_lr,3,67,0,0,0.47518293834832237,4,right_fist,03-04,6914
E05_spatial_control,erd_lr,3,67,0,0,0.46309495126748107,4,left_fist,03-04,6915
E05_spatial_control,erd_lr,3,67,0,1,0.5203400702009278,4,right_fist,03-04,6916
E05_spatial_control,erd_lr,3,67,0,0,0.43034804809999067,4,left_fist,03-04,6917
E05_spatial_control,erd_lr,3,67,0,1,0.5905101571597071,4,left_fist,03-04,6918
E05_spatial_control,erd_lr,3,67,0,1,0.6009630458730852,4,left_fist,03-04,6919
E05_spatial_control,erd_lr,3,67,1,0,0.2571688910607638,5,both_fists,05-06,6920
E05_spatial_control,erd_lr,3,67,1,0,0.3182870806946267,5,both_feet,05-06,6921
E05_spatial_control,erd_lr,3,67,1,0,0.41034490492352105,5,both_feet,05-06,6922
E05_spatial_control,erd_lr,3,67,1,0,0.3784911671898334,5,both_fists,05-06,6923
E05_spatial_control,erd_lr,3,67,1,0,0.3984614425413304,5,both_feet,05-06,6924
E05_spatial_control,erd_lr,3,67,1,0,0.20887654752268345,5,both_fists,05-06,6925
E05_spatial_control,erd_lr,3,67,1,0,0.36362128467399846,5,both_fists,05-06,6926
E05_spatial_control,erd_lr,3,67,1,1,0.5573618942730537,5,both_feet,05-06,6927
E05_spatial_control,erd_lr,3,67,1,0,0.3291645788946755,5,both_feet,05-06,6928
E05_spatial_control,erd_lr,3,67,1,0,0.14392722089188228,5,both_fists,05-06,6929
E05_spatial_control,erd_lr,3,67,1,0,0.2434416288635122,5,both_feet,05-06,6930
E05_spatial_control,erd_lr,3,67,1,0,0.07301078102736998,5,both_fists,05-06,6931
E05_spatial_control,erd_lr,3,67,1,0,0.3259013794545355,5,both_fists,05-06,6932
E05_spatial_control,erd_lr,3,67,1,0,0.4890925796475275,5,both_feet,05-06,6933
E05_spatial_control,erd_lr,3,67,1,0,0.4682381087233933,5,both_feet,05-06,6934
E05_spatial_control,erd_lr,3,67,0,0,0.3585382217776567,6,both_fists,05-06,6935
E05_spatial_control,erd_lr,3,67,0,1,0.5670713301497501,6,both_feet,05-06,6936
E05_spatial_control,erd_lr,3,67,0,1,0.5154902174305847,6,both_feet,05-06,6937
E05_spatial_control,erd_lr,3,67,0,1,0.5029541348751839,6,both_fists,05-06,6938
E05_spatial_control,erd_lr,3,67,0,0,0.39888046782517195,6,both_feet,05-06,6939
E05_spatial_control,erd_lr,3,67,0,0,0.3206556902312725,6,both_fists,05-06,6940
E05_spatial_control,erd_lr,3,67,0,1,0.512158323065741,6,both_feet,05-06,6941
E05_spatial_control,erd_lr,3,67,0,0,0.4193694797359636,6,both_fists,05-06,6942
E05_spatial_control,erd_lr,3,67,0,0,0.42170730363403147,6,both_feet,05-06,6943
E05_spatial_control,erd_lr,3,67,0,0,0.38489272380646766,6,both_fists,05-06,6944
E05_spatial_control,erd_lr,3,67,0,1,0.5315913520476928,6,both_feet,05-06,6945
E05_spatial_control,erd_lr,3,67,0,0,0.3918316436998641,6,both_fists,05-06,6946
E05_spatial_control,erd_lr,3,67,0,0,0.4925873316298018,6,both_fists,05-06,6947
E05_spatial_control,erd_lr,3,67,0,0,0.47879454388405746,6,both_feet,05-06,6948
E05_spatial_control,erd_lr,3,67,0,0,0.45127041181055116,6,both_feet,05-06,6949
E05_spatial_control,erd_lr,3,67,1,1,0.544182274405104,7,left_fist,07-08,6950
E05_spatial_control,erd_lr,3,67,1,0,0.44624793747607877,7,right_fist,07-08,6951
E05_spatial_control,erd_lr,3,67,1,0,0.3674919522458807,7,right_fist,07-08,6952
E05_spatial_control,erd_lr,3,67,1,1,0.5191037098797536,7,left_fist,07-08,6953
E05_spatial_control,erd_lr,3,67,1,1,0.5115725541210401,7,left_fist,07-08,6954
E05_spatial_control,erd_lr,3,67,1,1,0.5197153685532082,7,right_fist,07-08,6955
E05_spatial_control,erd_lr,3,67,1,1,0.5310747075808834,7,left_fist,07-08,6956
E05_spatial_control,erd_lr,3,67,1,0,0.4792965009930822,7,right_fist,07-08,6957
E05_spatial_control,erd_lr,3,67,1,1,0.5326081627284798,7,left_fist,07-08,6958
E05_spatial_control,erd_lr,3,67,1,0,0.4098122901264331,7,right_fist,07-08,6959
E05_spatial_control,erd_lr,3,67,1,1,0.5337772613115082,7,left_fist,07-08,6960
E05_spatial_control,erd_lr,3,67,1,0,0.4129546543265782,7,right_fist,07-08,6961
E05_spatial_control,erd_lr,3,67,0,1,0.5126554306015403,8,right_fist,07-08,6962
E05_spatial_control,erd_lr,3,67,0,1,0.5918754788295292,8,left_fist,07-08,6963
E05_spatial_control,erd_lr,3,67,0,1,0.5103953462272951,8,right_fist,07-08,6964
E05_spatial_control,erd_lr,3,67,0,0,0.37696690239349395,8,left_fist,07-08,6965
E05_spatial_control,erd_lr,3,67,0,0,0.329204544513378,8,right_fist,07-08,6966
E05_spatial_control,erd_lr,3,67,0,0,0.4009128120882014,8,right_fist,07-08,6967
E05_spatial_control,erd_lr,3,67,0,0,0.3848592818046113,8,left_fist,07-08,6968
E05_spatial_control,erd_lr,3,67,0,1,0.5385494950352867,8,left_fist,07-08,6969
E05_spatial_control,erd_lr,3,67,0,0,0.4102077862909402,8,right_fist,07-08,6970
E05_spatial_control,erd_lr,3,67,0,1,0.5093658615527721,8,left_fist,07-08,6971
E05_spatial_control,erd_lr,3,67,0,0,0.4528167871082108,8,right_fist,07-08,6972
E05_spatial_control,erd_lr,3,67,0,0,0.47574155455229705,8,left_fist,07-08,6973
E05_spatial_control,erd_lr,3,67,0,0,0.42337467436530274,8,right_fist,07-08,6974
E05_spatial_control,erd_lr,3,67,0,0,0.41365216381180414,8,right_fist,07-08,6975
E05_spatial_control,erd_lr,3,67,1,1,0.5964307478581786,9,both_feet,09-10,6976
E05_spatial_control,erd_lr,3,67,1,0,0.2671678600872914,9,both_fists,09-10,6977
E05_spatial_control,erd_lr,3,67,1,0,0.3230248381793664,9,both_fists,09-10,6978
E05_spatial_control,erd_lr,3,67,1,0,0.40945893972000924,9,both_feet,09-10,6979
E05_spatial_control,erd_lr,3,67,1,1,0.5041444969451788,9,both_fists,09-10,6980
E05_spatial_control,erd_lr,3,67,1,0,0.4954297516673711,9,both_feet,09-10,6981
E05_spatial_control,erd_lr,3,67,1,0,0.36173877777176944,9,both_feet,09-10,6982
E05_spatial_control,erd_lr,3,67,1,0,0.32580951180494366,9,both_fists,09-10,6983
E05_spatial_control,erd_lr,3,67,1,0,0.4143081644399376,9,both_fists,09-10,6984
E05_spatial_control,erd_lr,3,67,1,0,0.4235115645059642,9,both_feet,09-10,6985
E05_spatial_control,erd_lr,3,67,1,0,0.33423528098070604,9,both_feet,09-10,6986
E05_spatial_control,erd_lr,3,67,1,0,0.2770912720284231,9,both_fists,09-10,6987
E05_spatial_control,erd_lr,3,67,1,0,0.23854324568275556,9,both_fists,09-10,6988
E05_spatial_control,erd_lr,3,67,1,1,0.8137338980196814,9,both_feet,09-10,6989
E05_spatial_control,erd_lr,3,67,1,0,0.3718524587514944,9,both_feet,09-10,6990
E05_spatial_control,erd_lr,3,67,0,0,0.46651582894370086,10,both_fists,09-10,6991
E05_spatial_control,erd_lr,3,67,0,0,0.31864215716441235,10,both_feet,09-10,6992
E05_spatial_control,erd_lr,3,67,0,1,0.5049947814562351,10,both_feet,09-10,6993
E05_spatial_control,erd_lr,3,67,0,0,0.43856236869147874,10,both_fists,09-10,6994
E05_spatial_control,erd_lr,3,67,0,0,0.4316306809928776,10,both_fists,09-10,6995
E05_spatial_control,erd_lr,3,67,0,0,0.4413656625900774,10,both_feet,09-10,6996
E05_spatial_control,erd_lr,3,67,0,0,0.33297715861292515,10,both_fists,09-10,6997
E05_spatial_control,erd_lr,3,67,0,1,0.6166085310131203,10,both_feet,09-10,6998
E05_spatial_control,erd_lr,3,67,0,1,0.6817289091331106,10,both_fists,09-10,6999
E05_spatial_control,erd_lr,3,67,0,1,0.5866329512732943,10,both_feet,09-10,7000
E05_spatial_control,erd_lr,3,67,0,1,0.612980845431556,10,both_fists,09-10,7001
E05_spatial_control,erd_lr,3,67,0,0,0.4833314745702403,10,both_feet,09-10,7002
E05_spatial_control,erd_lr,3,67,0,0,0.34921590676206266,10,both_feet,09-10,7003
E05_spatial_control,erd_lr,3,67,0,0,0.38409360977698187,10,both_fists,09-10,7004
E05_spatial_control,erd_lr,3,67,0,0,0.40799825147464003,10,both_fists,09-10,7005
E05_spatial_control,erd_lr,3,67,1,0,0.3837425959049242,11,left_fist,11-12,7006
E05_spatial_control,erd_lr,3,67,1,0,0.42478772666260756,11,right_fist,11-12,7007
E05_spatial_control,erd_lr,3,67,1,0,0.458276729304676,11,left_fist,11-12,7008
E05_spatial_control,erd_lr,3,67,1,1,0.6230251164621894,11,right_fist,11-12,7009
E05_spatial_control,erd_lr,3,67,1,0,0.3248783414573172,11,right_fist,11-12,7010
E05_spatial_control,erd_lr,3,67,1,0,0.41784994429680256,11,left_fist,11-12,7011
E05_spatial_control,erd_lr,3,67,1,0,0.480186287380343,11,right_fist,11-12,7012
E05_spatial_control,erd_lr,3,67,1,1,0.5571620780401364,11,left_fist,11-12,7013
E05_spatial_control,erd_lr,3,67,1,1,0.5311818112773043,11,right_fist,11-12,7014
E05_spatial_control,erd_lr,3,67,1,1,0.5096167025591877,11,left_fist,11-12,7015
E05_spatial_control,erd_lr,3,67,1,0,0.4140692722394012,11,right_fist,11-12,7016
E05_spatial_control,erd_lr,3,67,1,0,0.46946396189852213,11,left_fist,11-12,7017
E05_spatial_control,erd_lr,3,67,1,1,0.5650091995020959,11,left_fist,11-12,7018
E05_spatial_control,erd_lr,3,67,1,0,0.4880540166993407,11,right_fist,11-12,7019
E05_spatial_control,erd_lr,3,67,1,1,0.5576759443883192,11,right_fist,11-12,7020
E05_spatial_control,erd_lr,3,67,0,0,0.40371494271984326,12,right_fist,11-12,7021
E05_spatial_control,erd_lr,3,67,0,0,0.4579972773631026,12,left_fist,11-12,7022
E05_spatial_control,erd_lr,3,67,0,0,0.3984132758463639,12,right_fist,11-12,7023
E05_spatial_control,erd_lr,3,67,0,0,0.3762018497806565,12,left_fist,11-12,7024
E05_spatial_control,erd_lr,3,67,0,0,0.4337278776597816,12,left_fist,11-12,7025
E05_spatial_control,erd_lr,3,67,0,0,0.4993256967730912,12,right_fist,11-12,7026
E05_spatial_control,erd_lr,3,67,0,0,0.4761330542428115,12,left_fist,11-12,7027
E05_spatial_control,erd_lr,3,67,0,1,0.5553834329979107,12,right_fist,11-12,7028
E05_spatial_control,erd_lr,3,67,0,0,0.3960283231621923,12,right_fist,11-12,7029
E05_spatial_control,erd_lr,3,67,0,0,0.4657177791555938,12,left_fist,11-12,7030
E05_spatial_control,erd_lr,3,67,0,0,0.48451530015390587,12,left_fist,11-12,7031
E05_spatial_control,erd_lr,3,67,0,0,0.3135912294942884,12,right_fist,11-12,7032
E05_spatial_control,erd_lr,3,67,0,0,0.3945964992398299,12,left_fist,11-12,7033
E05_spatial_control,erd_lr,3,67,0,0,0.3596034457359463,12,right_fist,11-12,7034
E05_spatial_control,erd_lr,3,67,0,0,0.427914351357125,12,right_fist,11-12,7035
E05_spatial_control,erd_lr,3,67,1,1,0.6935506321452536,13,both_feet,13-14,7036
E05_spatial_control,erd_lr,3,67,1,0,0.12173148975182213,13,both_fists,13-14,7037
E05_spatial_control,erd_lr,3,67,1,1,0.5134053133942871,13,both_feet,13-14,7038
E05_spatial_control,erd_lr,3,67,1,0,0.38030724552142836,13,both_fists,13-14,7039
E05_spatial_control,erd_lr,3,67,1,0,0.4277415953833486,13,both_feet,13-14,7040
E05_spatial_control,erd_lr,3,67,1,1,0.5193301996849584,13,both_fists,13-14,7041
E05_spatial_control,erd_lr,3,67,1,1,0.5978568594021074,13,both_feet,13-14,7042
E05_spatial_control,erd_lr,3,67,1,1,0.5276575871062099,13,both_fists,13-14,7043
E05_spatial_control,erd_lr,3,67,1,1,0.5544447321037039,13,both_fists,13-14,7044
E05_spatial_control,erd_lr,3,67,1,0,0.457065745587097,13,both_feet,13-14,7045
E05_spatial_control,erd_lr,3,67,1,1,0.6076704474907384,13,both_fists,13-14,7046
E05_spatial_control,erd_lr,3,67,1,1,0.6367895699630894,13,both_feet,13-14,7047
E05_spatial_control,erd_lr,3,67,1,1,0.6225335282758522,13,both_fists,13-14,7048
E05_spatial_control,erd_lr,3,67,1,1,0.5450544367403317,13,both_feet,13-14,7049
E05_spatial_control,erd_lr,3,67,1,0,0.3710633387305544,13,both_feet,13-14,7050
E05_spatial_control,erd_lr,3,67,0,1,0.5773363440686489,14,both_fists,13-14,7051
E05_spatial_control,erd_lr,3,67,0,0,0.4541724573544459,14,both_feet,13-14,7052
E05_spatial_control,erd_lr,3,67,0,0,0.3521514789847322,14,both_fists,13-14,7053
E05_spatial_control,erd_lr,3,67,0,1,0.5297122658179302,14,both_feet,13-14,7054
E05_spatial_control,erd_lr,3,67,0,0,0.36842403764146675,14,both_feet,13-14,7055
E05_spatial_control,erd_lr,3,67,0,0,0.3886904461176702,14,both_fists,13-14,7056
E05_spatial_control,erd_lr,3,67,0,0,0.360376420079836,14,both_feet,13-14,7057
E05_spatial_control,erd_lr,3,67,0,1,0.595796314197128,14,both_fists,13-14,7058
E05_spatial_control,erd_lr,3,67,0,0,0.43089803032187385,14,both_fists,13-14,7059
E05_spatial_control,erd_lr,3,67,0,0,0.4756899915635202,14,both_feet,13-14,7060
E05_spatial_control,erd_lr,3,67,0,0,0.4661069076053172,14,both_feet,13-14,7061
E05_spatial_control,erd_lr,3,67,0,0,0.43914885307036333,14,both_fists,13-14,7062
E05_spatial_control,erd_lr,3,67,0,1,0.7221793913826483,14,both_feet,13-14,7063
E05_spatial_control,erd_lr,3,67,0,1,0.5304345455388075,14,both_fists,13-14,7064
E05_spatial_control,erd_lr,3,67,0,0,0.4722131309965505,14,both_fists,13-14,7065
E05_spatial_control,erd_lr,3,70,1,1,0.5354793274267179,3,right_fist,03-04,7322
E05_spatial_control,erd_lr,3,70,1,0,0.3708604483404067,3,right_fist,03-04,7323
E05_spatial_control,erd_lr,3,70,1,1,0.6014218904272167,3,right_fist,03-04,7324
E05_spatial_control,erd_lr,3,70,1,1,0.5650784688270538,3,left_fist,03-04,7325
E05_spatial_control,erd_lr,3,70,1,0,0.4009958206135309,3,left_fist,03-04,7326
E05_spatial_control,erd_lr,3,70,1,0,0.43371142452527794,3,right_fist,03-04,7327
E05_spatial_control,erd_lr,3,70,1,0,0.41075912367233575,3,left_fist,03-04,7328
E05_spatial_control,erd_lr,3,70,1,0,0.27789252137727877,3,right_fist,03-04,7329
E05_spatial_control,erd_lr,3,70,1,0,0.4788898227133424,3,left_fist,03-04,7330
E05_spatial_control,erd_lr,3,70,1,0,0.4167867954008368,3,right_fist,03-04,7331
E05_spatial_control,erd_lr,3,70,1,0,0.4461123384324527,3,left_fist,03-04,7332
E05_spatial_control,erd_lr,3,70,0,0,0.48078701616351704,4,left_fist,03-04,7333
E05_spatial_control,erd_lr,3,70,0,0,0.3316584102900096,4,left_fist,03-04,7334
E05_spatial_control,erd_lr,3,70,0,1,0.6506984209941664,4,left_fist,03-04,7335
E05_spatial_control,erd_lr,3,70,0,1,0.5752300523065179,4,right_fist,03-04,7336
E05_spatial_control,erd_lr,3,70,0,0,0.49832885429914936,4,right_fist,03-04,7337
E05_spatial_control,erd_lr,3,70,0,0,0.46597988230951726,4,left_fist,03-04,7338
E05_spatial_control,erd_lr,3,70,0,0,0.30810510345453673,4,left_fist,03-04,7339
E05_spatial_control,erd_lr,3,70,0,0,0.4294393691632207,4,left_fist,03-04,7340
E05_spatial_control,erd_lr,3,70,0,0,0.26171915412881086,4,right_fist,03-04,7341
E05_spatial_control,erd_lr,3,70,0,1,0.5585358934402795,4,left_fist,03-04,7342
E05_spatial_control,erd_lr,3,70,0,0,0.4489949791089003,4,right_fist,03-04,7343
E05_spatial_control,erd_lr,3,70,1,1,0.5847887435696479,5,both_fists,05-06,7344
E05_spatial_control,erd_lr,3,70,1,0,0.40353318290901447,5,both_feet,05-06,7345
E05_spatial_control,erd_lr,3,70,1,0,0.41671217312972675,5,both_fists,05-06,7346
E05_spatial_control,erd_lr,3,70,1,1,0.5782587071653665,5,both_feet,05-06,7347
E05_spatial_control,erd_lr,3,70,1,1,0.5474322904351472,5,both_fists,05-06,7348
E05_spatial_control,erd_lr,3,70,1,1,0.5337670310428141,5,both_feet,05-06,7349
E05_spatial_control,erd_lr,3,70,1,0,0.4278435936122778,5,both_fists,05-06,7350
E05_spatial_control,erd_lr,3,70,1,0,0.4576118198630799,5,both_feet,05-06,7351
E05_spatial_control,erd_lr,3,70,1,0,0.47684421724392234,5,both_feet,05-06,7352
E05_spatial_control,erd_lr,3,70,1,1,0.5157061977087399,5,both_fists,05-06,7353
E05_spatial_control,erd_lr,3,70,1,1,0.6224901186046377,5,both_fists,05-06,7354
E05_spatial_control,erd_lr,3,70,1,0,0.40478508325896423,5,both_feet,05-06,7355
E05_spatial_control,erd_lr,3,70,1,1,0.6102193855698308,5,both_feet,05-06,7356
E05_spatial_control,erd_lr,3,70,1,0,0.4015878913745379,5,both_fists,05-06,7357
E05_spatial_control,erd_lr,3,70,1,0,0.4206596219965864,5,both_feet,05-06,7358
E05_spatial_control,erd_lr,3,70,0,0,0.40012250073431144,6,both_fists,05-06,7359
E05_spatial_control,erd_lr,3,70,0,0,0.33371057458589265,6,both_feet,05-06,7360
E05_spatial_control,erd_lr,3,70,0,1,0.5321046529099361,6,both_feet,05-06,7361
E05_spatial_control,erd_lr,3,70,0,0,0.45815247612038607,6,both_fists,05-06,7362
E05_spatial_control,erd_lr,3,70,0,0,0.4392034009866128,6,both_fists,05-06,7363
E05_spatial_control,erd_lr,3,70,0,0,0.3220279543917479,6,both_feet,05-06,7364
E05_spatial_control,erd_lr,3,70,0,0,0.41763808704702965,6,both_feet,05-06,7365
E05_spatial_control,erd_lr,3,70,0,1,0.5883286874156137,6,both_fists,05-06,7366
E05_spatial_control,erd_lr,3,70,0,1,0.5244281107789711,6,both_fists,05-06,7367
E05_spatial_control,erd_lr,3,70,0,0,0.28266708473359703,6,both_feet,05-06,7368
E05_spatial_control,erd_lr,3,70,0,1,0.6263831335874337,6,both_fists,05-06,7369
E05_spatial_control,erd_lr,3,70,1,1,0.5636815273072695,7,right_fist,07-08,7370
E05_spatial_control,erd_lr,3,70,1,1,0.5498917614544836,7,left_fist,07-08,7371
E05_spatial_control,erd_lr,3,70,1,0,0.38852325540247645,7,left_fist,07-08,7372
E05_spatial_control,erd_lr,3,70,1,1,0.5959556994372657,7,right_fist,07-08,7373
E05_spatial_control,erd_lr,3,70,1,1,0.5102845323007434,7,right_fist,07-08,7374
E05_spatial_control,erd_lr,3,70,1,1,0.5212346871704062,7,left_fist,07-08,7375
E05_spatial_control,erd_lr,3,70,1,1,0.537895304899457,7,right_fist,07-08,7376
E05_spatial_control,erd_lr,3,70,1,0,0.42513264507841153,7,left_fist,07-08,7377
E05_spatial_control,erd_lr,3,70,1,0,0.31382652333133887,7,right_fist,07-08,7378
E05_spatial_control,erd_lr,3,70,1,0,0.4438428549728622,7,left_fist,07-08,7379
E05_spatial_control,erd_lr,3,70,1,0,0.41786837994878956,7,left_fist,07-08,7380
E05_spatial_control,erd_lr,3,70,1,1,0.5931339972955826,7,right_fist,07-08,7381
E05_spatial_control,erd_lr,3,70,1,0,0.46277113164428996,7,left_fist,07-08,7382
E05_spatial_control,erd_lr,3,70,1,1,0.5516828626431849,7,right_fist,07-08,7383
E05_spatial_control,erd_lr,3,70,1,0,0.4027934883559943,7,left_fist,07-08,7384
E05_spatial_control,erd_lr,3,70,0,1,0.5706445513786172,8,left_fist,07-08,7385
E05_spatial_control,erd_lr,3,70,0,0,0.40404854095007114,8,left_fist,07-08,7386
E05_spatial_control,erd_lr,3,70,0,1,0.5106719218812831,8,right_fist,07-08,7387
E05_spatial_control,erd_lr,3,70,0,1,0.5252382939884436,8,left_fist,07-08,7388
E05_spatial_control,erd_lr,3,70,0,1,0.5297067708423642,8,right_fist,07-08,7389
E05_spatial_control,erd_lr,3,70,0,1,0.6925598246451571,8,right_fist,07-08,7390
E05_spatial_control,erd_lr,3,70,0,0,0.4398139188549012,8,right_fist,07-08,7391
E05_spatial_control,erd_lr,3,70,0,1,0.6067678302753383,8,left_fist,07-08,7392
E05_spatial_control,erd_lr,3,70,0,0,0.49743284472073873,8,left_fist,07-08,7393
E05_spatial_control,erd_lr,3,70,0,0,0.44914007730100286,8,right_fist,07-08,7394
E05_spatial_control,erd_lr,3,70,0,1,0.5468032770964002,8,left_fist,07-08,7395
E05_spatial_control,erd_lr,3,70,1,1,0.5707455903983248,9,both_feet,09-10,7396
E05_spatial_control,erd_lr,3,70,1,1,0.5287049919738184,9,both_fists,09-10,7397
E05_spatial_control,erd_lr,3,70,1,0,0.4021207902505451,9,both_feet,09-10,7398
E05_spatial_control,erd_lr,3,70,1,0,0.45784848611293916,9,both_fists,09-10,7399
E05_spatial_control,erd_lr,3,70,1,0,0.2758823656817973,9,both_feet,09-10,7400
E05_spatial_control,erd_lr,3,70,1,0,0.3655682871482476,9,both_fists,09-10,7401
E05_spatial_control,erd_lr,3,70,1,1,0.5824722387085822,9,both_feet,09-10,7402
E05_spatial_control,erd_lr,3,70,1,1,0.5330486119921035,9,both_fists,09-10,7403
E05_spatial_control,erd_lr,3,70,1,1,0.7032869401808327,9,both_feet,09-10,7404
E05_spatial_control,erd_lr,3,70,1,1,0.5457701575450874,9,both_fists,09-10,7405
E05_spatial_control,erd_lr,3,70,1,1,0.5505700225882285,9,both_feet,09-10,7406
E05_spatial_control,erd_lr,3,70,1,1,0.5660950609154526,9,both_feet,09-10,7407
E05_spatial_control,erd_lr,3,70,1,0,0.452615208044213,9,both_fists,09-10,7408
E05_spatial_control,erd_lr,3,70,1,0,0.394200740283251,9,both_feet,09-10,7409
E05_spatial_control,erd_lr,3,70,0,0,0.4401504634278581,10,both_fists,09-10,7410
E05_spatial_control,erd_lr,3,70,0,1,0.5095698824104256,10,both_feet,09-10,7411
E05_spatial_control,erd_lr,3,70,0,0,0.3198089538862347,10,both_feet,09-10,7412
E05_spatial_control,erd_lr,3,70,0,1,0.5775954803667026,10,both_fists,09-10,7413
E05_spatial_control,erd_lr,3,70,0,0,0.4053066769671395,10,both_feet,09-10,7414
E05_spatial_control,erd_lr,3,70,0,1,0.5074446933924363,10,both_fists,09-10,7415
E05_spatial_control,erd_lr,3,70,0,1,0.6313840638930004,10,both_fists,09-10,7416
E05_spatial_control,erd_lr,3,70,0,1,0.5031773030822272,10,both_feet,09-10,7417
E05_spatial_control,erd_lr,3,70,0,0,0.4905156319566347,10,both_fists,09-10,7418
E05_spatial_control,erd_lr,3,70,0,0,0.3551588855266556,10,both_feet,09-10,7419
E05_spatial_control,erd_lr,3,70,0,0,0.41409858021650003,10,both_fists,09-10,7420
E05_spatial_control,erd_lr,3,70,0,1,0.6180077913030648,10,both_feet,09-10,7421
E05_spatial_control,erd_lr,3,70,0,0,0.48031438946697574,10,both_fists,09-10,7422
E05_spatial_control,erd_lr,3,70,0,1,0.56606134933884,10,both_fists,09-10,7423
E05_spatial_control,erd_lr,3,70,1,0,0.3907956023590963,11,left_fist,11-12,7424
E05_spatial_control,erd_lr,3,70,1,1,0.5271291885382037,11,right_fist,11-12,7425
E05_spatial_control,erd_lr,3,70,1,1,0.5052518379819043,11,left_fist,11-12,7426
E05_spatial_control,erd_lr,3,70,1,0,0.4946372229058342,11,right_fist,11-12,7427
E05_spatial_control,erd_lr,3,70,1,0,0.43351086028949404,11,left_fist,11-12,7428
E05_spatial_control,erd_lr,3,70,1,0,0.45031255791075814,11,right_fist,11-12,7429
E05_spatial_control,erd_lr,3,70,1,0,0.3923519287203543,11,right_fist,11-12,7430
E05_spatial_control,erd_lr,3,70,1,0,0.4807037998526138,11,left_fist,11-12,7431
E05_spatial_control,erd_lr,3,70,1,1,0.5701417776807292,11,right_fist,11-12,7432
E05_spatial_control,erd_lr,3,70,1,1,0.721209472118747,11,right_fist,11-12,7433
E05_spatial_control,erd_lr,3,70,1,0,0.4567665441969532,11,left_fist,11-12,7434
E05_spatial_control,erd_lr,3,70,1,0,0.38723169067692986,11,right_fist,11-12,7435
E05_spatial_control,erd_lr,3,70,1,0,0.4478375402246725,11,left_fist,11-12,7436
E05_spatial_control,erd_lr,3,70,1,1,0.6019726852921146,11,right_fist,11-12,7437
E05_spatial_control,erd_lr,3,70,0,1,0.6010276364908661,12,right_fist,11-12,7438
E05_spatial_control,erd_lr,3,70,0,1,0.6244509155815265,12,left_fist,11-12,7439
E05_spatial_control,erd_lr,3,70,0,0,0.44270259937259426,12,left_fist,11-12,7440
E05_spatial_control,erd_lr,3,70,0,0,0.3971514390160888,12,right_fist,11-12,7441
E05_spatial_control,erd_lr,3,70,0,0,0.45349389187036426,12,left_fist,11-12,7442
E05_spatial_control,erd_lr,3,70,0,0,0.377863316907723,12,right_fist,11-12,7443
E05_spatial_control,erd_lr,3,70,0,0,0.4708888301871196,12,left_fist,11-12,7444
E05_spatial_control,erd_lr,3,70,0,0,0.38025328059833546,12,right_fist,11-12,7445
E05_spatial_control,erd_lr,3,70,0,0,0.37610717460628207,12,right_fist,11-12,7446
E05_spatial_control,erd_lr,3,70,0,1,0.5635826015150623,12,left_fist,11-12,7447
E05_spatial_control,erd_lr,3,70,0,0,0.3147674520002903,12,right_fist,11-12,7448
E05_spatial_control,erd_lr,3,70,0,0,0.3994363963468552,12,right_fist,11-12,7449
E05_spatial_control,erd_lr,3,70,1,0,0.3485980150662575,13,both_feet,13-14,7450
E05_spatial_control,erd_lr,3,70,1,1,0.5418253483888151,13,both_fists,13-14,7451
E05_spatial_control,erd_lr,3,70,1,0,0.4900158752033817,13,both_feet,13-14,7452
E05_spatial_control,erd_lr,3,70,1,1,0.6327562121484379,13,both_fists,13-14,7453
E05_spatial_control,erd_lr,3,70,1,0,0.47173123771134473,13,both_feet,13-14,7454
E05_spatial_control,erd_lr,3,70,1,0,0.3587521136416841,13,both_feet,13-14,7455
E05_spatial_control,erd_lr,3,70,1,1,0.564300948355177,13,both_fists,13-14,7456
E05_spatial_control,erd_lr,3,70,1,0,0.4221894854255821,13,both_feet,13-14,7457
E05_spatial_control,erd_lr,3,70,1,1,0.56741683166108,13,both_fists,13-14,7458
E05_spatial_control,erd_lr,3,70,1,1,0.5998502259557438,13,both_fists,13-14,7459
E05_spatial_control,erd_lr,3,70,1,0,0.3845570758640186,13,both_feet,13-14,7460
E05_spatial_control,erd_lr,3,70,1,0,0.4809662422384653,13,both_feet,13-14,7461
E05_spatial_control,erd_lr,3,70,1,1,0.7445689033099167,13,both_fists,13-14,7462
E05_spatial_control,erd_lr,3,70,1,1,0.6574117067888748,13,both_fists,13-14,7463
E05_spatial_control,erd_lr,3,70,0,1,0.5092506046620623,14,both_feet,13-14,7464
E05_spatial_control,erd_lr,3,70,0,1,0.5023598165735746,14,both_fists,13-14,7465
E05_spatial_control,erd_lr,3,70,0,0,0.3152932593683903,14,both_fists,13-14,7466
E05_spatial_control,erd_lr,3,70,0,0,0.34250847291717823,14,both_feet,13-14,7467
E05_spatial_control,erd_lr,3,70,0,0,0.40274091123997513,14,both_fists,13-14,7468
E05_spatial_control,erd_lr,3,70,0,0,0.35471107443195615,14,both_feet,13-14,7469
E05_spatial_control,erd_lr,3,70,0,0,0.38437058735455326,14,both_fists,13-14,7470
E05_spatial_control,erd_lr,3,70,0,0,0.42296573112016045,14,both_feet,13-14,7471
E05_spatial_control,erd_lr,3,70,0,0,0.46134413045105155,14,both_feet,13-14,7472
E05_spatial_control,erd_lr,3,70,0,0,0.4351324997403206,14,both_fists,13-14,7473
E05_spatial_control,erd_lr,3,70,0,0,0.43156786973302314,14,both_feet,13-14,7474
E05_spatial_control,erd_lr,3,70,0,1,0.6442167667196054,14,both_fists,13-14,7475
E05_spatial_control,erd_lr,3,70,0,0,0.42686197434621165,14,both_feet,13-14,7476
E05_spatial_control,erd_lr,3,70,0,0,0.4750592795783723,14,both_feet,13-14,7477
E05_spatial_control,erd_lr,3,71,1,0,0.4059111176307472,3,left_fist,03-04,7478
E05_spatial_control,erd_lr,3,71,1,0,0.3599148298391922,3,right_fist,03-04,7479
E05_spatial_control,erd_lr,3,71,1,0,0.26538065358597357,3,right_fist,03-04,7480
E05_spatial_control,erd_lr,3,71,1,0,0.4307430381307139,3,left_fist,03-04,7481
E05_spatial_control,erd_lr,3,71,1,1,0.5044563838383219,3,right_fist,03-04,7482
E05_spatial_control,erd_lr,3,71,1,0,0.4468234547580672,3,left_fist,03-04,7483
E05_spatial_control,erd_lr,3,71,1,1,0.6134309595504445,3,right_fist,03-04,7484
E05_spatial_control,erd_lr,3,71,1,0,0.473245086026497,3,left_fist,03-04,7485
E05_spatial_control,erd_lr,3,71,1,0,0.49181785365746483,3,left_fist,03-04,7486
E05_spatial_control,erd_lr,3,71,1,1,0.6173775523886045,3,right_fist,03-04,7487
E05_spatial_control,erd_lr,3,71,1,0,0.4905970995319187,3,right_fist,03-04,7488
E05_spatial_control,erd_lr,3,71,1,0,0.4843280320987446,3,left_fist,03-04,7489
E05_spatial_control,erd_lr,3,71,1,0,0.48743827365164577,3,right_fist,03-04,7490
E05_spatial_control,erd_lr,3,71,1,1,0.6915934646856914,3,left_fist,03-04,7491
E05_spatial_control,erd_lr,3,71,1,1,0.5180647988644519,3,right_fist,03-04,7492
E05_spatial_control,erd_lr,3,71,0,1,0.5957927368988353,4,left_fist,03-04,7493
E05_spatial_control,erd_lr,3,71,0,1,0.5952598568790864,4,right_fist,03-04,7494
E05_spatial_control,erd_lr,3,71,0,0,0.454666617835667,4,left_fist,03-04,7495
E05_spatial_control,erd_lr,3,71,0,0,0.48235579873595336,4,right_fist,03-04,7496
E05_spatial_control,erd_lr,3,71,0,0,0.4359263902424603,4,left_fist,03-04,7497
E05_spatial_control,erd_lr,3,71,0,0,0.2950648138808531,4,right_fist,03-04,7498
E05_spatial_control,erd_lr,3,71,0,0,0.3781194952262547,4,right_fist,03-04,7499
E05_spatial_control,erd_lr,3,71,0,0,0.44012009075615194,4,left_fist,03-04,7500
E05_spatial_control,erd_lr,3,71,0,1,0.5381637651400522,4,right_fist,03-04,7501
E05_spatial_control,erd_lr,3,71,0,1,0.6492749524597288,4,left_fist,03-04,7502
E05_spatial_control,erd_lr,3,71,0,1,0.5060144232324261,4,right_fist,03-04,7503
E05_spatial_control,erd_lr,3,71,0,0,0.43920731237086413,4,left_fist,03-04,7504
E05_spatial_control,erd_lr,3,71,0,1,0.5661004599419633,4,right_fist,03-04,7505
E05_spatial_control,erd_lr,3,71,0,1,0.5742453870604798,4,left_fist,03-04,7506
E05_spatial_control,erd_lr,3,71,1,0,0.3168810276262343,5,both_feet,05-06,7507
E05_spatial_control,erd_lr,3,71,1,1,0.7056598538646046,5,both_fists,05-06,7508
E05_spatial_control,erd_lr,3,71,1,1,0.5052479904064434,5,both_feet,05-06,7509
E05_spatial_control,erd_lr,3,71,1,1,0.6003128421163119,5,both_fists,05-06,7510
E05_spatial_control,erd_lr,3,71,1,1,0.5705825958441821,5,both_feet,05-06,7511
E05_spatial_control,erd_lr,3,71,1,0,0.4152070069046418,5,both_fists,05-06,7512
E05_spatial_control,erd_lr,3,71,1,1,0.5196689417863234,5,both_feet,05-06,7513
E05_spatial_control,erd_lr,3,71,1,1,0.551445690825517,5,both_fists,05-06,7514
E05_spatial_control,erd_lr,3,71,1,1,0.6490933935916163,5,both_fists,05-06,7515
E05_spatial_control,erd_lr,3,71,1,1,0.5020789547075316,5,both_feet,05-06,7516
E05_spatial_control,erd_lr,3,71,1,0,0.3716730114702428,5,both_feet,05-06,7517
E05_spatial_control,erd_lr,3,71,1,1,0.5090233108962868,5,both_fists,05-06,7518
E05_spatial_control,erd_lr,3,71,1,0,0.40570313339651815,5,both_fists,05-06,7519
E05_spatial_control,erd_lr,3,71,1,1,0.5835939104240314,5,both_feet,05-06,7520
E05_spatial_control,erd_lr,3,71,1,0,0.48359606959211604,5,both_fists,05-06,7521
E05_spatial_control,erd_lr,3,71,0,0,0.3822877338068076,6,both_feet,05-06,7522
E05_spatial_control,erd_lr,3,71,0,0,0.450773522562741,6,both_feet,05-06,7523
E05_spatial_control,erd_lr,3,71,0,0,0.36387081715053615,6,both_fists,05-06,7524
E05_spatial_control,erd_lr,3,71,0,0,0.4279678861589969,6,both_feet,05-06,7525
E05_spatial_control,erd_lr,3,71,0,0,0.4515600773380793,6,both_fists,05-06,7526
E05_spatial_control,erd_lr,3,71,0,0,0.3398002525406396,6,both_feet,05-06,7527
E05_spatial_control,erd_lr,3,71,0,1,0.5050743187483704,6,both_fists,05-06,7528
E05_spatial_control,erd_lr,3,71,0,0,0.3511829415876943,6,both_feet,05-06,7529
E05_spatial_control,erd_lr,3,71,0,1,0.585824604480909,6,both_fists,05-06,7530
E05_spatial_control,erd_lr,3,71,0,0,0.4631062563725543,6,both_fists,05-06,7531
E05_spatial_control,erd_lr,3,71,0,1,0.5375826593254323,6,both_feet,05-06,7532
E05_spatial_control,erd_lr,3,71,0,0,0.4220042921899177,6,both_feet,05-06,7533
E05_spatial_control,erd_lr,3,71,0,1,0.5860510507637592,6,both_fists,05-06,7534
E05_spatial_control,erd_lr,3,71,0,1,0.557354525818722,6,both_fists,05-06,7535
E05_spatial_control,erd_lr,3,71,1,0,0.43874371272428814,7,left_fist,07-08,7536
E05_spatial_control,erd_lr,3,71,1,0,0.37150728648250086,7,right_fist,07-08,7537
E05_spatial_control,erd_lr,3,71,1,0,0.41808567164287735,7,left_fist,07-08,7538
E05_spatial_control,erd_lr,3,71,1,1,0.6508847968314488,7,right_fist,07-08,7539
E05_spatial_control,erd_lr,3,71,1,0,0.42515223785014694,7,left_fist,07-08,7540
E05_spatial_control,erd_lr,3,71,1,1,0.5516840555603546,7,right_fist,07-08,7541
E05_spatial_control,erd_lr,3,71,1,0,0.46306529213638364,7,right_fist,07-08,7542
E05_spatial_control,erd_lr,3,71,1,0,0.44251026422104967,7,left_fist,07-08,7543
E05_spatial_control,erd_lr,3,71,1,1,0.5588561801783256,7,right_fist,07-08,7544
E05_spatial_control,erd_lr,3,71,1,1,0.5394403117231895,7,left_fist,07-08,7545
E05_spatial_control,erd_lr,3,71,1,0,0.41857046082747007,7,right_fist,07-08,7546
E05_spatial_control,erd_lr,3,71,1,1,0.5484876411011008,7,left_fist,07-08,7547
E05_spatial_control,erd_lr,3,71,1,1,0.6239162227907273,7,left_fist,07-08,7548
E05_spatial_control,erd_lr,3,71,1,1,0.5472948341900461,7,right_fist,07-08,7549
E05_spatial_control,erd_lr,3,71,1,0,0.3570281041366224,7,left_fist,07-08,7550
E05_spatial_control,erd_lr,3,71,0,0,0.48897190925518513,8,left_fist,07-08,7551
E05_spatial_control,erd_lr,3,71,0,0,0.40101238857617094,8,right_fist,07-08,7552
E05_spatial_control,erd_lr,3,71,0,0,0.19086816346131363,8,right_fist,07-08,7553
E05_spatial_control,erd_lr,3,71,0,1,0.5906300748539546,8,left_fist,07-08,7554
E05_spatial_control,erd_lr,3,71,0,1,0.5454766207514747,8,right_fist,07-08,7555
E05_spatial_control,erd_lr,3,71,0,1,0.5993466641170818,8,left_fist,07-08,7556
E05_spatial_control,erd_lr,3,71,0,0,0.4670749636514231,8,right_fist,07-08,7557
E05_spatial_control,erd_lr,3,71,0,0,0.44858005734179035,8,left_fist,07-08,7558
E05_spatial_control,erd_lr,3,71,0,0,0.47448829582673274,8,right_fist,07-08,7559
E05_spatial_control,erd_lr,3,71,0,0,0.4482139890213076,8,left_fist,07-08,7560
E05_spatial_control,erd_lr,3,71,0,0,0.3470232458829436,8,left_fist,07-08,7561
E05_spatial_control,erd_lr,3,71,0,0,0.3383360172470741,8,right_fist,07-08,7562
E05_spatial_control,erd_lr,3,71,0,0,0.33874776771538967,8,left_fist,07-08,7563
E05_spatial_control,erd_lr,3,71,0,0,0.4673138944763502,8,right_fist,07-08,7564
E05_spatial_control,erd_lr,3,71,0,1,0.6260472506550318,8,right_fist,07-08,7565
E05_spatial_control,erd_lr,3,71,1,1,0.577466775762497,9,both_fists,09-10,7566
E05_spatial_control,erd_lr,3,71,1,0,0.4880540377641632,9,both_feet,09-10,7567
E05_spatial_control,erd_lr,3,71,1,1,0.5154125011597644,9,both_fists,09-10,7568
E05_spatial_control,erd_lr,3,71,1,1,0.5791307826683533,9,both_feet,09-10,7569
E05_spatial_control,erd_lr,3,71,1,0,0.4820442852113216,9,both_feet,09-10,7570
E05_spatial_control,erd_lr,3,71,1,1,0.5956637232519252,9,both_fists,09-10,7571
E05_spatial_control,erd_lr,3,71,1,1,0.5647421776821417,9,both_feet,09-10,7572
E05_spatial_control,erd_lr,3,71,1,0,0.43547155980680863,9,both_fists,09-10,7573
E05_spatial_control,erd_lr,3,71,1,0,0.3700054602624929,9,both_feet,09-10,7574
E05_spatial_control,erd_lr,3,71,1,1,0.6244410037039788,9,both_fists,09-10,7575
E05_spatial_control,erd_lr,3,71,1,0,0.4177625731329719,9,both_fists,09-10,7576
E05_spatial_control,erd_lr,3,71,1,1,0.5965717112441626,9,both_feet,09-10,7577
E05_spatial_control,erd_lr,3,71,1,1,0.5755645910059759,9,both_feet,09-10,7578
E05_spatial_control,erd_lr,3,71,1,0,0.4468628320369939,9,both_fists,09-10,7579
E05_spatial_control,erd_lr,3,71,1,1,0.6139551419637828,9,both_feet,09-10,7580
E05_spatial_control,erd_lr,3,71,0,0,0.3807384838753261,10,both_feet,09-10,7581
E05_spatial_control,erd_lr,3,71,0,0,0.43615857677797343,10,both_fists,09-10,7582
E05_spatial_control,erd_lr,3,71,0,0,0.454003509841564,10,both_fists,09-10,7583
E05_spatial_control,erd_lr,3,71,0,0,0.39989914787408704,10,both_feet,09-10,7584
E05_spatial_control,erd_lr,3,71,0,0,0.36561769993368615,10,both_fists,09-10,7585
E05_spatial_control,erd_lr,3,71,0,0,0.4731059365686946,10,both_feet,09-10,7586
E05_spatial_control,erd_lr,3,71,0,1,0.6756056811522622,10,both_feet,09-10,7587
E05_spatial_control,erd_lr,3,71,0,1,0.5826737599021067,10,both_fists,09-10,7588
E05_spatial_control,erd_lr,3,71,0,1,0.6159352010003605,10,both_fists,09-10,7589
E05_spatial_control,erd_lr,3,71,0,1,0.5802014636080028,10,both_feet,09-10,7590
E05_spatial_control,erd_lr,3,71,0,0,0.456962709105015,10,both_fists,09-10,7591
E05_spatial_control,erd_lr,3,71,0,0,0.45018849179956205,10,both_feet,09-10,7592
E05_spatial_control,erd_lr,3,71,0,0,0.45149520305000385,10,both_fists,09-10,7593
E05_spatial_control,erd_lr,3,71,0,0,0.3573422553007675,10,both_fists,09-10,7594
E05_spatial_control,erd_lr,3,71,1,0,0.49620234777521727,13,both_fists,13-14,7595
E05_spatial_control,erd_lr,3,71,1,1,0.5005375235443602,13,both_feet,13-14,7596
E05_spatial_control,erd_lr,3,71,1,1,0.528929450334044,13,both_fists,13-14,7597
E05_spatial_control,erd_lr,3,71,1,1,0.5739029583768763,13,both_feet,13-14,7598
E05_spatial_control,erd_lr,3,71,1,1,0.5187843421640955,13,both_feet,13-14,7599
E05_spatial_control,erd_lr,3,71,1,1,0.5641310758800065,13,both_fists,13-14,7600
E05_spatial_control,erd_lr,3,71,1,0,0.34746787661379075,13,both_fists,13-14,7601
E05_spatial_control,erd_lr,3,71,1,0,0.37299544223013575,13,both_feet,13-14,7602
E05_spatial_control,erd_lr,3,71,1,1,0.5476438448112851,13,both_feet,13-14,7603
E05_spatial_control,erd_lr,3,71,1,0,0.40630972747259453,13,both_fists,13-14,7604
E05_spatial_control,erd_lr,3,71,1,0,0.4185521047384682,13,both_fists,13-14,7605
E05_spatial_control,erd_lr,3,71,1,1,0.558792148098379,13,both_feet,13-14,7606
E05_spatial_control,erd_lr,3,71,1,0,0.49804028958383745,13,both_feet,13-14,7607
E05_spatial_control,erd_lr,3,71,1,0,0.470822136996806,13,both_fists,13-14,7608
E05_spatial_control,erd_lr,3,71,0,0,0.47147174354687027,14,both_feet,13-14,7609
E05_spatial_control,erd_lr,3,71,0,0,0.49465348631107986,14,both_fists,13-14,7610
E05_spatial_control,erd_lr,3,71,0,0,0.2956869686284568,14,both_fists,13-14,7611
E05_spatial_control,erd_lr,3,71,0,0,0.44075911682226115,14,both_fists,13-14,7612
E05_spatial_control,erd_lr,3,71,0,0,0.3708189483162396,14,both_fists,13-14,7613
E05_spatial_control,erd_lr,3,74,1,1,0.6042224032863718,3,left_fist,03-04,7965
E05_spatial_control,erd_lr,3,74,1,1,0.5748768398211359,3,right_fist,03-04,7966
E05_spatial_control,erd_lr,3,74,1,1,0.591884225727141,3,right_fist,03-04,7967
E05_spatial_control,erd_lr,3,74,1,0,0.47004654076527563,3,left_fist,03-04,7968
E05_spatial_control,erd_lr,3,74,1,1,0.814199235485054,3,right_fist,03-04,7969
E05_spatial_control,erd_lr,3,74,1,0,0.384192547514368,3,left_fist,03-04,7970
E05_spatial_control,erd_lr,3,74,1,0,0.47729683689428404,3,left_fist,03-04,7971
E05_spatial_control,erd_lr,3,74,1,1,0.6786226928500204,3,right_fist,03-04,7972
E05_spatial_control,erd_lr,3,74,1,0,0.467232035891488,3,right_fist,03-04,7973
E05_spatial_control,erd_lr,3,74,1,0,0.4062070022431771,3,left_fist,03-04,7974
E05_spatial_control,erd_lr,3,74,1,1,0.5415705583743138,3,left_fist,03-04,7975
E05_spatial_control,erd_lr,3,74,1,1,0.6263547086571254,3,right_fist,03-04,7976
E05_spatial_control,erd_lr,3,74,1,1,0.501632561094894,3,right_fist,03-04,7977
E05_spatial_control,erd_lr,3,74,1,1,0.5377983739621899,3,left_fist,03-04,7978
E05_spatial_control,erd_lr,3,74,1,0,0.4818014009847867,3,left_fist,03-04,7979
E05_spatial_control,erd_lr,3,74,0,0,0.4308256377366022,4,right_fist,03-04,7980
E05_spatial_control,erd_lr,3,74,0,0,0.4059725035688654,4,left_fist,03-04,7981
E05_spatial_control,erd_lr,3,74,0,0,0.44049117896635986,4,left_fist,03-04,7982
E05_spatial_control,erd_lr,3,74,0,1,0.6052832192022983,4,right_fist,03-04,7983
E05_spatial_control,erd_lr,3,74,0,1,0.5364890987726603,4,right_fist,03-04,7984
E05_spatial_control,erd_lr,3,74,0,1,0.5124211872209249,4,left_fist,03-04,7985
E05_spatial_control,erd_lr,3,74,0,0,0.40942588994720247,4,right_fist,03-04,7986
E05_spatial_control,erd_lr,3,74,0,0,0.33723791163274563,4,left_fist,03-04,7987
E05_spatial_control,erd_lr,3,74,0,0,0.3895085555787332,4,right_fist,03-04,7988
E05_spatial_control,erd_lr,3,74,0,1,0.5588194983048437,4,left_fist,03-04,7989
E05_spatial_control,erd_lr,3,74,0,0,0.42276839618930084,4,right_fist,03-04,7990
E05_spatial_control,erd_lr,3,74,0,0,0.38271630580564475,4,left_fist,03-04,7991
E05_spatial_control,erd_lr,3,74,0,0,0.45041956453521154,4,left_fist,03-04,7992
E05_spatial_control,erd_lr,3,74,0,0,0.45868382631973836,4,right_fist,03-04,7993
E05_spatial_control,erd_lr,3,74,0,0,0.41521176519453834,4,left_fist,03-04,7994
E05_spatial_control,erd_lr,3,74,1,1,0.5904004658154651,5,both_feet,05-06,7995
E05_spatial_control,erd_lr,3,74,1,1,0.6058507232527592,5,both_fists,05-06,7996
E05_spatial_control,erd_lr,3,74,1,1,0.7015795719247903,5,both_fists,05-06,7997
E05_spatial_control,erd_lr,3,74,1,1,0.7158638817763292,5,both_feet,05-06,7998
E05_spatial_control,erd_lr,3,74,1,0,0.24839595143433887,5,both_feet,05-06,7999
E05_spatial_control,erd_lr,3,74,1,0,0.46547699454767383,5,both_fists,05-06,8000
E05_spatial_control,erd_lr,3,74,1,1,0.6575034614001619,5,both_feet,05-06,8001
E05_spatial_control,erd_lr,3,74,1,1,0.7384915045905746,5,both_fists,05-06,8002
E05_spatial_control,erd_lr,3,74,1,1,0.6941117649480391,5,both_feet,05-06,8003
E05_spatial_control,erd_lr,3,74,1,1,0.672154982318482,5,both_fists,05-06,8004
E05_spatial_control,erd_lr,3,74,1,0,0.46451378535331667,5,both_fists,05-06,8005
E05_spatial_control,erd_lr,3,74,1,1,0.5074068338289095,5,both_feet,05-06,8006
E05_spatial_control,erd_lr,3,74,1,0,0.4855986700286401,5,both_feet,05-06,8007
E05_spatial_control,erd_lr,3,74,1,0,0.350841930998032,5,both_fists,05-06,8008
E05_spatial_control,erd_lr,3,74,1,1,0.680668475012761,5,both_feet,05-06,8009
E05_spatial_control,erd_lr,3,74,0,1,0.5042270705845313,6,both_fists,05-06,8010
E05_spatial_control,erd_lr,3,74,0,0,0.48968616825769357,6,both_feet,05-06,8011
E05_spatial_control,erd_lr,3,74,0,1,0.6598985373848958,6,both_feet,05-06,8012
E05_spatial_control,erd_lr,3,74,0,1,0.6175103716695641,6,both_fists,05-06,8013
E05_spatial_control,erd_lr,3,74,0,0,0.4300363342905907,6,both_feet,05-06,8014
E05_spatial_control,erd_lr,3,74,0,0,0.26452486723265417,6,both_fists,05-06,8015
E05_spatial_control,erd_lr,3,74,0,0,0.44937660855255285,6,both_fists,05-06,8016
E05_spatial_control,erd_lr,3,74,0,0,0.46656769289142297,6,both_feet,05-06,8017
E05_spatial_control,erd_lr,3,74,0,0,0.1843063819929893,6,both_feet,05-06,8018
E05_spatial_control,erd_lr,3,74,0,0,0.34602505905945596,6,both_fists,05-06,8019
E05_spatial_control,erd_lr,3,74,0,1,0.5551495927427067,6,both_fists,05-06,8020
E05_spatial_control,erd_lr,3,74,0,1,0.5777494430737683,6,both_feet,05-06,8021
E05_spatial_control,erd_lr,3,74,0,0,0.41002092496063197,6,both_fists,05-06,8022
E05_spatial_control,erd_lr,3,74,0,1,0.5716987576534579,6,both_feet,05-06,8023
E05_spatial_control,erd_lr,3,74,0,0,0.43542296061176367,6,both_fists,05-06,8024
E05_spatial_control,erd_lr,3,74,1,0,0.3897110816440373,7,right_fist,07-08,8025
E05_spatial_control,erd_lr,3,74,1,1,0.5118047673194082,7,left_fist,07-08,8026
E05_spatial_control,erd_lr,3,74,1,1,0.8311713438500501,7,left_fist,07-08,8027
E05_spatial_control,erd_lr,3,74,1,0,0.36918228930961117,7,right_fist,07-08,8028
E05_spatial_control,erd_lr,3,74,1,1,0.5485324805903609,7,left_fist,07-08,8029
E05_spatial_control,erd_lr,3,74,1,0,0.30086089221547313,7,right_fist,07-08,8030
E05_spatial_control,erd_lr,3,74,1,0,0.4713412601213695,7,right_fist,07-08,8031
E05_spatial_control,erd_lr,3,74,1,0,0.3868872488519202,7,left_fist,07-08,8032
E05_spatial_control,erd_lr,3,74,1,1,0.5234780536495575,7,right_fist,07-08,8033
E05_spatial_control,erd_lr,3,74,1,0,0.47491664585037746,7,left_fist,07-08,8034
E05_spatial_control,erd_lr,3,74,1,0,0.33592613826263623,7,right_fist,07-08,8035
E05_spatial_control,erd_lr,3,74,1,1,0.5388637900145536,7,left_fist,07-08,8036
E05_spatial_control,erd_lr,3,74,1,1,0.5646921722675429,7,right_fist,07-08,8037
E05_spatial_control,erd_lr,3,74,1,0,0.29986975735772764,7,left_fist,07-08,8038
E05_spatial_control,erd_lr,3,74,1,1,0.5609777649808544,7,left_fist,07-08,8039
E05_spatial_control,erd_lr,3,74,0,0,0.47507520209487775,8,right_fist,07-08,8040
E05_spatial_control,erd_lr,3,74,0,1,0.5053610985180761,8,left_fist,07-08,8041
E05_spatial_control,erd_lr,3,74,0,0,0.47254171992799476,8,right_fist,07-08,8042
E05_spatial_control,erd_lr,3,74,0,1,0.5965261091024678,8,left_fist,07-08,8043
E05_spatial_control,erd_lr,3,74,0,1,0.5995516982683167,8,right_fist,07-08,8044
E05_spatial_control,erd_lr,3,74,0,0,0.39115364008366627,8,left_fist,07-08,8045
E05_spatial_control,erd_lr,3,74,0,1,0.6886401437154492,8,left_fist,07-08,8046
E05_spatial_control,erd_lr,3,74,0,1,0.6151241527084088,8,right_fist,07-08,8047
E05_spatial_control,erd_lr,3,74,0,1,0.7413233318456038,8,right_fist,07-08,8048
E05_spatial_control,erd_lr,3,74,0,1,0.8133696804915163,8,left_fist,07-08,8049
E05_spatial_control,erd_lr,3,74,0,0,0.4775410968975694,8,left_fist,07-08,8050
E05_spatial_control,erd_lr,3,74,0,1,0.6555032025730578,8,right_fist,07-08,8051
E05_spatial_control,erd_lr,3,74,0,1,0.5417781734777366,8,right_fist,07-08,8052
E05_spatial_control,erd_lr,3,74,0,1,0.6208361113891963,8,left_fist,07-08,8053
E05_spatial_control,erd_lr,3,74,0,0,0.16918522580558687,8,left_fist,07-08,8054
E05_spatial_control,erd_lr,3,74,1,0,0.46181639692546517,9,both_fists,09-10,8055
E05_spatial_control,erd_lr,3,74,1,1,0.5063956278828803,9,both_feet,09-10,8056
E05_spatial_control,erd_lr,3,74,1,1,0.5387828446279328,9,both_fists,09-10,8057
E05_spatial_control,erd_lr,3,74,1,0,0.432474410535335,9,both_feet,09-10,8058
E05_spatial_control,erd_lr,3,74,1,0,0.3655342488670492,9,both_feet,09-10,8059
E05_spatial_control,erd_lr,3,74,1,0,0.4134101199852593,9,both_fists,09-10,8060
E05_spatial_control,erd_lr,3,74,1,1,0.7080607866134524,9,both_feet,09-10,8061
E05_spatial_control,erd_lr,3,74,1,1,0.5810629309950696,9,both_fists,09-10,8062
E05_spatial_control,erd_lr,3,74,1,0,0.46721414258857613,9,both_feet,09-10,8063
E05_spatial_control,erd_lr,3,74,1,0,0.45287577302159193,9,both_fists,09-10,8064
E05_spatial_control,erd_lr,3,74,1,0,0.46507159351687216,9,both_fists,09-10,8065
E05_spatial_control,erd_lr,3,74,1,0,0.24046706400570786,9,both_feet,09-10,8066
E05_spatial_control,erd_lr,3,74,1,0,0.34975119159793683,9,both_feet,09-10,8067
E05_spatial_control,erd_lr,3,74,1,1,0.6251194466142367,9,both_fists,09-10,8068
E05_spatial_control,erd_lr,3,74,1,0,0.4483364885756368,9,both_feet,09-10,8069
E05_spatial_control,erd_lr,3,74,0,0,0.23065717321242335,10,both_fists,09-10,8070
E05_spatial_control,erd_lr,3,74,0,1,0.5332375020784531,10,both_feet,09-10,8071
E05_spatial_control,erd_lr,3,74,0,0,0.41214850390405783,10,both_feet,09-10,8072
E05_spatial_control,erd_lr,3,74,0,1,0.5226926552021748,10,both_fists,09-10,8073
E05_spatial_control,erd_lr,3,74,0,1,0.5151753214259889,10,both_fists,09-10,8074
E05_spatial_control,erd_lr,3,74,0,0,0.3808448393002801,10,both_feet,09-10,8075
E05_spatial_control,erd_lr,3,74,0,0,0.35188855269531377,10,both_fists,09-10,8076
E05_spatial_control,erd_lr,3,74,0,0,0.3158102251629304,10,both_feet,09-10,8077
E05_spatial_control,erd_lr,3,74,0,1,0.5404360548107399,10,both_feet,09-10,8078
E05_spatial_control,erd_lr,3,74,0,0,0.21972133764748472,10,both_fists,09-10,8079
E05_spatial_control,erd_lr,3,74,0,0,0.4299392976589847,10,both_feet,09-10,8080
E05_spatial_control,erd_lr,3,74,0,0,0.2526835314384083,10,both_fists,09-10,8081
E05_spatial_control,erd_lr,3,74,0,0,0.3610783059303097,10,both_fists,09-10,8082
E05_spatial_control,erd_lr,3,74,0,0,0.447480884899111,10,both_feet,09-10,8083
E05_spatial_control,erd_lr,3,74,0,1,0.5153752160208733,10,both_feet,09-10,8084
E05_spatial_control,erd_lr,3,74,1,1,0.6488694005942648,11,left_fist,11-12,8085
E05_spatial_control,erd_lr,3,74,1,0,0.3979648557392759,11,right_fist,11-12,8086
E05_spatial_control,erd_lr,3,74,1,0,0.40061497369757787,11,left_fist,11-12,8087
E05_spatial_control,erd_lr,3,74,1,0,0.4436937521886716,11,right_fist,11-12,8088
E05_spatial_control,erd_lr,3,74,1,1,0.6123168648787961,11,left_fist,11-12,8089
E05_spatial_control,erd_lr,3,74,1,0,0.4275687885009533,11,right_fist,11-12,8090
E05_spatial_control,erd_lr,3,74,1,0,0.3282982182940916,11,right_fist,11-12,8091
E05_spatial_control,erd_lr,3,74,1,1,0.7130503198564178,11,left_fist,11-12,8092
E05_spatial_control,erd_lr,3,74,1,1,0.5650640803219681,11,left_fist,11-12,8093
E05_spatial_control,erd_lr,3,74,1,0,0.3446417346842984,11,right_fist,11-12,8094
E05_spatial_control,erd_lr,3,74,1,1,0.6118318666859065,11,right_fist,11-12,8095
E05_spatial_control,erd_lr,3,74,1,1,0.536278093019095,11,left_fist,11-12,8096
E05_spatial_control,erd_lr,3,74,1,1,0.5551289397522401,11,left_fist,11-12,8097
E05_spatial_control,erd_lr,3,74,1,0,0.48020549928764367,11,right_fist,11-12,8098
E05_spatial_control,erd_lr,3,74,1,0,0.39147618099630965,11,left_fist,11-12,8099
E05_spatial_control,erd_lr,3,74,0,0,0.4899100290143318,12,right_fist,11-12,8100
E05_spatial_control,erd_lr,3,74,0,0,0.2987275957195491,12,left_fist,11-12,8101
E05_spatial_control,erd_lr,3,74,0,1,0.7320198940011476,12,left_fist,11-12,8102
E05_spatial_control,erd_lr,3,74,0,0,0.4630358369881733,12,right_fist,11-12,8103
E05_spatial_control,erd_lr,3,74,0,1,0.6265507244240027,12,left_fist,11-12,8104
E05_spatial_control,erd_lr,3,74,0,1,0.5758109292945321,12,right_fist,11-12,8105
E05_spatial_control,erd_lr,3,74,0,0,0.48652031834677906,12,left_fist,11-12,8106
E05_spatial_control,erd_lr,3,74,0,0,0.3927392600599733,12,right_fist,11-12,8107
E05_spatial_control,erd_lr,3,74,0,0,0.30852280477649435,12,right_fist,11-12,8108
E05_spatial_control,erd_lr,3,74,0,0,0.2303975170378654,12,left_fist,11-12,8109
E05_spatial_control,erd_lr,3,74,0,1,0.5617770620717999,12,right_fist,11-12,8110
E05_spatial_control,erd_lr,3,74,0,1,0.7365797300370437,12,left_fist,11-12,8111
E05_spatial_control,erd_lr,3,74,0,1,0.8281780204632382,12,right_fist,11-12,8112
E05_spatial_control,erd_lr,3,74,0,1,0.6355414449784098,12,left_fist,11-12,8113
E05_spatial_control,erd_lr,3,74,0,1,0.6299598108763136,12,left_fist,11-12,8114
E05_spatial_control,erd_lr,3,74,1,0,0.2604206611472245,13,both_feet,13-14,8115
E05_spatial_control,erd_lr,3,74,1,0,0.38211408765803706,13,both_fists,13-14,8116
E05_spatial_control,erd_lr,3,74,1,0,0.49572160548773103,13,both_feet,13-14,8117
E05_spatial_control,erd_lr,3,74,1,0,0.43213064782863275,13,both_fists,13-14,8118
E05_spatial_control,erd_lr,3,74,1,0,0.16164222464004527,13,both_fists,13-14,8119
E05_spatial_control,erd_lr,3,74,1,0,0.38377923832915706,13,both_feet,13-14,8120
E05_spatial_control,erd_lr,3,74,1,1,0.5951144905865371,13,both_fists,13-14,8121
E05_spatial_control,erd_lr,3,74,1,0,0.35268645526227155,13,both_feet,13-14,8122
E05_spatial_control,erd_lr,3,74,1,1,0.5913404818788461,13,both_feet,13-14,8123
E05_spatial_control,erd_lr,3,74,1,1,0.5882580142358084,13,both_fists,13-14,8124
E05_spatial_control,erd_lr,3,74,1,1,0.6911981643919856,13,both_fists,13-14,8125
E05_spatial_control,erd_lr,3,74,1,0,0.49374433661779166,13,both_feet,13-14,8126
E05_spatial_control,erd_lr,3,74,1,1,0.9116126899387438,13,both_feet,13-14,8127
E05_spatial_control,erd_lr,3,74,1,0,0.452801978845427,13,both_fists,13-14,8128
E05_spatial_control,erd_lr,3,74,1,1,0.5951689266191121,13,both_feet,13-14,8129
E05_spatial_control,erd_lr,3,74,0,1,0.6482600550462294,14,both_feet,13-14,8130
E05_spatial_control,erd_lr,3,74,0,0,0.31931806162557574,14,both_fists,13-14,8131
E05_spatial_control,erd_lr,3,74,0,0,0.352718636385989,14,both_fists,13-14,8132
E05_spatial_control,erd_lr,3,74,0,0,0.3045347736556955,14,both_feet,13-14,8133
E05_spatial_control,erd_lr,3,74,0,1,0.5660922328988577,14,both_feet,13-14,8134
E05_spatial_control,erd_lr,3,74,0,0,0.1403721901560774,14,both_fists,13-14,8135
E05_spatial_control,erd_lr,3,74,0,0,0.21596297102444137,14,both_fists,13-14,8136
E05_spatial_control,erd_lr,3,74,0,1,0.7957660433068289,14,both_feet,13-14,8137
E05_spatial_control,erd_lr,3,74,0,1,0.5316146401535163,14,both_fists,13-14,8138
E05_spatial_control,erd_lr,3,74,0,1,0.5644617044993359,14,both_feet,13-14,8139
E05_spatial_control,erd_lr,3,74,0,0,0.4382954002845909,14,both_feet,13-14,8140
E05_spatial_control,erd_lr,3,74,0,1,0.6464740893787697,14,both_fists,13-14,8141
E05_spatial_control,erd_lr,3,74,0,1,0.6478677592044572,14,both_feet,13-14,8142
E05_spatial_control,erd_lr,3,74,0,0,0.49951879938051685,14,both_fists,13-14,8143
E05_spatial_control,erd_lr,3,84,1,0,0.4509311440174065,3,left_fist,03-04,9200
E05_spatial_control,erd_lr,3,84,1,0,0.38841161213900993,3,right_fist,03-04,9201
E05_spatial_control,erd_lr,3,84,1,0,0.4465123767097868,3,left_fist,03-04,9202
E05_spatial_control,erd_lr,3,84,1,1,0.6220897119558125,3,right_fist,03-04,9203
E05_spatial_control,erd_lr,3,84,1,0,0.47538752038962606,3,left_fist,03-04,9204
E05_spatial_control,erd_lr,3,84,1,0,0.4464313350584566,3,right_fist,03-04,9205
E05_spatial_control,erd_lr,3,84,1,0,0.39090067439843224,3,right_fist,03-04,9206
E05_spatial_control,erd_lr,3,84,1,0,0.4065572517349332,3,left_fist,03-04,9207
E05_spatial_control,erd_lr,3,84,1,0,0.45949602551299673,3,left_fist,03-04,9208
E05_spatial_control,erd_lr,3,84,1,0,0.48032266069100277,3,right_fist,03-04,9209
E05_spatial_control,erd_lr,3,84,1,1,0.5541497427709392,3,left_fist,03-04,9210
E05_spatial_control,erd_lr,3,84,1,1,0.6079705105399703,3,right_fist,03-04,9211
E05_spatial_control,erd_lr,3,84,1,1,0.5601061787752123,3,left_fist,03-04,9212
E05_spatial_control,erd_lr,3,84,1,0,0.40553537689756325,3,right_fist,03-04,9213
E05_spatial_control,erd_lr,3,84,1,0,0.40513792973568097,3,left_fist,03-04,9214
E05_spatial_control,erd_lr,3,84,0,1,0.5229757671354464,4,right_fist,03-04,9215
E05_spatial_control,erd_lr,3,84,0,0,0.48410190034310235,4,left_fist,03-04,9216
E05_spatial_control,erd_lr,3,84,0,1,0.5491213248011045,4,right_fist,03-04,9217
E05_spatial_control,erd_lr,3,84,0,0,0.40743161029238856,4,left_fist,03-04,9218
E05_spatial_control,erd_lr,3,84,0,0,0.4823046409640768,4,left_fist,03-04,9219
E05_spatial_control,erd_lr,3,84,0,1,0.5633474535748204,4,right_fist,03-04,9220
E05_spatial_control,erd_lr,3,84,0,1,0.5442758484435778,4,right_fist,03-04,9221
E05_spatial_control,erd_lr,3,84,0,1,0.5042953648334562,4,left_fist,03-04,9222
E05_spatial_control,erd_lr,3,84,0,1,0.5196748149151234,4,left_fist,03-04,9223
E05_spatial_control,erd_lr,3,84,0,0,0.3571178967986121,4,right_fist,03-04,9224
E05_spatial_control,erd_lr,3,84,0,1,0.5094844923799607,4,right_fist,03-04,9225
E05_spatial_control,erd_lr,3,84,0,0,0.39591204564888033,4,left_fist,03-04,9226
E05_spatial_control,erd_lr,3,84,1,1,0.5008815207205263,5,both_fists,05-06,9227
E05_spatial_control,erd_lr,3,84,1,0,0.4774800388168144,5,both_feet,05-06,9228
E05_spatial_control,erd_lr,3,84,1,0,0.43919045980154187,5,both_fists,05-06,9229
E05_spatial_control,erd_lr,3,84,1,0,0.43192162391075983,5,both_feet,05-06,9230
E05_spatial_control,erd_lr,3,84,1,0,0.44764408034767983,5,both_feet,05-06,9231
E05_spatial_control,erd_lr,3,84,1,1,0.503041903581205,5,both_feet,05-06,9232
E05_spatial_control,erd_lr,3,84,1,0,0.37695542980503616,5,both_fists,05-06,9233
E05_spatial_control,erd_lr,3,84,1,1,0.5587199058744167,5,both_fists,05-06,9234
E05_spatial_control,erd_lr,3,84,1,0,0.4971416078471724,5,both_fists,05-06,9235
E05_spatial_control,erd_lr,3,84,1,0,0.36761358616085266,5,both_feet,05-06,9236
E05_spatial_control,erd_lr,3,84,1,1,0.6093091479633822,5,both_fists,05-06,9237
E05_spatial_control,erd_lr,3,84,1,0,0.42042553252094156,5,both_feet,05-06,9238
E05_spatial_control,erd_lr,3,84,0,0,0.493571335738587,6,both_feet,05-06,9239
E05_spatial_control,erd_lr,3,84,0,0,0.4662530434466617,6,both_fists,05-06,9240
E05_spatial_control,erd_lr,3,84,0,0,0.32090585439663954,6,both_feet,05-06,9241
E05_spatial_control,erd_lr,3,84,0,1,0.5491496871985381,6,both_fists,05-06,9242
E05_spatial_control,erd_lr,3,84,0,0,0.4896683837076293,6,both_fists,05-06,9243
E05_spatial_control,erd_lr,3,84,0,1,0.5532541215666904,6,both_feet,05-06,9244
E05_spatial_control,erd_lr,3,84,0,0,0.46295235798349366,6,both_fists,05-06,9245
E05_spatial_control,erd_lr,3,84,0,0,0.318454505377333,6,both_feet,05-06,9246
E05_spatial_control,erd_lr,3,84,0,0,0.4641602207631166,6,both_feet,05-06,9247
E05_spatial_control,erd_lr,3,84,0,0,0.41601788557497255,6,both_fists,05-06,9248
E05_spatial_control,erd_lr,3,84,0,0,0.36820884909408946,6,both_feet,05-06,9249
E05_spatial_control,erd_lr,3,84,0,1,0.5232536941330327,6,both_fists,05-06,9250
E05_spatial_control,erd_lr,3,84,0,0,0.4718675673787929,6,both_fists,05-06,9251
E05_spatial_control,erd_lr,3,84,0,0,0.48958192165096204,6,both_feet,05-06,9252
E05_spatial_control,erd_lr,3,84,1,1,0.5034765046274142,7,right_fist,07-08,9253
E05_spatial_control,erd_lr,3,84,1,0,0.38340164395790666,7,left_fist,07-08,9254
E05_spatial_control,erd_lr,3,84,1,1,0.5989375431785665,7,right_fist,07-08,9255
E05_spatial_control,erd_lr,3,84,1,0,0.3269460093643496,7,left_fist,07-08,9256
E05_spatial_control,erd_lr,3,84,1,1,0.5455490299581647,7,left_fist,07-08,9257
E05_spatial_control,erd_lr,3,84,1,1,0.548266682927168,7,right_fist,07-08,9258
E05_spatial_control,erd_lr,3,84,1,1,0.5945965498119896,7,left_fist,07-08,9259
E05_spatial_control,erd_lr,3,84,1,1,0.5130706679410602,7,right_fist,07-08,9260
E05_spatial_control,erd_lr,3,84,1,1,0.558533979769858,7,left_fist,07-08,9261
E05_spatial_control,erd_lr,3,84,1,1,0.56427665276544,7,right_fist,07-08,9262
E05_spatial_control,erd_lr,3,84,1,1,0.5651315579385702,7,left_fist,07-08,9263
E05_spatial_control,erd_lr,3,84,1,0,0.40015805820760986,7,left_fist,07-08,9264
E05_spatial_control,erd_lr,3,84,0,0,0.43517647854983643,8,right_fist,07-08,9265
E05_spatial_control,erd_lr,3,84,0,1,0.6087567442873498,8,right_fist,07-08,9266
E05_spatial_control,erd_lr,3,84,0,0,0.4302879019411943,8,left_fist,07-08,9267
E05_spatial_control,erd_lr,3,84,0,0,0.4673967553002069,8,left_fist,07-08,9268
E05_spatial_control,erd_lr,3,84,0,0,0.39093409317719674,8,right_fist,07-08,9269
E05_spatial_control,erd_lr,3,84,0,0,0.4515718046359462,8,right_fist,07-08,9270
E05_spatial_control,erd_lr,3,84,0,0,0.471299052408482,8,left_fist,07-08,9271
E05_spatial_control,erd_lr,3,84,0,0,0.48677883791304283,8,left_fist,07-08,9272
E05_spatial_control,erd_lr,3,84,0,0,0.3979019942454459,8,right_fist,07-08,9273
E05_spatial_control,erd_lr,3,84,0,0,0.4210608228628478,8,right_fist,07-08,9274
E05_spatial_control,erd_lr,3,84,0,1,0.5696849828821228,8,left_fist,07-08,9275
E05_spatial_control,erd_lr,3,84,0,0,0.47085087715042195,8,left_fist,07-08,9276
E05_spatial_control,erd_lr,3,84,0,0,0.34798482472047215,8,left_fist,07-08,9277
E05_spatial_control,erd_lr,3,84,1,0,0.39292196380722616,9,both_feet,09-10,9278
E05_spatial_control,erd_lr,3,84,1,0,0.44844063720667837,9,both_fists,09-10,9279
E05_spatial_control,erd_lr,3,84,1,0,0.44979314116330893,9,both_fists,09-10,9280
E05_spatial_control,erd_lr,3,84,1,1,0.6331694925948362,9,both_feet,09-10,9281
E05_spatial_control,erd_lr,3,84,1,0,0.47579811853827153,9,both_feet,09-10,9282
E05_spatial_control,erd_lr,3,84,1,0,0.48141341958937234,9,both_fists,09-10,9283
E05_spatial_control,erd_lr,3,84,1,1,0.5926510377053803,9,both_feet,09-10,9284
E05_spatial_control,erd_lr,3,84,1,1,0.6229924662761637,9,both_fists,09-10,9285
E05_spatial_control,erd_lr,3,84,1,1,0.5767845004581421,9,both_fists,09-10,9286
E05_spatial_control,erd_lr,3,84,1,0,0.43047791553866177,9,both_feet,09-10,9287
E05_spatial_control,erd_lr,3,84,1,1,0.60615456493994,9,both_feet,09-10,9288
E05_spatial_control,erd_lr,3,84,1,0,0.4630834118241539,9,both_fists,09-10,9289
E05_spatial_control,erd_lr,3,84,1,1,0.5221907761839857,9,both_feet,09-10,9290
E05_spatial_control,erd_lr,3,84,1,0,0.3943553345690788,9,both_fists,09-10,9291
E05_spatial_control,erd_lr,3,84,0,0,0.36189868536316183,10,both_feet,09-10,9292
E05_spatial_control,erd_lr,3,84,0,1,0.5739384707032148,10,both_fists,09-10,9293
E05_spatial_control,erd_lr,3,84,0,0,0.3555634916091818,10,both_feet,09-10,9294
E05_spatial_control,erd_lr,3,84,0,1,0.5061628719629371,10,both_fists,09-10,9295
E05_spatial_control,erd_lr,3,84,0,0,0.4691063677384683,10,both_feet,09-10,9296
E05_spatial_control,erd_lr,3,84,0,1,0.62167607328763,10,both_feet,09-10,9297
E05_spatial_control,erd_lr,3,84,0,1,0.5581873541246412,10,both_fists,09-10,9298
E05_spatial_control,erd_lr,3,84,0,1,0.5034854412957006,10,both_feet,09-10,9299
E05_spatial_control,erd_lr,3,84,0,0,0.33210028811412434,10,both_fists,09-10,9300
E05_spatial_control,erd_lr,3,84,0,0,0.49927065401006215,10,both_feet,09-10,9301
E05_spatial_control,erd_lr,3,84,0,0,0.4026593249434085,10,both_fists,09-10,9302
E05_spatial_control,erd_lr,3,84,0,0,0.3588916438152019,10,both_feet,09-10,9303
E05_spatial_control,erd_lr,3,84,0,0,0.463144577129921,10,both_feet,09-10,9304
E05_spatial_control,erd_lr,3,84,1,0,0.4497908968572397,11,right_fist,11-12,9305
E05_spatial_control,erd_lr,3,84,1,0,0.45056022848715466,11,left_fist,11-12,9306
E05_spatial_control,erd_lr,3,84,1,0,0.45399053814090945,11,right_fist,11-12,9307
E05_spatial_control,erd_lr,3,84,1,1,0.5034289139399806,11,left_fist,11-12,9308
E05_spatial_control,erd_lr,3,84,1,0,0.47830624645201336,11,right_fist,11-12,9309
E05_spatial_control,erd_lr,3,84,1,0,0.36135424683893613,11,right_fist,11-12,9310
E05_spatial_control,erd_lr,3,84,1,0,0.4813698961161355,11,left_fist,11-12,9311
E05_spatial_control,erd_lr,3,84,1,0,0.43087409118516523,11,left_fist,11-12,9312
E05_spatial_control,erd_lr,3,84,1,0,0.47064091839197675,11,right_fist,11-12,9313
E05_spatial_control,erd_lr,3,84,1,0,0.4654518027927212,11,left_fist,11-12,9314
E05_spatial_control,erd_lr,3,84,1,0,0.4443216961624457,11,right_fist,11-12,9315
E05_spatial_control,erd_lr,3,84,1,0,0.4742148858599183,11,left_fist,11-12,9316
E05_spatial_control,erd_lr,3,84,1,1,0.5463449686774652,11,left_fist,11-12,9317
E05_spatial_control,erd_lr,3,84,0,0,0.25021209190211513,12,right_fist,11-12,9318
E05_spatial_control,erd_lr,3,84,0,1,0.5106992593859563,12,left_fist,11-12,9319
E05_spatial_control,erd_lr,3,84,0,1,0.5343684790425952,12,left_fist,11-12,9320
E05_spatial_control,erd_lr,3,84,0,1,0.5438471425932746,12,right_fist,11-12,9321
E05_spatial_control,erd_lr,3,84,0,1,0.5504697448565681,12,right_fist,11-12,9322
E05_spatial_control,erd_lr,3,84,0,0,0.35343381671716373,12,left_fist,11-12,9323
E05_spatial_control,erd_lr,3,84,0,1,0.6029082258888514,12,right_fist,11-12,9324
E05_spatial_control,erd_lr,3,84,0,0,0.3830572764093422,12,left_fist,11-12,9325
E05_spatial_control,erd_lr,3,84,0,0,0.2854670986024678,12,left_fist,11-12,9326
E05_spatial_control,erd_lr,3,84,0,1,0.6762916929669573,12,right_fist,11-12,9327
E05_spatial_control,erd_lr,3,84,0,0,0.35655211860375624,12,left_fist,11-12,9328
E05_spatial_control,erd_lr,3,84,0,0,0.325976229506137,12,right_fist,11-12,9329
E05_spatial_control,erd_lr,3,84,0,0,0.38734253709726285,12,left_fist,11-12,9330
E05_spatial_control,erd_lr,3,84,0,1,0.5003072474107192,12,right_fist,11-12,9331
E05_spatial_control,erd_lr,3,84,1,1,0.5689669152822872,13,both_feet,13-14,9332
E05_spatial_control,erd_lr,3,84,1,0,0.40454239205024867,13,both_fists,13-14,9333
E05_spatial_control,erd_lr,3,84,1,0,0.49826203629440763,13,both_fists,13-14,9334
E05_spatial_control,erd_lr,3,84,1,0,0.4097414003865883,13,both_fists,13-14,9335
E05_spatial_control,erd_lr,3,84,1,0,0.3567396552043273,13,both_feet,13-14,9336
E05_spatial_control,erd_lr,3,84,1,0,0.47445442830175233,13,both_fists,13-14,9337
E05_spatial_control,erd_lr,3,84,1,0,0.4253175539556309,13,both_feet,13-14,9338
E05_spatial_control,erd_lr,3,84,1,0,0.4538098199712503,13,both_fists,13-14,9339
E05_spatial_control,erd_lr,3,84,1,1,0.5294244701893324,13,both_feet,13-14,9340
E05_spatial_control,erd_lr,3,84,1,0,0.43976987519867294,13,both_feet,13-14,9341
E05_spatial_control,erd_lr,3,84,1,0,0.30130863631762006,13,both_fists,13-14,9342
E05_spatial_control,erd_lr,3,84,1,0,0.40940057840647115,13,both_fists,13-14,9343
E05_spatial_control,erd_lr,3,84,1,0,0.3396504500104795,13,both_feet,13-14,9344
E05_spatial_control,erd_lr,3,84,1,1,0.5699110013477086,13,both_fists,13-14,9345
E05_spatial_control,erd_lr,3,84,0,0,0.26105699807934213,14,both_feet,13-14,9346
E05_spatial_control,erd_lr,3,84,0,0,0.28010728986912997,14,both_fists,13-14,9347
E05_spatial_control,erd_lr,3,84,0,0,0.3893487291407592,14,both_fists,13-14,9348
E05_spatial_control,erd_lr,3,84,0,0,0.3700155612166688,14,both_feet,13-14,9349
E05_spatial_control,erd_lr,3,84,0,0,0.458009365783065,14,both_feet,13-14,9350
E05_spatial_control,erd_lr,3,84,0,1,0.5804051816070944,14,both_fists,13-14,9351
E05_spatial_control,erd_lr,3,84,0,0,0.38729339758337983,14,both_feet,13-14,9352
E05_spatial_control,erd_lr,3,84,0,0,0.4661481470505333,14,both_fists,13-14,9353
E05_spatial_control,erd_lr,3,84,0,0,0.3807970240144133,14,both_feet,13-14,9354
E05_spatial_control,erd_lr,3,84,0,0,0.24321639122451824,14,both_fists,13-14,9355
E05_spatial_control,erd_lr,3,105,1,1,0.5832049262458135,3,right_fist,03-04,11413
E05_spatial_control,erd_lr,3,105,1,1,0.5264989614147095,3,left_fist,03-04,11414
E05_spatial_control,erd_lr,3,105,1,1,0.509116251602834,3,right_fist,03-04,11415
E05_spatial_control,erd_lr,3,105,1,1,0.522347412009127,3,left_fist,03-04,11416
E05_spatial_control,erd_lr,3,105,1,0,0.34027461557838834,3,left_fist,03-04,11417
E05_spatial_control,erd_lr,3,105,1,0,0.30011689050557167,3,right_fist,03-04,11418
E05_spatial_control,erd_lr,3,105,1,1,0.5488638623253057,3,left_fist,03-04,11419
E05_spatial_control,erd_lr,3,105,1,0,0.48309828514128506,3,right_fist,03-04,11420
E05_spatial_control,erd_lr,3,105,1,1,0.548005735980641,3,left_fist,03-04,11421
E05_spatial_control,erd_lr,3,105,1,1,0.5869179872276301,3,right_fist,03-04,11422
E05_spatial_control,erd_lr,3,105,1,0,0.43979001646606036,3,left_fist,03-04,11423
E05_spatial_control,erd_lr,3,105,1,0,0.45923336483545746,3,right_fist,03-04,11424
E05_spatial_control,erd_lr,3,105,1,1,0.6189323679012306,3,right_fist,03-04,11425
E05_spatial_control,erd_lr,3,105,1,1,0.6817632221152479,3,left_fist,03-04,11426
E05_spatial_control,erd_lr,3,105,1,0,0.4577492933098085,3,right_fist,03-04,11427
E05_spatial_control,erd_lr,3,105,0,0,0.4821549206199793,4,left_fist,03-04,11428
E05_spatial_control,erd_lr,3,105,0,1,0.5508664411120913,4,right_fist,03-04,11429
E05_spatial_control,erd_lr,3,105,0,1,0.5456402542722621,4,right_fist,03-04,11430
E05_spatial_control,erd_lr,3,105,0,0,0.35396709758490874,4,left_fist,03-04,11431
E05_spatial_control,erd_lr,3,105,0,0,0.44808429505118713,4,right_fist,03-04,11432
E05_spatial_control,erd_lr,3,105,0,0,0.48609404794276895,4,left_fist,03-04,11433
E05_spatial_control,erd_lr,3,105,0,0,0.4350787276580417,4,right_fist,03-04,11434
E05_spatial_control,erd_lr,3,105,0,1,0.517831675049756,4,left_fist,03-04,11435
E05_spatial_control,erd_lr,3,105,0,1,0.6648558466156627,4,left_fist,03-04,11436
E05_spatial_control,erd_lr,3,105,0,0,0.49399369933471526,4,right_fist,03-04,11437
E05_spatial_control,erd_lr,3,105,0,0,0.4554173209769996,4,right_fist,03-04,11438
E05_spatial_control,erd_lr,3,105,0,0,0.47736370146560775,4,left_fist,03-04,11439
E05_spatial_control,erd_lr,3,105,0,0,0.4566045462086326,4,right_fist,03-04,11440
E05_spatial_control,erd_lr,3,105,0,1,0.5659760730800373,4,left_fist,03-04,11441
E05_spatial_control,erd_lr,3,105,0,0,0.4070047699633258,4,left_fist,03-04,11442
E05_spatial_control,erd_lr,3,105,1,0,0.3740442247470122,5,both_feet,05-06,11443
E05_spatial_control,erd_lr,3,105,1,1,0.5967230653840053,5,both_fists,05-06,11444
E05_spatial_control,erd_lr,3,105,1,1,0.6488623771923013,5,both_fists,05-06,11445
E05_spatial_control,erd_lr,3,105,1,1,0.6432865148593299,5,both_fists,05-06,11446
E05_spatial_control,erd_lr,3,105,1,1,0.5445988455999407,5,both_feet,05-06,11447
E05_spatial_control,erd_lr,3,105,1,1,0.5014302336737086,5,both_fists,05-06,11448
E05_spatial_control,erd_lr,3,105,1,0,0.3479484403175015,5,both_feet,05-06,11449
E05_spatial_control,erd_lr,3,105,1,1,0.5219133359614323,5,both_fists,05-06,11450
E05_spatial_control,erd_lr,3,105,1,1,0.6868405117005879,5,both_feet,05-06,11451
E05_spatial_control,erd_lr,3,105,1,0,0.05055613178063441,5,both_feet,05-06,11452
E05_spatial_control,erd_lr,3,105,1,1,0.5519462041400901,5,both_fists,05-06,11453
E05_spatial_control,erd_lr,3,105,1,0,0.49498246727968453,5,both_feet,05-06,11454
E05_spatial_control,erd_lr,3,105,1,1,0.6004825076236758,5,both_fists,05-06,11455
E05_spatial_control,erd_lr,3,105,1,1,0.574727571707707,5,both_fists,05-06,11456
E05_spatial_control,erd_lr,3,105,0,0,0.38481215753764925,6,both_feet,05-06,11457
E05_spatial_control,erd_lr,3,105,0,1,0.5719442614007098,6,both_fists,05-06,11458
E05_spatial_control,erd_lr,3,105,0,1,0.5686301845882585,6,both_fists,05-06,11459
E05_spatial_control,erd_lr,3,105,0,1,0.5333982229146331,6,both_feet,05-06,11460
E05_spatial_control,erd_lr,3,105,0,1,0.5082941636888882,6,both_feet,05-06,11461
E05_spatial_control,erd_lr,3,105,0,1,0.5327411026643606,6,both_fists,05-06,11462
E05_spatial_control,erd_lr,3,105,0,0,0.3836363624780551,6,both_feet,05-06,11463
E05_spatial_control,erd_lr,3,105,0,1,0.7467839308677234,6,both_fists,05-06,11464
E05_spatial_control,erd_lr,3,105,0,1,0.5446506245891228,6,both_feet,05-06,11465
E05_spatial_control,erd_lr,3,105,0,1,0.5731182431291214,6,both_fists,05-06,11466
E05_spatial_control,erd_lr,3,105,0,1,0.5277224646964833,6,both_feet,05-06,11467
E05_spatial_control,erd_lr,3,105,0,0,0.4950436350786124,6,both_fists,05-06,11468
E05_spatial_control,erd_lr,3,105,0,1,0.5464780801046475,6,both_feet,05-06,11469
E05_spatial_control,erd_lr,3,105,0,1,0.6960828804882895,6,both_fists,05-06,11470
E05_spatial_control,erd_lr,3,105,0,0,0.3591180311371283,6,both_fists,05-06,11471
E05_spatial_control,erd_lr,3,105,1,1,0.6022368562568983,7,left_fist,07-08,11472
E05_spatial_control,erd_lr,3,105,1,1,0.5007157775844139,7,right_fist,07-08,11473
E05_spatial_control,erd_lr,3,105,1,1,0.7551675781066525,7,left_fist,07-08,11474
E05_spatial_control,erd_lr,3,105,1,1,0.5118655845741757,7,right_fist,07-08,11475
E05_spatial_control,erd_lr,3,105,1,1,0.5716565655620008,7,right_fist,07-08,11476
E05_spatial_control,erd_lr,3,105,1,1,0.5266111586754371,7,left_fist,07-08,11477
E05_spatial_control,erd_lr,3,105,1,1,0.7326772297985984,7,left_fist,07-08,11478
E05_spatial_control,erd_lr,3,105,1,0,0.3698028672941766,7,right_fist,07-08,11479
E05_spatial_control,erd_lr,3,105,1,1,0.5655164949360515,7,right_fist,07-08,11480
E05_spatial_control,erd_lr,3,105,1,1,0.6766056325757994,7,left_fist,07-08,11481
E05_spatial_control,erd_lr,3,105,1,0,0.33924881352283287,7,right_fist,07-08,11482
E05_spatial_control,erd_lr,3,105,1,1,0.5074296520104039,7,left_fist,07-08,11483
E05_spatial_control,erd_lr,3,105,1,1,0.6076694832134206,7,left_fist,07-08,11484
E05_spatial_control,erd_lr,3,105,1,0,0.32018389832702354,7,right_fist,07-08,11485
E05_spatial_control,erd_lr,3,105,1,0,0.49424330626068863,7,right_fist,07-08,11486
E05_spatial_control,erd_lr,3,105,0,0,0.39703738452029996,8,right_fist,07-08,11487
E05_spatial_control,erd_lr,3,105,0,0,0.372625244553667,8,left_fist,07-08,11488
E05_spatial_control,erd_lr,3,105,0,0,0.2563702030464156,8,right_fist,07-08,11489
E05_spatial_control,erd_lr,3,105,0,0,0.3143988997015772,8,left_fist,07-08,11490
E05_spatial_control,erd_lr,3,105,0,1,0.5728731355341733,8,left_fist,07-08,11491
E05_spatial_control,erd_lr,3,105,0,0,0.2406963637079572,8,right_fist,07-08,11492
E05_spatial_control,erd_lr,3,105,0,0,0.4375215606695147,8,right_fist,07-08,11493
E05_spatial_control,erd_lr,3,105,0,0,0.47379727953202055,8,left_fist,07-08,11494
E05_spatial_control,erd_lr,3,105,0,1,0.6112803663711709,8,left_fist,07-08,11495
E05_spatial_control,erd_lr,3,105,0,1,0.7102126028782284,8,right_fist,07-08,11496
E05_spatial_control,erd_lr,3,105,0,1,0.5633923197838979,8,left_fist,07-08,11497
E05_spatial_control,erd_lr,3,105,0,0,0.36444644654501696,8,right_fist,07-08,11498
E05_spatial_control,erd_lr,3,105,0,0,0.3438152165757222,8,left_fist,07-08,11499
E05_spatial_control,erd_lr,3,105,0,0,0.2746421271177017,8,right_fist,07-08,11500
E05_spatial_control,erd_lr,3,105,1,1,0.5119293424293699,9,both_fists,09-10,11501
E05_spatial_control,erd_lr,3,105,1,1,0.5028399157873915,9,both_feet,09-10,11502
E05_spatial_control,erd_lr,3,105,1,1,0.5318467130881482,9,both_fists,09-10,11503
E05_spatial_control,erd_lr,3,105,1,0,0.36292179663933016,9,both_fists,09-10,11504
E05_spatial_control,erd_lr,3,105,1,1,0.5682880962610598,9,both_fists,09-10,11505
E05_spatial_control,erd_lr,3,105,1,1,0.638935624650515,9,both_fists,09-10,11506
E05_spatial_control,erd_lr,3,105,1,0,0.49326207796101373,9,both_fists,09-10,11507
E05_spatial_control,erd_lr,3,105,1,0,0.462484940754685,9,both_fists,09-10,11508
E05_spatial_control,erd_lr,3,105,1,1,0.5883095128445889,9,both_feet,09-10,11509
E05_spatial_control,erd_lr,3,105,0,0,0.4168479655152111,10,both_feet,09-10,11510
E05_spatial_control,erd_lr,3,105,0,1,0.5659368378526642,10,both_fists,09-10,11511
E05_spatial_control,erd_lr,3,105,0,1,0.5332673546507884,10,both_feet,09-10,11512
E05_spatial_control,erd_lr,3,105,0,1,0.6423495304304336,10,both_fists,09-10,11513
E05_spatial_control,erd_lr,3,105,0,0,0.3900473779805492,10,both_feet,09-10,11514
E05_spatial_control,erd_lr,3,105,0,1,0.5669755795873022,10,both_fists,09-10,11515
E05_spatial_control,erd_lr,3,105,0,1,0.575408351341453,10,both_feet,09-10,11516
E05_spatial_control,erd_lr,3,105,0,0,0.3616760185530533,10,both_fists,09-10,11517
E05_spatial_control,erd_lr,3,105,0,0,0.35715138170810806,10,both_feet,09-10,11518
E05_spatial_control,erd_lr,3,105,0,0,0.42409881739312794,10,both_fists,09-10,11519
E05_spatial_control,erd_lr,3,105,0,1,0.5277721111463228,10,both_feet,09-10,11520
E05_spatial_control,erd_lr,3,105,0,0,0.36491999448166257,10,both_feet,09-10,11521
E05_spatial_control,erd_lr,3,105,0,0,0.44488152226792727,10,both_fists,09-10,11522
E05_spatial_control,erd_lr,3,105,0,1,0.5046524832226369,10,both_fists,09-10,11523
E05_spatial_control,erd_lr,3,105,1,1,0.5276686840136919,11,right_fist,11-12,11524
E05_spatial_control,erd_lr,3,105,1,0,0.43751679800186916,11,left_fist,11-12,11525
E05_spatial_control,erd_lr,3,105,1,0,0.4224592138296991,11,right_fist,11-12,11526
E05_spatial_control,erd_lr,3,105,1,1,0.5191099206414583,11,right_fist,11-12,11527
E05_spatial_control,erd_lr,3,105,1,1,0.6503250747647461,11,right_fist,11-12,11528
E05_spatial_control,erd_lr,3,105,1,1,0.5125998005741988,11,left_fist,11-12,11529
E05_spatial_control,erd_lr,3,105,1,1,0.6375466990655982,11,right_fist,11-12,11530
E05_spatial_control,erd_lr,3,105,1,1,0.6715086213172449,11,left_fist,11-12,11531
E05_spatial_control,erd_lr,3,105,1,1,0.6539391723318574,11,right_fist,11-12,11532
E05_spatial_control,erd_lr,3,105,1,1,0.5844921394909667,11,left_fist,11-12,11533
E05_spatial_control,erd_lr,3,105,1,1,0.5997773414979148,11,right_fist,11-12,11534
E05_spatial_control,erd_lr,3,105,1,1,0.6919525930604361,11,left_fist,11-12,11535
E05_spatial_control,erd_lr,3,105,1,1,0.5534178125424958,11,right_fist,11-12,11536
E05_spatial_control,erd_lr,3,105,0,1,0.5157894287282384,12,right_fist,11-12,11537
E05_spatial_control,erd_lr,3,105,0,1,0.6313982927522825,12,left_fist,11-12,11538
E05_spatial_control,erd_lr,3,105,0,1,0.5439817169484148,12,right_fist,11-12,11539
E05_spatial_control,erd_lr,3,105,0,0,0.346553903635053,12,left_fist,11-12,11540
E05_spatial_control,erd_lr,3,105,0,1,0.6284276116760258,12,right_fist,11-12,11541
E05_spatial_control,erd_lr,3,105,0,0,0.26176561529329784,12,left_fist,11-12,11542
E05_spatial_control,erd_lr,3,105,0,0,0.46071483150595754,12,right_fist,11-12,11543
E05_spatial_control,erd_lr,3,105,0,1,0.6098125840809832,12,left_fist,11-12,11544
E05_spatial_control,erd_lr,3,105,0,1,0.5874493535649128,12,left_fist,11-12,11545
E05_spatial_control,erd_lr,3,105,0,1,0.513521931804445,12,right_fist,11-12,11546
E05_spatial_control,erd_lr,3,105,0,0,0.3390163152238146,12,left_fist,11-12,11547
E05_spatial_control,erd_lr,3,105,0,1,0.5479767080445861,12,right_fist,11-12,11548
E05_spatial_control,erd_lr,3,105,0,0,0.2899145517231759,12,left_fist,11-12,11549
E05_spatial_control,erd_lr,3,105,0,1,0.5873090720110449,12,left_fist,11-12,11550
E05_spatial_control,erd_lr,3,105,1,0,0.3392230412985959,13,both_fists,13-14,11551
E05_spatial_control,erd_lr,3,105,1,1,0.5527473069465564,13,both_fists,13-14,11552
E05_spatial_control,erd_lr,3,105,1,1,0.5106731552857979,13,both_fists,13-14,11553
E05_spatial_control,erd_lr,3,105,1,1,0.5007578559333675,13,both_fists,13-14,11554
E05_spatial_control,erd_lr,3,105,1,1,0.5015754078113299,13,both_fists,13-14,11555
E05_spatial_control,erd_lr,3,105,1,1,0.7841205423940686,13,both_fists,13-14,11556
E05_spatial_control,erd_lr,3,105,1,0,0.4986143705824518,13,both_fists,13-14,11557
E05_spatial_control,erd_lr,3,105,1,1,0.589649692375337,13,both_fists,13-14,11558
E05_spatial_control,erd_lr,3,105,0,0,0.426948455626537,14,both_fists,13-14,11559
E05_spatial_control,erd_lr,3,105,0,1,0.5877518370568733,14,both_feet,13-14,11560
E05_spatial_control,erd_lr,3,105,0,0,0.46259884846460575,14,both_feet,13-14,11561
E05_spatial_control,erd_lr,3,105,0,1,0.5800341212650744,14,both_fists,13-14,11562
E05_spatial_control,erd_lr,3,105,0,1,0.5142732376534883,14,both_feet,13-14,11563
E05_spatial_control,erd_lr,3,105,0,1,0.5706785262203743,14,both_fists,13-14,11564
E05_spatial_control,erd_lr,3,105,0,0,0.3993362033505048,14,both_feet,13-14,11565
E05_spatial_control,erd_lr,3,105,0,1,0.5905991906374811,14,both_fists,13-14,11566
E05_spatial_control,erd_lr,3,105,0,1,0.5481123601194522,14,both_feet,13-14,11567
E05_spatial_control,erd_lr,3,105,0,0,0.4072930645268736,14,both_fists,13-14,11568
E05_spatial_control,erd_lr,3,105,0,0,0.3496767196156595,14,both_feet,13-14,11569
E05_spatial_control,erd_lr,3,105,0,1,0.6745602055674993,14,both_fists,13-14,11570
E05_spatial_control,erd_lr,3,105,0,1,0.7064360430483024,14,both_feet,13-14,11571
E05_spatial_control,erd_lr,3,105,0,1,0.552611874431639,14,both_fists,13-14,11572
E05_spatial_control,erd_lr,4,8,1,0,0.4863049452345392,3,left_fist,03-04,601
E05_spatial_control,erd_lr,4,8,1,0,0.38946426992047517,3,right_fist,03-04,602
E05_spatial_control,erd_lr,4,8,1,0,0.4678946245852715,3,left_fist,03-04,603
E05_spatial_control,erd_lr,4,8,1,1,0.5445666426008738,3,right_fist,03-04,604
E05_spatial_control,erd_lr,4,8,1,1,0.5285211022344761,3,right_fist,03-04,605
E05_spatial_control,erd_lr,4,8,1,1,0.5054778899002816,3,left_fist,03-04,606
E05_spatial_control,erd_lr,4,8,1,0,0.4217519531492901,3,left_fist,03-04,607
E05_spatial_control,erd_lr,4,8,1,1,0.58761910431751,3,right_fist,03-04,608
E05_spatial_control,erd_lr,4,8,1,1,0.5938465158229723,3,left_fist,03-04,609
E05_spatial_control,erd_lr,4,8,1,1,0.5142455712016848,3,left_fist,03-04,610
E05_spatial_control,erd_lr,4,8,1,0,0.44829192119228434,3,right_fist,03-04,611
E05_spatial_control,erd_lr,4,8,1,1,0.5034179789214773,3,right_fist,03-04,612
E05_spatial_control,erd_lr,4,8,1,0,0.43046611173520194,3,left_fist,03-04,613
E05_spatial_control,erd_lr,4,8,1,1,0.5200311861640567,3,right_fist,03-04,614
E05_spatial_control,erd_lr,4,8,0,0,0.4464176112532087,4,left_fist,03-04,615
E05_spatial_control,erd_lr,4,8,0,1,0.5305900324522892,4,right_fist,03-04,616
E05_spatial_control,erd_lr,4,8,0,1,0.6523631755712967,4,left_fist,03-04,617
E05_spatial_control,erd_lr,4,8,0,0,0.4913273878008972,4,right_fist,03-04,618
E05_spatial_control,erd_lr,4,8,0,1,0.5072031602545599,4,right_fist,03-04,619
E05_spatial_control,erd_lr,4,8,0,0,0.3847339031324532,4,left_fist,03-04,620
E05_spatial_control,erd_lr,4,8,0,0,0.4774972392074283,4,left_fist,03-04,621
E05_spatial_control,erd_lr,4,8,0,1,0.563858895249317,4,right_fist,03-04,622
E05_spatial_control,erd_lr,4,8,0,0,0.43760907065234467,4,right_fist,03-04,623
E05_spatial_control,erd_lr,4,8,0,1,0.6102035597590528,4,left_fist,03-04,624
E05_spatial_control,erd_lr,4,8,0,0,0.3981798681546579,4,right_fist,03-04,625
E05_spatial_control,erd_lr,4,8,0,0,0.3182543338972013,4,left_fist,03-04,626
E05_spatial_control,erd_lr,4,8,0,0,0.3449179723299754,4,right_fist,03-04,627
E05_spatial_control,erd_lr,4,8,0,1,0.5409790340665215,4,left_fist,03-04,628
E05_spatial_control,erd_lr,4,8,0,0,0.4452106362265912,4,right_fist,03-04,629
E05_spatial_control,erd_lr,4,8,1,0,0.44915164882693037,5,both_feet,05-06,630
E05_spatial_control,erd_lr,4,8,1,0,0.4347155494480932,5,both_fists,05-06,631
E05_spatial_control,erd_lr,4,8,1,0,0.4577949015820659,5,both_fists,05-06,632
E05_spatial_control,erd_lr,4,8,1,0,0.3276757042064527,5,both_feet,05-06,633
E05_spatial_control,erd_lr,4,8,1,0,0.3616466932501535,5,both_fists,05-06,634
E05_spatial_control,erd_lr,4,8,1,0,0.4671277101424126,5,both_feet,05-06,635
E05_spatial_control,erd_lr,4,8,1,0,0.4930303092592195,5,both_feet,05-06,636
E05_spatial_control,erd_lr,4,8,1,0,0.4778815127345146,5,both_fists,05-06,637
E05_spatial_control,erd_lr,4,8,1,0,0.4942702169056846,5,both_fists,05-06,638
E05_spatial_control,erd_lr,4,8,1,0,0.401868827987822,5,both_feet,05-06,639
E05_spatial_control,erd_lr,4,8,1,1,0.5868935552526545,5,both_fists,05-06,640
E05_spatial_control,erd_lr,4,8,1,1,0.5039271484426089,5,both_feet,05-06,641
E05_spatial_control,erd_lr,4,8,1,0,0.4525501181953594,5,both_fists,05-06,642
E05_spatial_control,erd_lr,4,8,1,1,0.5429934203275744,5,both_feet,05-06,643
E05_spatial_control,erd_lr,4,8,1,0,0.4101052695836392,5,both_feet,05-06,644
E05_spatial_control,erd_lr,4,8,0,0,0.4612865608714569,6,both_feet,05-06,645
E05_spatial_control,erd_lr,4,8,0,1,0.5525164656708047,6,both_fists,05-06,646
E05_spatial_control,erd_lr,4,8,0,0,0.3131533587748223,6,both_feet,05-06,647
E05_spatial_control,erd_lr,4,8,0,0,0.4301617779641224,6,both_fists,05-06,648
E05_spatial_control,erd_lr,4,8,0,0,0.4653283672950173,6,both_feet,05-06,649
E05_spatial_control,erd_lr,4,8,0,0,0.41225699096960117,6,both_fists,05-06,650
E05_spatial_control,erd_lr,4,8,0,0,0.3832851475621478,6,both_fists,05-06,651
E05_spatial_control,erd_lr,4,8,0,0,0.4758617499945423,6,both_feet,05-06,652
E05_spatial_control,erd_lr,4,8,0,0,0.4518557639087309,6,both_fists,05-06,653
E05_spatial_control,erd_lr,4,8,0,0,0.4161450411334696,6,both_feet,05-06,654
E05_spatial_control,erd_lr,4,8,0,0,0.4469036050738441,6,both_feet,05-06,655
E05_spatial_control,erd_lr,4,8,0,1,0.6288627062754851,6,both_fists,05-06,656
E05_spatial_control,erd_lr,4,8,0,1,0.5690379898345963,6,both_fists,05-06,657
E05_spatial_control,erd_lr,4,8,0,1,0.5563529916008667,6,both_feet,05-06,658
E05_spatial_control,erd_lr,4,8,0,0,0.4915701898808064,6,both_feet,05-06,659
E05_spatial_control,erd_lr,4,8,1,1,0.5142329230540212,7,left_fist,07-08,660
E05_spatial_control,erd_lr,4,8,1,0,0.4459782663479188,7,right_fist,07-08,661
E05_spatial_control,erd_lr,4,8,1,0,0.47144603958850956,7,left_fist,07-08,662
E05_spatial_control,erd_lr,4,8,1,1,0.582445135618777,7,right_fist,07-08,663
E05_spatial_control,erd_lr,4,8,1,0,0.43414229677104915,7,left_fist,07-08,664
E05_spatial_control,erd_lr,4,8,1,1,0.5041605166049306,7,right_fist,07-08,665
E05_spatial_control,erd_lr,4,8,1,0,0.4627813831222911,7,right_fist,07-08,666
E05_spatial_control,erd_lr,4,8,1,0,0.40974462337824835,7,left_fist,07-08,667
E05_spatial_control,erd_lr,4,8,1,0,0.49797501663268134,7,left_fist,07-08,668
E05_spatial_control,erd_lr,4,8,1,0,0.3312886438162537,7,right_fist,07-08,669
E05_spatial_control,erd_lr,4,8,1,1,0.5050729644718369,7,right_fist,07-08,670
E05_spatial_control,erd_lr,4,8,1,1,0.5486705859393055,7,left_fist,07-08,671
E05_spatial_control,erd_lr,4,8,1,1,0.571293763763493,7,left_fist,07-08,672
E05_spatial_control,erd_lr,4,8,1,0,0.4356904226932504,7,right_fist,07-08,673
E05_spatial_control,erd_lr,4,8,1,0,0.361251211054951,7,right_fist,07-08,674
E05_spatial_control,erd_lr,4,8,0,0,0.41072412283278154,8,left_fist,07-08,675
E05_spatial_control,erd_lr,4,8,0,0,0.4384399089155931,8,right_fist,07-08,676
E05_spatial_control,erd_lr,4,8,0,0,0.4533812764485937,8,right_fist,07-08,677
E05_spatial_control,erd_lr,4,8,0,0,0.37948038452398297,8,left_fist,07-08,678
E05_spatial_control,erd_lr,4,8,0,0,0.4518336372217521,8,right_fist,07-08,679
E05_spatial_control,erd_lr,4,8,0,0,0.4745709064897138,8,left_fist,07-08,680
E05_spatial_control,erd_lr,4,8,0,1,0.5358039915115407,8,left_fist,07-08,681
E05_spatial_control,erd_lr,4,8,0,0,0.4970213719633568,8,right_fist,07-08,682
E05_spatial_control,erd_lr,4,8,0,1,0.5124065892136442,8,left_fist,07-08,683
E05_spatial_control,erd_lr,4,8,0,0,0.401775550301092,8,right_fist,07-08,684
E05_spatial_control,erd_lr,4,8,0,1,0.5671716455095454,8,left_fist,07-08,685
E05_spatial_control,erd_lr,4,8,0,1,0.589258552685265,8,right_fist,07-08,686
E05_spatial_control,erd_lr,4,8,0,1,0.6336412968255088,8,left_fist,07-08,687
E05_spatial_control,erd_lr,4,8,0,1,0.5965561474792713,8,right_fist,07-08,688
E05_spatial_control,erd_lr,4,8,0,0,0.4619429977191844,8,right_fist,07-08,689
E05_spatial_control,erd_lr,4,8,1,0,0.47564415135778215,9,both_fists,09-10,690
E05_spatial_control,erd_lr,4,8,1,1,0.6568666795676896,9,both_feet,09-10,691
E05_spatial_control,erd_lr,4,8,1,1,0.6637540564485993,9,both_feet,09-10,692
E05_spatial_control,erd_lr,4,8,1,0,0.481863068372787,9,both_fists,09-10,693
E05_spatial_control,erd_lr,4,8,1,0,0.46606087287960457,9,both_feet,09-10,694
E05_spatial_control,erd_lr,4,8,1,0,0.49070821362433503,9,both_fists,09-10,695
E05_spatial_control,erd_lr,4,8,1,0,0.47947143109360013,9,both_fists,09-10,696
E05_spatial_control,erd_lr,4,8,1,1,0.6294886675573589,9,both_feet,09-10,697
E05_spatial_control,erd_lr,4,8,1,0,0.4541445641410075,9,both_feet,09-10,698
E05_spatial_control,erd_lr,4,8,1,0,0.3860725431521941,9,both_fists,09-10,699
E05_spatial_control,erd_lr,4,8,1,0,0.4749085940408599,9,both_feet,09-10,700
E05_spatial_control,erd_lr,4,8,1,1,0.6076762846151248,9,both_fists,09-10,701
E05_spatial_control,erd_lr,4,8,1,0,0.49176879284326735,9,both_feet,09-10,702
E05_spatial_control,erd_lr,4,8,1,0,0.4950857029476206,9,both_fists,09-10,703
E05_spatial_control,erd_lr,4,8,1,0,0.44198992995027286,9,both_feet,09-10,704
E05_spatial_control,erd_lr,4,8,0,0,0.4603190021336129,10,both_fists,09-10,705
E05_spatial_control,erd_lr,4,8,0,1,0.5581244002209017,10,both_feet,09-10,706
E05_spatial_control,erd_lr,4,8,0,0,0.3692167842742004,10,both_fists,09-10,707
E05_spatial_control,erd_lr,4,8,0,0,0.34628375036596226,10,both_feet,09-10,708
E05_spatial_control,erd_lr,4,8,0,0,0.45912039447556013,10,both_feet,09-10,709
E05_spatial_control,erd_lr,4,8,0,1,0.5633911817054442,10,both_fists,09-10,710
E05_spatial_control,erd_lr,4,8,0,0,0.4200327360627106,10,both_fists,09-10,711
E05_spatial_control,erd_lr,4,8,0,0,0.4801929784578764,10,both_feet,09-10,712
E05_spatial_control,erd_lr,4,8,0,0,0.35732176613238015,10,both_feet,09-10,713
E05_spatial_control,erd_lr,4,8,0,0,0.34816394124135636,10,both_fists,09-10,714
E05_spatial_control,erd_lr,4,8,0,0,0.3563052937015087,10,both_feet,09-10,715
E05_spatial_control,erd_lr,4,8,0,1,0.5165203864426716,10,both_fists,09-10,716
E05_spatial_control,erd_lr,4,8,0,1,0.5358303096493988,10,both_fists,09-10,717
E05_spatial_control,erd_lr,4,8,0,0,0.41539887344212983,10,both_feet,09-10,718
E05_spatial_control,erd_lr,4,8,0,0,0.49257702574388224,10,both_fists,09-10,719
E05_spatial_control,erd_lr,4,8,1,1,0.6675035134336718,11,left_fist,11-12,720
E05_spatial_control,erd_lr,4,8,1,0,0.4836090615021119,11,right_fist,11-12,721
E05_spatial_control,erd_lr,4,8,1,0,0.44063355922242575,11,right_fist,11-12,722
E05_spatial_control,erd_lr,4,8,1,0,0.4723319007764373,11,left_fist,11-12,723
E05_spatial_control,erd_lr,4,8,1,0,0.37335375970408674,11,left_fist,11-12,724
E05_spatial_control,erd_lr,4,8,1,1,0.533095586456333,11,right_fist,11-12,725
E05_spatial_control,erd_lr,4,8,1,0,0.36819664656159456,11,left_fist,11-12,726
E05_spatial_control,erd_lr,4,8,1,0,0.4788510957690622,11,right_fist,11-12,727
E05_spatial_control,erd_lr,4,8,1,1,0.5057636814866752,11,right_fist,11-12,728
E05_spatial_control,erd_lr,4,8,1,1,0.5081196441082029,11,left_fist,11-12,729
E05_spatial_control,erd_lr,4,8,1,0,0.40992685657465733,11,right_fist,11-12,730
E05_spatial_control,erd_lr,4,8,1,0,0.48250493296781727,11,left_fist,11-12,731
E05_spatial_control,erd_lr,4,8,1,1,0.5109996741456878,11,right_fist,11-12,732
E05_spatial_control,erd_lr,4,8,1,1,0.5182424441336124,11,left_fist,11-12,733
E05_spatial_control,erd_lr,4,8,1,1,0.5964228782979727,11,left_fist,11-12,734
E05_spatial_control,erd_lr,4,8,0,0,0.45173818437816365,12,right_fist,11-12,735
E05_spatial_control,erd_lr,4,8,0,0,0.46626677022724955,12,left_fist,11-12,736
E05_spatial_control,erd_lr,4,8,0,1,0.5186738548432202,12,left_fist,11-12,737
E05_spatial_control,erd_lr,4,8,0,0,0.45916065695908675,12,right_fist,11-12,738
E05_spatial_control,erd_lr,4,8,0,1,0.5301226122958611,12,left_fist,11-12,739
E05_spatial_control,erd_lr,4,8,0,1,0.5527405289655041,12,right_fist,11-12,740
E05_spatial_control,erd_lr,4,8,0,1,0.6235204801138597,12,right_fist,11-12,741
E05_spatial_control,erd_lr,4,8,0,0,0.45769792318341956,12,left_fist,11-12,742
E05_spatial_control,erd_lr,4,8,0,1,0.5999737571786479,12,right_fist,11-12,743
E05_spatial_control,erd_lr,4,8,0,0,0.42907602539363116,12,left_fist,11-12,744
E05_spatial_control,erd_lr,4,8,0,0,0.45538530309479053,12,left_fist,11-12,745
E05_spatial_control,erd_lr,4,8,0,1,0.5313970813754111,12,right_fist,11-12,746
E05_spatial_control,erd_lr,4,8,0,0,0.3748795532094441,12,left_fist,11-12,747
E05_spatial_control,erd_lr,4,8,0,0,0.45156057692788926,12,right_fist,11-12,748
E05_spatial_control,erd_lr,4,8,0,1,0.6748191463511317,12,left_fist,11-12,749
E05_spatial_control,erd_lr,4,8,1,0,0.4699315397006067,13,both_fists,13-14,750
E05_spatial_control,erd_lr,4,8,1,1,0.6213329431874739,13,both_feet,13-14,751
E05_spatial_control,erd_lr,4,8,1,0,0.4622289789434933,13,both_feet,13-14,752
E05_spatial_control,erd_lr,4,8,1,1,0.5303521406952665,13,both_fists,13-14,753
E05_spatial_control,erd_lr,4,8,1,0,0.3831877760526367,13,both_fists,13-14,754
E05_spatial_control,erd_lr,4,8,1,1,0.5480605460380908,13,both_feet,13-14,755
E05_spatial_control,erd_lr,4,8,1,0,0.4120986423844945,13,both_fists,13-14,756
E05_spatial_control,erd_lr,4,8,1,1,0.5027377272242156,13,both_feet,13-14,757
E05_spatial_control,erd_lr,4,8,1,1,0.5199995314746787,13,both_fists,13-14,758
E05_spatial_control,erd_lr,4,8,1,0,0.4846395940339977,13,both_feet,13-14,759
E05_spatial_control,erd_lr,4,8,1,0,0.43756079519718516,13,both_fists,13-14,760
E05_spatial_control,erd_lr,4,8,1,1,0.5438827947755763,13,both_feet,13-14,761
E05_spatial_control,erd_lr,4,8,1,0,0.4786600391620043,13,both_fists,13-14,762
E05_spatial_control,erd_lr,4,8,1,0,0.391963219061508,13,both_feet,13-14,763
E05_spatial_control,erd_lr,4,8,1,0,0.48034274289380197,13,both_fists,13-14,764
E05_spatial_control,erd_lr,4,8,0,0,0.4017818586334695,14,both_fists,13-14,765
E05_spatial_control,erd_lr,4,8,0,0,0.49462027432966443,14,both_feet,13-14,766
E05_spatial_control,erd_lr,4,8,0,1,0.5779987827436635,14,both_fists,13-14,767
E05_spatial_control,erd_lr,4,8,0,1,0.5666446622438813,14,both_feet,13-14,768
E05_spatial_control,erd_lr,4,8,0,0,0.39619566341235574,14,both_fists,13-14,769
E05_spatial_control,erd_lr,4,8,0,1,0.552246104841785,14,both_feet,13-14,770
E05_spatial_control,erd_lr,4,8,0,0,0.4255854154603732,14,both_fists,13-14,771
E05_spatial_control,erd_lr,4,8,0,1,0.5389401083075852,14,both_feet,13-14,772
E05_spatial_control,erd_lr,4,8,0,0,0.46580335721550564,14,both_fists,13-14,773
E05_spatial_control,erd_lr,4,8,0,1,0.5416778248887653,14,both_feet,13-14,774
E05_spatial_control,erd_lr,4,8,0,1,0.5038107146015973,14,both_feet,13-14,775
E05_spatial_control,erd_lr,4,8,0,0,0.43273399478918456,14,both_fists,13-14,776
E05_spatial_control,erd_lr,4,8,0,0,0.3985867926166976,14,both_fists,13-14,777
E05_spatial_control,erd_lr,4,8,0,1,0.5149039583508613,14,both_feet,13-14,778
E05_spatial_control,erd_lr,4,8,0,1,0.5768443104873578,14,both_fists,13-14,779
E05_spatial_control,erd_lr,4,15,1,1,0.5138477851531392,3,right_fist,03-04,1451
E05_spatial_control,erd_lr,4,15,0,0,0.42835659789805214,4,left_fist,03-04,1452
E05_spatial_control,erd_lr,4,15,0,0,0.37461298195362536,4,right_fist,03-04,1453
E05_spatial_control,erd_lr,4,15,0,0,0.4853094112834371,4,right_fist,03-04,1454
E05_spatial_control,erd_lr,4,15,0,0,0.43438483346180784,4,right_fist,03-04,1455
E05_spatial_control,erd_lr,4,15,0,0,0.48833134718950516,4,left_fist,03-04,1456
E05_spatial_control,erd_lr,4,15,1,1,0.6165669621942002,5,both_feet,05-06,1457
E05_spatial_control,erd_lr,4,15,1,1,0.5480936349167514,5,both_fists,05-06,1458
E05_spatial_control,erd_lr,4,15,1,0,0.48177891661438377,5,both_feet,05-06,1459
E05_spatial_control,erd_lr,4,15,1,1,0.5155715918636042,5,both_feet,05-06,1460
E05_spatial_control,erd_lr,4,15,1,0,0.4159229092350583,5,both_feet,05-06,1461
E05_spatial_control,erd_lr,4,15,0,0,0.43449706372667835,6,both_feet,05-06,1462
E05_spatial_control,erd_lr,4,15,0,0,0.2629730193706699,6,both_fists,05-06,1463
E05_spatial_control,erd_lr,4,15,0,1,0.5262508125551107,6,both_fists,05-06,1464
E05_spatial_control,erd_lr,4,15,0,0,0.39763744680046936,6,both_feet,05-06,1465
E05_spatial_control,erd_lr,4,15,0,1,0.5030566113826442,6,both_fists,05-06,1466
E05_spatial_control,erd_lr,4,15,0,1,0.5277753496583437,6,both_feet,05-06,1467
E05_spatial_control,erd_lr,4,15,0,0,0.4454515488463458,6,both_feet,05-06,1468
E05_spatial_control,erd_lr,4,15,0,0,0.4982896280249719,6,both_fists,05-06,1469
E05_spatial_control,erd_lr,4,15,1,1,0.5361378062524581,7,left_fist,07-08,1470
E05_spatial_control,erd_lr,4,15,1,1,0.6079379220611301,7,right_fist,07-08,1471
E05_spatial_control,erd_lr,4,15,1,1,0.6171512566797264,7,left_fist,07-08,1472
E05_spatial_control,erd_lr,4,15,1,1,0.5001878277392612,7,right_fist,07-08,1473
E05_spatial_control,erd_lr,4,15,1,1,0.5148885800016504,7,left_fist,07-08,1474
E05_spatial_control,erd_lr,4,15,1,1,0.5625525536573225,7,left_fist,07-08,1475
E05_spatial_control,erd_lr,4,15,1,1,0.5714195662455679,7,right_fist,07-08,1476
E05_spatial_control,erd_lr,4,15,0,0,0.4965188895325187,8,right_fist,07-08,1477
E05_spatial_control,erd_lr,4,15,0,0,0.4437465888575885,8,right_fist,07-08,1478
E05_spatial_control,erd_lr,4,15,0,1,0.5310510403293113,8,left_fist,07-08,1479
E05_spatial_control,erd_lr,4,15,0,1,0.6782292431304201,8,right_fist,07-08,1480
E05_spatial_control,erd_lr,4,15,0,0,0.37320958041657815,8,right_fist,07-08,1481
E05_spatial_control,erd_lr,4,15,0,1,0.6383014960087631,8,right_fist,07-08,1482
E05_spatial_control,erd_lr,4,15,0,0,0.47891681155109866,8,left_fist,07-08,1483
E05_spatial_control,erd_lr,4,15,0,0,0.49486872424642026,8,left_fist,07-08,1484
E05_spatial_control,erd_lr,4,15,0,0,0.4368245958962512,8,right_fist,07-08,1485
E05_spatial_control,erd_lr,4,15,0,0,0.4321221112182575,8,left_fist,07-08,1486
E05_spatial_control,erd_lr,4,15,0,0,0.36212072148678665,8,right_fist,07-08,1487
E05_spatial_control,erd_lr,4,15,0,1,0.6091716620896975,8,left_fist,07-08,1488
E05_spatial_control,erd_lr,4,15,1,0,0.3515114335081928,9,both_fists,09-10,1489
E05_spatial_control,erd_lr,4,15,1,0,0.44130838454058957,9,both_feet,09-10,1490
E05_spatial_control,erd_lr,4,15,1,0,0.3998284877301798,9,both_fists,09-10,1491
E05_spatial_control,erd_lr,4,15,1,0,0.4553838384149823,9,both_feet,09-10,1492
E05_spatial_control,erd_lr,4,15,1,1,0.5826233338345428,9,both_feet,09-10,1493
E05_spatial_control,erd_lr,4,15,1,0,0.41687579501713035,9,both_fists,09-10,1494
E05_spatial_control,erd_lr,4,15,1,0,0.4942534677681263,9,both_fists,09-10,1495
E05_spatial_control,erd_lr,4,15,1,1,0.6169038130078702,9,both_feet,09-10,1496
E05_spatial_control,erd_lr,4,15,1,1,0.5853126774940889,9,both_fists,09-10,1497
E05_spatial_control,erd_lr,4,15,1,1,0.5581872312625717,9,both_fists,09-10,1498
E05_spatial_control,erd_lr,4,15,0,1,0.5051612395115879,10,both_feet,09-10,1499
E05_spatial_control,erd_lr,4,15,0,1,0.6425515053543365,10,both_fists,09-10,1500
E05_spatial_control,erd_lr,4,15,0,0,0.4170265695028217,10,both_feet,09-10,1501
E05_spatial_control,erd_lr,4,15,0,1,0.5380827701901439,10,both_fists,09-10,1502
E05_spatial_control,erd_lr,4,15,0,0,0.40922511973044295,10,both_feet,09-10,1503
E05_spatial_control,erd_lr,4,15,0,1,0.5411938026174988,10,both_fists,09-10,1504
E05_spatial_control,erd_lr,4,15,0,1,0.5978296351882402,10,both_feet,09-10,1505
E05_spatial_control,erd_lr,4,15,0,1,0.5420148923264498,10,both_feet,09-10,1506
E05_spatial_control,erd_lr,4,15,0,1,0.5283314252540027,10,both_fists,09-10,1507
E05_spatial_control,erd_lr,4,15,0,1,0.7316708814490013,10,both_feet,09-10,1508
E05_spatial_control,erd_lr,4,15,0,1,0.5148470513548672,10,both_fists,09-10,1509
E05_spatial_control,erd_lr,4,15,0,0,0.44488085807811356,10,both_feet,09-10,1510
E05_spatial_control,erd_lr,4,15,1,1,0.6398044227476883,11,left_fist,11-12,1511
E05_spatial_control,erd_lr,4,15,1,0,0.41192412089368224,11,right_fist,11-12,1512
E05_spatial_control,erd_lr,4,15,0,0,0.486805184250394,12,right_fist,11-12,1513
E05_spatial_control,erd_lr,4,15,0,1,0.5381299384455736,12,left_fist,11-12,1514
E05_spatial_control,erd_lr,4,15,0,0,0.4708671460711753,12,right_fist,11-12,1515
E05_spatial_control,erd_lr,4,15,0,1,0.5401779255469958,12,left_fist,11-12,1516
E05_spatial_control,erd_lr,4,15,0,0,0.4910410690128719,12,right_fist,11-12,1517
E05_spatial_control,erd_lr,4,15,0,1,0.544272196606715,12,left_fist,11-12,1518
E05_spatial_control,erd_lr,4,15,0,0,0.4711360836542046,12,right_fist,11-12,1519
E05_spatial_control,erd_lr,4,15,0,0,0.4048098660585747,12,left_fist,11-12,1520
E05_spatial_control,erd_lr,4,15,0,0,0.40097920151303074,12,left_fist,11-12,1521
E05_spatial_control,erd_lr,4,15,0,1,0.7782671053705437,12,right_fist,11-12,1522
E05_spatial_control,erd_lr,4,15,0,0,0.40569915489591585,12,left_fist,11-12,1523
E05_spatial_control,erd_lr,4,15,0,0,0.4370228490532852,12,right_fist,11-12,1524
E05_spatial_control,erd_lr,4,15,1,0,0.4018177491502006,13,both_fists,13-14,1525
E05_spatial_control,erd_lr,4,15,1,1,0.547473028007978,13,both_feet,13-14,1526
E05_spatial_control,erd_lr,4,15,1,0,0.46122296080110653,13,both_fists,13-14,1527
E05_spatial_control,erd_lr,4,15,1,1,0.6135000416977882,13,both_feet,13-14,1528
E05_spatial_control,erd_lr,4,15,1,0,0.4914682388258531,13,both_feet,13-14,1529
E05_spatial_control,erd_lr,4,15,1,0,0.4931791854760693,13,both_fists,13-14,1530
E05_spatial_control,erd_lr,4,15,1,1,0.6055638450842996,13,both_feet,13-14,1531
E05_spatial_control,erd_lr,4,15,1,1,0.5643812893769607,13,both_fists,13-14,1532
E05_spatial_control,erd_lr,4,15,1,0,0.4657589835675608,13,both_feet,13-14,1533
E05_spatial_control,erd_lr,4,15,0,1,0.5119853506245526,14,both_feet,13-14,1534
E05_spatial_control,erd_lr,4,15,0,1,0.525676280606306,14,both_fists,13-14,1535
E05_spatial_control,erd_lr,4,15,0,0,0.39498621477386475,14,both_feet,13-14,1536
E05_spatial_control,erd_lr,4,15,0,0,0.4025247324516056,14,both_fists,13-14,1537
E05_spatial_control,erd_lr,4,15,0,0,0.4926619222327333,14,both_feet,13-14,1538
E05_spatial_control,erd_lr,4,15,0,0,0.4957463603520181,14,both_fists,13-14,1539
E05_spatial_control,erd_lr,4,15,0,0,0.49415457087934456,14,both_feet,13-14,1540
E05_spatial_control,erd_lr,4,15,0,1,0.6095988332093168,14,both_fists,13-14,1541
E05_spatial_control,erd_lr,4,15,0,0,0.45685959858586694,14,both_feet,13-14,1542
E05_spatial_control,erd_lr,4,15,0,1,0.5536708206484244,14,both_feet,13-14,1543
E05_spatial_control,erd_lr,4,15,0,0,0.31650800797420187,14,both_fists,13-14,1544
E05_spatial_control,erd_lr,4,15,0,1,0.5150484808713832,14,both_feet,13-14,1545
E05_spatial_control,erd_lr,4,26,1,0,0.46970719681404816,3,right_fist,03-04,2430
E05_spatial_control,erd_lr,4,26,1,0,0.46173300752929186,3,left_fist,03-04,2431
E05_spatial_control,erd_lr,4,26,1,0,0.4455791144737813,3,left_fist,03-04,2432
E05_spatial_control,erd_lr,4,26,1,0,0.38397117028031413,3,right_fist,03-04,2433
E05_spatial_control,erd_lr,4,26,1,0,0.4250952513843717,3,right_fist,03-04,2434
E05_spatial_control,erd_lr,4,26,1,0,0.4873539673277591,3,left_fist,03-04,2435
E05_spatial_control,erd_lr,4,26,1,1,0.5235886531156518,3,left_fist,03-04,2436
E05_spatial_control,erd_lr,4,26,1,1,0.6020866461299756,3,right_fist,03-04,2437
E05_spatial_control,erd_lr,4,26,1,0,0.49584435145360406,3,left_fist,03-04,2438
E05_spatial_control,erd_lr,4,26,1,1,0.6797468712201429,3,right_fist,03-04,2439
E05_spatial_control,erd_lr,4,26,1,1,0.5830880369616336,3,left_fist,03-04,2440
E05_spatial_control,erd_lr,4,26,1,1,0.5903449985877715,3,right_fist,03-04,2441
E05_spatial_control,erd_lr,4,26,1,1,0.5039701124281811,3,left_fist,03-04,2442
E05_spatial_control,erd_lr,4,26,1,1,0.6056461314071757,3,right_fist,03-04,2443
E05_spatial_control,erd_lr,4,26,1,0,0.3895160377668197,3,left_fist,03-04,2444
E05_spatial_control,erd_lr,4,26,0,0,0.39607644113348717,4,right_fist,03-04,2445
E05_spatial_control,erd_lr,4,26,0,0,0.4767455861841246,4,left_fist,03-04,2446
E05_spatial_control,erd_lr,4,26,0,0,0.38139252219609765,4,right_fist,03-04,2447
E05_spatial_control,erd_lr,4,26,0,0,0.3408790115962009,4,left_fist,03-04,2448
E05_spatial_control,erd_lr,4,26,0,1,0.6089986804182864,4,right_fist,03-04,2449
E05_spatial_control,erd_lr,4,26,0,1,0.5460182585399642,4,left_fist,03-04,2450
E05_spatial_control,erd_lr,4,26,0,0,0.4152329061256807,4,left_fist,03-04,2451
E05_spatial_control,erd_lr,4,26,0,0,0.4262437813676947,4,right_fist,03-04,2452
E05_spatial_control,erd_lr,4,26,0,0,0.4788141066300653,4,left_fist,03-04,2453
E05_spatial_control,erd_lr,4,26,0,1,0.5211082989410007,4,right_fist,03-04,2454
E05_spatial_control,erd_lr,4,26,0,0,0.48761277992090857,4,left_fist,03-04,2455
E05_spatial_control,erd_lr,4,26,0,1,0.5105243568084541,4,right_fist,03-04,2456
E05_spatial_control,erd_lr,4,26,0,0,0.32068225510795567,4,right_fist,03-04,2457
E05_spatial_control,erd_lr,4,26,0,0,0.44479571092931053,4,left_fist,03-04,2458
E05_spatial_control,erd_lr,4,26,0,1,0.5850163096128002,4,left_fist,03-04,2459
E05_spatial_control,erd_lr,4,26,1,0,0.4059222003751885,5,both_feet,05-06,2460
E05_spatial_control,erd_lr,4,26,1,0,0.4958930543865473,5,both_fists,05-06,2461
E05_spatial_control,erd_lr,4,26,1,1,0.7284625876644437,5,both_fists,05-06,2462
E05_spatial_control,erd_lr,4,26,1,1,0.628719787434041,5,both_feet,05-06,2463
E05_spatial_control,erd_lr,4,26,1,1,0.5792889177005321,5,both_fists,05-06,2464
E05_spatial_control,erd_lr,4,26,1,0,0.4956022871701564,5,both_feet,05-06,2465
E05_spatial_control,erd_lr,4,26,1,1,0.6458759137930103,5,both_feet,05-06,2466
E05_spatial_control,erd_lr,4,26,1,1,0.5811164169586465,5,both_fists,05-06,2467
E05_spatial_control,erd_lr,4,26,1,1,0.645854386034701,5,both_fists,05-06,2468
E05_spatial_control,erd_lr,4,26,1,1,0.6864623161926457,5,both_feet,05-06,2469
E05_spatial_control,erd_lr,4,26,1,1,0.7042174218762175,5,both_feet,05-06,2470
E05_spatial_control,erd_lr,4,26,1,1,0.6551819021215375,5,both_fists,05-06,2471
E05_spatial_control,erd_lr,4,26,1,1,0.7251599745142329,5,both_feet,05-06,2472
E05_spatial_control,erd_lr,4,26,1,0,0.4819865805622483,5,both_fists,05-06,2473
E05_spatial_control,erd_lr,4,26,1,1,0.6228557955509667,5,both_fists,05-06,2474
E05_spatial_control,erd_lr,4,26,0,0,0.3855028959142666,6,both_fists,05-06,2475
E05_spatial_control,erd_lr,4,26,0,0,0.4466641959149844,6,both_feet,05-06,2476
E05_spatial_control,erd_lr,4,26,0,1,0.5097026607020658,6,both_fists,05-06,2477
E05_spatial_control,erd_lr,4,26,0,1,0.6628356784036928,6,both_feet,05-06,2478
E05_spatial_control,erd_lr,4,26,0,0,0.418206994033265,6,both_feet,05-06,2479
E05_spatial_control,erd_lr,4,26,0,1,0.6027531375060826,6,both_fists,05-06,2480
E05_spatial_control,erd_lr,4,26,0,1,0.5513072385673038,6,both_feet,05-06,2481
E05_spatial_control,erd_lr,4,26,0,1,0.5407267353901963,6,both_fists,05-06,2482
E05_spatial_control,erd_lr,4,26,0,1,0.5491425590346121,6,both_feet,05-06,2483
E05_spatial_control,erd_lr,4,26,0,0,0.4484366259375367,6,both_fists,05-06,2484
E05_spatial_control,erd_lr,4,26,0,0,0.39257399676772875,6,both_feet,05-06,2485
E05_spatial_control,erd_lr,4,26,0,0,0.4823815756405605,6,both_fists,05-06,2486
E05_spatial_control,erd_lr,4,26,0,1,0.6970700419285961,6,both_fists,05-06,2487
E05_spatial_control,erd_lr,4,26,0,1,0.512904851485111,6,both_feet,05-06,2488
E05_spatial_control,erd_lr,4,26,0,0,0.4673056682409934,6,both_feet,05-06,2489
E05_spatial_control,erd_lr,4,26,1,0,0.3805322530401879,7,left_fist,07-08,2490
E05_spatial_control,erd_lr,4,26,1,1,0.6828634788436226,7,right_fist,07-08,2491
E05_spatial_control,erd_lr,4,26,1,1,0.5227787749728187,7,right_fist,07-08,2492
E05_spatial_control,erd_lr,4,26,1,1,0.6036584844094072,7,left_fist,07-08,2493
E05_spatial_control,erd_lr,4,26,1,1,0.6498342125944906,7,right_fist,07-08,2494
E05_spatial_control,erd_lr,4,26,1,1,0.6028906085305277,7,left_fist,07-08,2495
E05_spatial_control,erd_lr,4,26,1,0,0.4858615903173143,7,right_fist,07-08,2496
E05_spatial_control,erd_lr,4,26,1,1,0.5777219596051324,7,left_fist,07-08,2497
E05_spatial_control,erd_lr,4,26,1,0,0.4664893088647091,7,left_fist,07-08,2498
E05_spatial_control,erd_lr,4,26,1,1,0.6475844811598925,7,right_fist,07-08,2499
E05_spatial_control,erd_lr,4,26,1,0,0.482745180606602,7,right_fist,07-08,2500
E05_spatial_control,erd_lr,4,26,1,0,0.411710390070412,7,left_fist,07-08,2501
E05_spatial_control,erd_lr,4,26,1,1,0.5389168031500826,7,right_fist,07-08,2502
E05_spatial_control,erd_lr,4,26,1,1,0.5524117005644771,7,left_fist,07-08,2503
E05_spatial_control,erd_lr,4,26,1,1,0.5469207544769223,7,left_fist,07-08,2504
E05_spatial_control,erd_lr,4,26,0,0,0.4374380166955491,8,left_fist,07-08,2505
E05_spatial_control,erd_lr,4,26,0,0,0.4750222696915252,8,right_fist,07-08,2506
E05_spatial_control,erd_lr,4,26,0,0,0.4635610178345886,8,left_fist,07-08,2507
E05_spatial_control,erd_lr,4,26,0,1,0.5088829190651627,8,right_fist,07-08,2508
E05_spatial_control,erd_lr,4,26,0,1,0.5942122997058659,8,right_fist,07-08,2509
E05_spatial_control,erd_lr,4,26,0,1,0.5245108250289444,8,left_fist,07-08,2510
E05_spatial_control,erd_lr,4,26,0,1,0.6422043480033913,8,right_fist,07-08,2511
E05_spatial_control,erd_lr,4,26,0,0,0.3934901111752546,8,left_fist,07-08,2512
E05_spatial_control,erd_lr,4,26,0,1,0.6255417371919402,8,right_fist,07-08,2513
E05_spatial_control,erd_lr,4,26,0,1,0.5349394478650153,8,left_fist,07-08,2514
E05_spatial_control,erd_lr,4,26,0,0,0.4143311726837482,8,right_fist,07-08,2515
E05_spatial_control,erd_lr,4,26,0,1,0.5830557140310626,8,left_fist,07-08,2516
E05_spatial_control,erd_lr,4,26,0,1,0.6278679793560105,8,right_fist,07-08,2517
E05_spatial_control,erd_lr,4,26,0,1,0.5146907459483885,8,left_fist,07-08,2518
E05_spatial_control,erd_lr,4,26,0,0,0.38516614849178804,8,left_fist,07-08,2519
E05_spatial_control,erd_lr,4,26,1,1,0.6062672823883551,9,both_feet,09-10,2520
E05_spatial_control,erd_lr,4,26,1,0,0.4973686555706452,9,both_fists,09-10,2521
E05_spatial_control,erd_lr,4,26,1,1,0.6821997711799116,9,both_fists,09-10,2522
E05_spatial_control,erd_lr,4,26,1,1,0.607039865196263,9,both_feet,09-10,2523
E05_spatial_control,erd_lr,4,26,1,0,0.49948245322919327,9,both_fists,09-10,2524
E05_spatial_control,erd_lr,4,26,1,1,0.5257837786032082,9,both_feet,09-10,2525
E05_spatial_control,erd_lr,4,26,1,1,0.5246023694005734,9,both_feet,09-10,2526
E05_spatial_control,erd_lr,4,26,1,1,0.7440996323190657,9,both_fists,09-10,2527
E05_spatial_control,erd_lr,4,26,1,1,0.6955866378172868,9,both_fists,09-10,2528
E05_spatial_control,erd_lr,4,26,1,1,0.5611429566133437,9,both_feet,09-10,2529
E05_spatial_control,erd_lr,4,26,1,1,0.5256635747993225,9,both_fists,09-10,2530
E05_spatial_control,erd_lr,4,26,1,1,0.527538327485944,9,both_feet,09-10,2531
E05_spatial_control,erd_lr,4,26,1,1,0.5203675216345007,9,both_feet,09-10,2532
E05_spatial_control,erd_lr,4,26,1,1,0.682928035074283,9,both_fists,09-10,2533
E05_spatial_control,erd_lr,4,26,1,1,0.6180496924623007,9,both_fists,09-10,2534
E05_spatial_control,erd_lr,4,26,0,1,0.5039699798213557,10,both_feet,09-10,2535
E05_spatial_control,erd_lr,4,26,0,1,0.5197844380358975,10,both_fists,09-10,2536
E05_spatial_control,erd_lr,4,26,0,1,0.5682892405908077,10,both_fists,09-10,2537
E05_spatial_control,erd_lr,4,26,0,0,0.4045023499033578,10,both_feet,09-10,2538
E05_spatial_control,erd_lr,4,26,0,0,0.46524452765353164,10,both_fists,09-10,2539
E05_spatial_control,erd_lr,4,26,0,0,0.4142047917344338,10,both_feet,09-10,2540
E05_spatial_control,erd_lr,4,26,0,0,0.4831731441427754,10,both_feet,09-10,2541
E05_spatial_control,erd_lr,4,26,0,1,0.5139254629235068,10,both_fists,09-10,2542
E05_spatial_control,erd_lr,4,26,0,1,0.555442122258907,10,both_fists,09-10,2543
E05_spatial_control,erd_lr,4,26,0,0,0.45437787670374324,10,both_feet,09-10,2544
E05_spatial_control,erd_lr,4,26,0,0,0.46027094702213656,10,both_fists,09-10,2545
E05_spatial_control,erd_lr,4,26,0,0,0.38420395557153386,10,both_feet,09-10,2546
E05_spatial_control,erd_lr,4,26,0,0,0.42748510884486546,10,both_feet,09-10,2547
E05_spatial_control,erd_lr,4,26,0,1,0.6261667322447996,10,both_fists,09-10,2548
E05_spatial_control,erd_lr,4,26,0,0,0.4605722943935814,10,both_feet,09-10,2549
E05_spatial_control,erd_lr,4,26,1,1,0.5258268902536223,11,left_fist,11-12,2550
E05_spatial_control,erd_lr,4,26,1,1,0.5928464689307487,11,right_fist,11-12,2551
E05_spatial_control,erd_lr,4,26,1,1,0.6519100697147712,11,right_fist,11-12,2552
E05_spatial_control,erd_lr,4,26,1,1,0.6710368419945297,11,left_fist,11-12,2553
E05_spatial_control,erd_lr,4,26,1,0,0.49589972698142026,11,right_fist,11-12,2554
E05_spatial_control,erd_lr,4,26,1,1,0.5489790215330078,11,left_fist,11-12,2555
E05_spatial_control,erd_lr,4,26,1,1,0.587338357520414,11,right_fist,11-12,2556
E05_spatial_control,erd_lr,4,26,1,1,0.5240234200019287,11,left_fist,11-12,2557
E05_spatial_control,erd_lr,4,26,1,1,0.59605528435225,11,right_fist,11-12,2558
E05_spatial_control,erd_lr,4,26,1,0,0.4426929014980689,11,left_fist,11-12,2559
E05_spatial_control,erd_lr,4,26,1,1,0.530453496056509,11,right_fist,11-12,2560
E05_spatial_control,erd_lr,4,26,1,1,0.6568822766751253,11,left_fist,11-12,2561
E05_spatial_control,erd_lr,4,26,1,1,0.5905685011444213,11,right_fist,11-12,2562
E05_spatial_control,erd_lr,4,26,1,1,0.6481723625422277,11,left_fist,11-12,2563
E05_spatial_control,erd_lr,4,26,1,1,0.7207027938623082,11,right_fist,11-12,2564
E05_spatial_control,erd_lr,4,26,0,0,0.3587622930610759,12,left_fist,11-12,2565
E05_spatial_control,erd_lr,4,26,0,0,0.4203033144422579,12,right_fist,11-12,2566
E05_spatial_control,erd_lr,4,26,0,0,0.42098122528627496,12,right_fist,11-12,2567
E05_spatial_control,erd_lr,4,26,0,1,0.5400689157988561,12,left_fist,11-12,2568
E05_spatial_control,erd_lr,4,26,0,0,0.47830595818835364,12,right_fist,11-12,2569
E05_spatial_control,erd_lr,4,26,0,0,0.3915411017394873,12,left_fist,11-12,2570
E05_spatial_control,erd_lr,4,26,0,1,0.596309266798872,12,left_fist,11-12,2571
E05_spatial_control,erd_lr,4,26,0,0,0.45352939128841724,12,right_fist,11-12,2572
E05_spatial_control,erd_lr,4,26,0,0,0.47114596786503743,12,left_fist,11-12,2573
E05_spatial_control,erd_lr,4,26,0,0,0.44392105246376246,12,right_fist,11-12,2574
E05_spatial_control,erd_lr,4,26,0,1,0.6281499563949625,12,left_fist,11-12,2575
E05_spatial_control,erd_lr,4,26,0,0,0.45695535147770644,12,right_fist,11-12,2576
E05_spatial_control,erd_lr,4,26,0,0,0.3819580496496392,12,left_fist,11-12,2577
E05_spatial_control,erd_lr,4,26,0,1,0.6715644616793496,12,right_fist,11-12,2578
E05_spatial_control,erd_lr,4,26,0,0,0.31347004590103383,12,left_fist,11-12,2579
E05_spatial_control,erd_lr,4,26,1,1,0.57793455259753,13,both_fists,13-14,2580
E05_spatial_control,erd_lr,4,26,1,1,0.7173239188062458,13,both_feet,13-14,2581
E05_spatial_control,erd_lr,4,26,1,1,0.6057054381323463,13,both_fists,13-14,2582
E05_spatial_control,erd_lr,4,26,1,1,0.511806049108914,13,both_feet,13-14,2583
E05_spatial_control,erd_lr,4,26,1,1,0.589339640314854,13,both_fists,13-14,2584
E05_spatial_control,erd_lr,4,26,1,0,0.4627931487772598,13,both_feet,13-14,2585
E05_spatial_control,erd_lr,4,26,1,1,0.5919898713706826,13,both_fists,13-14,2586
E05_spatial_control,erd_lr,4,26,1,1,0.5243493801492428,13,both_feet,13-14,2587
E05_spatial_control,erd_lr,4,26,1,1,0.5393480840307951,13,both_fists,13-14,2588
E05_spatial_control,erd_lr,4,26,1,0,0.477235306649544,13,both_feet,13-14,2589
E05_spatial_control,erd_lr,4,26,1,1,0.5068785508032015,13,both_fists,13-14,2590
E05_spatial_control,erd_lr,4,26,1,0,0.4970715288750681,13,both_feet,13-14,2591
E05_spatial_control,erd_lr,4,26,1,1,0.668791891543818,13,both_fists,13-14,2592
E05_spatial_control,erd_lr,4,26,1,1,0.6548743218171793,13,both_feet,13-14,2593
E05_spatial_control,erd_lr,4,26,1,1,0.5983352489789908,13,both_feet,13-14,2594
E05_spatial_control,erd_lr,4,26,0,0,0.4467530226432246,14,both_feet,13-14,2595
E05_spatial_control,erd_lr,4,26,0,0,0.4954173384704843,14,both_fists,13-14,2596
E05_spatial_control,erd_lr,4,26,0,1,0.5099620942831995,14,both_fists,13-14,2597
E05_spatial_control,erd_lr,4,26,0,0,0.4090084666045913,14,both_feet,13-14,2598
E05_spatial_control,erd_lr,4,26,0,0,0.49440436116738473,14,both_feet,13-14,2599
E05_spatial_control,erd_lr,4,26,0,1,0.5653974411116856,14,both_fists,13-14,2600
E05_spatial_control,erd_lr,4,26,0,0,0.44249576113549854,14,both_feet,13-14,2601
E05_spatial_control,erd_lr,4,26,0,0,0.48616877817329446,14,both_fists,13-14,2602
E05_spatial_control,erd_lr,4,26,0,1,0.5445987094096484,14,both_feet,13-14,2603
E05_spatial_control,erd_lr,4,26,0,0,0.4989542318399639,14,both_fists,13-14,2604
E05_spatial_control,erd_lr,4,26,0,0,0.3402074563000101,14,both_fists,13-14,2605
E05_spatial_control,erd_lr,4,26,0,0,0.401769449797267,14,both_feet,13-14,2606
E05_spatial_control,erd_lr,4,26,0,1,0.5681605250279634,14,both_fists,13-14,2607
E05_spatial_control,erd_lr,4,26,0,0,0.4412125300996568,14,both_feet,13-14,2608
E05_spatial_control,erd_lr,4,26,0,1,0.5792904960133808,14,both_feet,13-14,2609
E05_spatial_control,erd_lr,4,29,1,0,0.3476714714011097,3,left_fist,03-04,2695
E05_spatial_control,erd_lr,4,29,1,0,0.49866414671750336,3,right_fist,03-04,2696
E05_spatial_control,erd_lr,4,29,1,1,0.526522629766079,3,left_fist,03-04,2697
E05_spatial_control,erd_lr,4,29,1,1,0.5425901797409862,3,right_fist,03-04,2698
E05_spatial_control,erd_lr,4,29,1,1,0.6360762064872689,3,left_fist,03-04,2699
E05_spatial_control,erd_lr,4,29,1,1,0.5913436289225151,3,right_fist,03-04,2700
E05_spatial_control,erd_lr,4,29,1,1,0.6508419152460893,3,right_fist,03-04,2701
E05_spatial_control,erd_lr,4,29,1,1,0.6385057498158718,3,left_fist,03-04,2702
E05_spatial_control,erd_lr,4,29,1,0,0.49753570506903944,3,left_fist,03-04,2703
E05_spatial_control,erd_lr,4,29,1,1,0.584385629372157,3,right_fist,03-04,2704
E05_spatial_control,erd_lr,4,29,1,1,0.6015499173784388,3,left_fist,03-04,2705
E05_spatial_control,erd_lr,4,29,1,0,0.48197761833981806,3,right_fist,03-04,2706
E05_spatial_control,erd_lr,4,29,1,1,0.5765967436636901,3,left_fist,03-04,2707
E05_spatial_control,erd_lr,4,29,1,0,0.4315502959414849,3,right_fist,03-04,2708
E05_spatial_control,erd_lr,4,29,1,1,0.5398443823558802,3,right_fist,03-04,2709
E05_spatial_control,erd_lr,4,29,0,1,0.6550635682723237,4,right_fist,03-04,2710
E05_spatial_control,erd_lr,4,29,0,1,0.6119281482479833,4,left_fist,03-04,2711
E05_spatial_control,erd_lr,4,29,0,0,0.4055098987934614,4,right_fist,03-04,2712
E05_spatial_control,erd_lr,4,29,0,1,0.5293302482800762,4,left_fist,03-04,2713
E05_spatial_control,erd_lr,4,29,0,1,0.5983065363136482,4,right_fist,03-04,2714
E05_spatial_control,erd_lr,4,29,0,1,0.5002183495180692,4,left_fist,03-04,2715
E05_spatial_control,erd_lr,4,29,0,0,0.38749686492288554,4,right_fist,03-04,2716
E05_spatial_control,erd_lr,4,29,0,1,0.5457129150716366,4,left_fist,03-04,2717
E05_spatial_control,erd_lr,4,29,0,0,0.4410902524602488,4,right_fist,03-04,2718
E05_spatial_control,erd_lr,4,29,0,1,0.5423597205007595,4,left_fist,03-04,2719
E05_spatial_control,erd_lr,4,29,0,1,0.5188136101168428,4,left_fist,03-04,2720
E05_spatial_control,erd_lr,4,29,0,1,0.5692071938041089,4,right_fist,03-04,2721
E05_spatial_control,erd_lr,4,29,0,1,0.5171775141196586,4,right_fist,03-04,2722
E05_spatial_control,erd_lr,4,29,0,1,0.5522629427177642,4,left_fist,03-04,2723
E05_spatial_control,erd_lr,4,29,0,1,0.5441253904078461,4,left_fist,03-04,2724
E05_spatial_control,erd_lr,4,29,1,1,0.5152984596897285,5,both_feet,05-06,2725
E05_spatial_control,erd_lr,4,29,1,1,0.5883194142587714,5,both_fists,05-06,2726
E05_spatial_control,erd_lr,4,29,1,1,0.6323289649827188,5,both_feet,05-06,2727
E05_spatial_control,erd_lr,4,29,1,0,0.4912414496829293,5,both_fists,05-06,2728
E05_spatial_control,erd_lr,4,29,1,1,0.5469659732908739,5,both_feet,05-06,2729
E05_spatial_control,erd_lr,4,29,1,0,0.29795772997939096,5,both_fists,05-06,2730
E05_spatial_control,erd_lr,4,29,1,1,0.6337018677756598,5,both_fists,05-06,2731
E05_spatial_control,erd_lr,4,29,1,0,0.46190847857505735,5,both_feet,05-06,2732
E05_spatial_control,erd_lr,4,29,1,0,0.4652383030178412,5,both_feet,05-06,2733
E05_spatial_control,erd_lr,4,29,1,1,0.6884385190455979,5,both_fists,05-06,2734
E05_spatial_control,erd_lr,4,29,1,1,0.5552461607182019,5,both_feet,05-06,2735
E05_spatial_control,erd_lr,4,29,1,1,0.5376203129924167,5,both_fists,05-06,2736
E05_spatial_control,erd_lr,4,29,1,0,0.49714232735302466,5,both_fists,05-06,2737
E05_spatial_control,erd_lr,4,29,1,1,0.6482050628011743,5,both_feet,05-06,2738
E05_spatial_control,erd_lr,4,29,1,0,0.4830301645289706,5,both_fists,05-06,2739
E05_spatial_control,erd_lr,4,29,0,0,0.4744307075368776,6,both_feet,05-06,2740
E05_spatial_control,erd_lr,4,29,0,1,0.5037901138589876,6,both_fists,05-06,2741
E05_spatial_control,erd_lr,4,29,0,0,0.4533346511720573,6,both_fists,05-06,2742
E05_spatial_control,erd_lr,4,29,0,1,0.6374638767997596,6,both_feet,05-06,2743
E05_spatial_control,erd_lr,4,29,0,1,0.5831127027993659,6,both_feet,05-06,2744
E05_spatial_control,erd_lr,4,29,0,1,0.5556389421625845,6,both_fists,05-06,2745
E05_spatial_control,erd_lr,4,29,0,1,0.5943078180169089,6,both_feet,05-06,2746
E05_spatial_control,erd_lr,4,29,0,1,0.5251087972474351,6,both_fists,05-06,2747
E05_spatial_control,erd_lr,4,29,0,1,0.5765363549231123,6,both_fists,05-06,2748
E05_spatial_control,erd_lr,4,29,0,1,0.5522274638881295,6,both_feet,05-06,2749
E05_spatial_control,erd_lr,4,29,0,0,0.3933042564755576,6,both_feet,05-06,2750
E05_spatial_control,erd_lr,4,29,0,0,0.36912464447186966,6,both_fists,05-06,2751
E05_spatial_control,erd_lr,4,29,0,0,0.44190679257666254,6,both_fists,05-06,2752
E05_spatial_control,erd_lr,4,29,0,1,0.646749695394005,6,both_feet,05-06,2753
E05_spatial_control,erd_lr,4,29,0,1,0.5451314996892149,6,both_fists,05-06,2754
E05_spatial_control,erd_lr,4,29,1,1,0.5332747746147527,7,left_fist,07-08,2755
E05_spatial_control,erd_lr,4,29,1,1,0.5548226418510527,7,right_fist,07-08,2756
E05_spatial_control,erd_lr,4,29,1,1,0.544289823166463,7,left_fist,07-08,2757
E05_spatial_control,erd_lr,4,29,1,1,0.6364609575067568,7,right_fist,07-08,2758
E05_spatial_control,erd_lr,4,29,1,1,0.572958627832465,7,right_fist,07-08,2759
E05_spatial_control,erd_lr,4,29,1,0,0.4427023252575099,7,left_fist,07-08,2760
E05_spatial_control,erd_lr,4,29,1,1,0.5281468364293084,7,right_fist,07-08,2761
E05_spatial_control,erd_lr,4,29,1,0,0.4687003019953727,7,left_fist,07-08,2762
E05_spatial_control,erd_lr,4,29,1,1,0.5343866992542099,7,right_fist,07-08,2763
E05_spatial_control,erd_lr,4,29,1,1,0.5189430415927709,7,left_fist,07-08,2764
E05_spatial_control,erd_lr,4,29,1,1,0.5991727066814567,7,left_fist,07-08,2765
E05_spatial_control,erd_lr,4,29,1,1,0.6751525559799065,7,right_fist,07-08,2766
E05_spatial_control,erd_lr,4,29,1,1,0.5173651540585928,7,left_fist,07-08,2767
E05_spatial_control,erd_lr,4,29,1,0,0.467825113825203,7,right_fist,07-08,2768
E05_spatial_control,erd_lr,4,29,1,0,0.4636384522338493,7,right_fist,07-08,2769
E05_spatial_control,erd_lr,4,29,0,1,0.5973583274352345,8,left_fist,07-08,2770
E05_spatial_control,erd_lr,4,29,0,0,0.41318606764655147,8,right_fist,07-08,2771
E05_spatial_control,erd_lr,4,29,0,0,0.448300238827878,8,right_fist,07-08,2772
E05_spatial_control,erd_lr,4,29,0,0,0.4305719804468426,8,left_fist,07-08,2773
E05_spatial_control,erd_lr,4,29,0,1,0.6476494469069265,8,left_fist,07-08,2774
E05_spatial_control,erd_lr,4,29,0,1,0.6259477333747246,8,right_fist,07-08,2775
E05_spatial_control,erd_lr,4,29,0,1,0.5341946950981419,8,left_fist,07-08,2776
E05_spatial_control,erd_lr,4,29,0,1,0.5603367460252595,8,right_fist,07-08,2777
E05_spatial_control,erd_lr,4,29,0,0,0.44388178173774206,8,left_fist,07-08,2778
E05_spatial_control,erd_lr,4,29,0,0,0.4722445388845098,8,right_fist,07-08,2779
E05_spatial_control,erd_lr,4,29,0,0,0.4946914735711305,8,left_fist,07-08,2780
E05_spatial_control,erd_lr,4,29,0,1,0.5174143543048185,8,right_fist,07-08,2781
E05_spatial_control,erd_lr,4,29,0,1,0.6626762739214468,8,right_fist,07-08,2782
E05_spatial_control,erd_lr,4,29,0,1,0.5886143543734946,8,left_fist,07-08,2783
E05_spatial_control,erd_lr,4,29,0,1,0.518746811719519,8,left_fist,07-08,2784
E05_spatial_control,erd_lr,4,29,1,1,0.6279513140400795,9,both_fists,09-10,2785
E05_spatial_control,erd_lr,4,29,1,0,0.49627401968242313,9,both_feet,09-10,2786
E05_spatial_control,erd_lr,4,29,1,1,0.5622443498550884,9,both_feet,09-10,2787
E05_spatial_control,erd_lr,4,29,1,1,0.5823515830426115,9,both_fists,09-10,2788
E05_spatial_control,erd_lr,4,29,1,1,0.5497475054761487,9,both_fists,09-10,2789
E05_spatial_control,erd_lr,4,29,1,1,0.6447448492576494,9,both_feet,09-10,2790
E05_spatial_control,erd_lr,4,29,1,1,0.637444967957277,9,both_fists,09-10,2791
E05_spatial_control,erd_lr,4,29,1,0,0.4033238542527403,9,both_feet,09-10,2792
E05_spatial_control,erd_lr,4,29,1,0,0.40827895058343117,9,both_fists,09-10,2793
E05_spatial_control,erd_lr,4,29,1,1,0.5563403870839886,9,both_feet,09-10,2794
E05_spatial_control,erd_lr,4,29,1,1,0.5603096552926041,9,both_feet,09-10,2795
E05_spatial_control,erd_lr,4,29,1,1,0.551242396969233,9,both_fists,09-10,2796
E05_spatial_control,erd_lr,4,29,1,1,0.5488425441096361,9,both_fists,09-10,2797
E05_spatial_control,erd_lr,4,29,1,1,0.538295378963978,9,both_feet,09-10,2798
E05_spatial_control,erd_lr,4,29,1,1,0.5144195049680845,9,both_fists,09-10,2799
E05_spatial_control,erd_lr,4,29,0,0,0.3895890489035258,10,both_feet,09-10,2800
E05_spatial_control,erd_lr,4,29,0,0,0.39030619073587214,10,both_fists,09-10,2801
E05_spatial_control,erd_lr,4,29,0,0,0.3742008529622827,10,both_fists,09-10,2802
E05_spatial_control,erd_lr,4,29,0,1,0.5076002579528779,10,both_feet,09-10,2803
E05_spatial_control,erd_lr,4,29,0,1,0.7098361330613494,10,both_fists,09-10,2804
E05_spatial_control,erd_lr,4,29,0,1,0.5672340715030354,10,both_feet,09-10,2805
E05_spatial_control,erd_lr,4,29,0,0,0.4912817841600956,10,both_fists,09-10,2806
E05_spatial_control,erd_lr,4,29,0,1,0.5719743494216144,10,both_feet,09-10,2807
E05_spatial_control,erd_lr,4,29,0,0,0.3017283930173796,10,both_fists,09-10,2808
E05_spatial_control,erd_lr,4,29,0,0,0.32380097912731604,10,both_feet,09-10,2809
E05_spatial_control,erd_lr,4,29,0,0,0.42135905530020284,10,both_feet,09-10,2810
E05_spatial_control,erd_lr,4,29,0,0,0.4396460202488958,10,both_fists,09-10,2811
E05_spatial_control,erd_lr,4,29,0,1,0.5673156325150069,10,both_feet,09-10,2812
E05_spatial_control,erd_lr,4,29,0,0,0.425381426007923,10,both_fists,09-10,2813
E05_spatial_control,erd_lr,4,29,0,1,0.5001841644325876,10,both_feet,09-10,2814
E05_spatial_control,erd_lr,4,29,1,0,0.4362798026480976,11,right_fist,11-12,2815
E05_spatial_control,erd_lr,4,29,1,1,0.6226215120318885,11,left_fist,11-12,2816
E05_spatial_control,erd_lr,4,29,1,1,0.6630321610572328,11,left_fist,11-12,2817
E05_spatial_control,erd_lr,4,29,1,1,0.5878758222239658,11,right_fist,11-12,2818
E05_spatial_control,erd_lr,4,29,1,0,0.3740859391613696,11,left_fist,11-12,2819
E05_spatial_control,erd_lr,4,29,1,1,0.5289863860764638,11,right_fist,11-12,2820
E05_spatial_control,erd_lr,4,29,1,1,0.5671097915391673,11,left_fist,11-12,2821
E05_spatial_control,erd_lr,4,29,1,1,0.5602699042422457,11,right_fist,11-12,2822
E05_spatial_control,erd_lr,4,29,1,1,0.6737802558288261,11,right_fist,11-12,2823
E05_spatial_control,erd_lr,4,29,1,1,0.5381475636535588,11,left_fist,11-12,2824
E05_spatial_control,erd_lr,4,29,1,0,0.4532121906750203,11,right_fist,11-12,2825
E05_spatial_control,erd_lr,4,29,1,1,0.5920043081914779,11,left_fist,11-12,2826
E05_spatial_control,erd_lr,4,29,1,0,0.3609872972616636,11,left_fist,11-12,2827
E05_spatial_control,erd_lr,4,29,1,0,0.43888835170950735,11,right_fist,11-12,2828
E05_spatial_control,erd_lr,4,29,1,1,0.5575773877823157,11,left_fist,11-12,2829
E05_spatial_control,erd_lr,4,29,0,1,0.6377162604882313,12,left_fist,11-12,2830
E05_spatial_control,erd_lr,4,29,0,1,0.5416383518751678,12,right_fist,11-12,2831
E05_spatial_control,erd_lr,4,29,0,0,0.4913986126202728,12,right_fist,11-12,2832
E05_spatial_control,erd_lr,4,29,0,1,0.6046303132303571,12,left_fist,11-12,2833
E05_spatial_control,erd_lr,4,29,0,0,0.49769806939015726,12,right_fist,11-12,2834
E05_spatial_control,erd_lr,4,29,0,1,0.5944599211018259,12,left_fist,11-12,2835
E05_spatial_control,erd_lr,4,29,0,0,0.47360325735150466,12,right_fist,11-12,2836
E05_spatial_control,erd_lr,4,29,0,1,0.5746523950287512,12,left_fist,11-12,2837
E05_spatial_control,erd_lr,4,29,1,1,0.6565049566326696,13,both_fists,13-14,2838
E05_spatial_control,erd_lr,4,29,1,1,0.5572972439165305,13,both_feet,13-14,2839
E05_spatial_control,erd_lr,4,29,1,1,0.5367947317749308,13,both_feet,13-14,2840
E05_spatial_control,erd_lr,4,29,1,1,0.5062302394637572,13,both_fists,13-14,2841
E05_spatial_control,erd_lr,4,29,1,1,0.7153978219382676,13,both_feet,13-14,2842
E05_spatial_control,erd_lr,4,29,1,1,0.5710534888809407,13,both_fists,13-14,2843
E05_spatial_control,erd_lr,4,29,1,1,0.5446738221089551,13,both_fists,13-14,2844
E05_spatial_control,erd_lr,4,29,1,1,0.5833339567228418,13,both_feet,13-14,2845
E05_spatial_control,erd_lr,4,29,1,1,0.5261857169776223,13,both_fists,13-14,2846
E05_spatial_control,erd_lr,4,29,1,1,0.6104040818236791,13,both_feet,13-14,2847
E05_spatial_control,erd_lr,4,29,1,1,0.6268211570675561,13,both_fists,13-14,2848
E05_spatial_control,erd_lr,4,29,1,1,0.5440566348993352,13,both_feet,13-14,2849
E05_spatial_control,erd_lr,4,29,1,1,0.576754197123978,13,both_feet,13-14,2850
E05_spatial_control,erd_lr,4,29,1,0,0.3770414827852198,13,both_fists,13-14,2851
E05_spatial_control,erd_lr,4,29,1,1,0.5742623173408592,13,both_feet,13-14,2852
E05_spatial_control,erd_lr,4,29,0,1,0.5338376280696177,14,both_fists,13-14,2853
E05_spatial_control,erd_lr,4,29,0,0,0.43801763738037514,14,both_feet,13-14,2854
E05_spatial_control,erd_lr,4,29,0,1,0.5017843578891636,14,both_fists,13-14,2855
E05_spatial_control,erd_lr,4,29,0,0,0.4714150693927099,14,both_feet,13-14,2856
E05_spatial_control,erd_lr,4,29,0,1,0.5497053313077995,14,both_fists,13-14,2857
E05_spatial_control,erd_lr,4,29,0,1,0.5136733684880873,14,both_feet,13-14,2858
E05_spatial_control,erd_lr,4,29,0,0,0.44041754153199486,14,both_fists,13-14,2859
E05_spatial_control,erd_lr,4,29,0,1,0.5816735246991173,14,both_feet,13-14,2860
E05_spatial_control,erd_lr,4,29,0,1,0.5113306494474334,14,both_feet,13-14,2861
E05_spatial_control,erd_lr,4,29,0,1,0.5691492294234737,14,both_fists,13-14,2862
E05_spatial_control,erd_lr,4,29,0,0,0.4719877004004746,14,both_fists,13-14,2863
E05_spatial_control,erd_lr,4,29,0,1,0.6309380601891854,14,both_feet,13-14,2864
E05_spatial_control,erd_lr,4,29,0,1,0.6279529962008253,14,both_fists,13-14,2865
E05_spatial_control,erd_lr,4,29,0,0,0.3744636208292459,14,both_feet,13-14,2866
E05_spatial_control,erd_lr,4,29,0,1,0.5153731048240974,14,both_feet,13-14,2867
E05_spatial_control,erd_lr,4,33,1,0,0.30078038636277593,3,right_fist,03-04,3228
E05_spatial_control,erd_lr,4,33,1,1,0.7324235781377499,3,left_fist,03-04,3229
E05_spatial_control,erd_lr,4,33,1,1,0.5921654511683452,3,left_fist,03-04,3230
E05_spatial_control,erd_lr,4,33,1,0,0.4688617047631578,3,right_fist,03-04,3231
E05_spatial_control,erd_lr,4,33,1,1,0.5334334833024105,3,left_fist,03-04,3232
E05_spatial_control,erd_lr,4,33,1,1,0.6995672729719062,3,right_fist,03-04,3233
E05_spatial_control,erd_lr,4,33,1,1,0.647654918602107,3,left_fist,03-04,3234
E05_spatial_control,erd_lr,4,33,1,1,0.6756978024239245,3,right_fist,03-04,3235
E05_spatial_control,erd_lr,4,33,1,0,0.4044359695051775,3,right_fist,03-04,3236
E05_spatial_control,erd_lr,4,33,1,0,0.4455845252736779,3,left_fist,03-04,3237
E05_spatial_control,erd_lr,4,33,1,0,0.4117920657681054,3,left_fist,03-04,3238
E05_spatial_control,erd_lr,4,33,1,1,0.5188934267543382,3,right_fist,03-04,3239
E05_spatial_control,erd_lr,4,33,1,0,0.42621476380260975,3,right_fist,03-04,3240
E05_spatial_control,erd_lr,4,33,1,0,0.47096810523060867,3,left_fist,03-04,3241
E05_spatial_control,erd_lr,4,33,1,1,0.6278722970058555,3,right_fist,03-04,3242
E05_spatial_control,erd_lr,4,33,0,1,0.5341360547462111,4,left_fist,03-04,3243
E05_spatial_control,erd_lr,4,33,0,1,0.5293449809559657,4,right_fist,03-04,3244
E05_spatial_control,erd_lr,4,33,0,0,0.48924471939529723,4,right_fist,03-04,3245
E05_spatial_control,erd_lr,4,33,0,0,0.3007779167622594,4,left_fist,03-04,3246
E05_spatial_control,erd_lr,4,33,0,0,0.47402943938884495,4,right_fist,03-04,3247
E05_spatial_control,erd_lr,4,33,0,0,0.49317482975815885,4,left_fist,03-04,3248
E05_spatial_control,erd_lr,4,33,0,1,0.5926276881289342,4,right_fist,03-04,3249
E05_spatial_control,erd_lr,4,33,0,1,0.5663778124801867,4,left_fist,03-04,3250
E05_spatial_control,erd_lr,4,33,0,0,0.4906698277097758,4,left_fist,03-04,3251
E05_spatial_control,erd_lr,4,33,0,0,0.37965725881961926,4,right_fist,03-04,3252
E05_spatial_control,erd_lr,4,33,0,1,0.5357319210224649,4,right_fist,03-04,3253
E05_spatial_control,erd_lr,4,33,0,1,0.7732371146467042,4,left_fist,03-04,3254
E05_spatial_control,erd_lr,4,33,0,0,0.3699479169886285,4,right_fist,03-04,3255
E05_spatial_control,erd_lr,4,33,0,0,0.4980590983718504,4,left_fist,03-04,3256
E05_spatial_control,erd_lr,4,33,0,1,0.5283381540550497,4,left_fist,03-04,3257
E05_spatial_control,erd_lr,4,33,1,1,0.5545869634274595,5,both_fists,05-06,3258
E05_spatial_control,erd_lr,4,33,1,0,0.38396689002770357,5,both_feet,05-06,3259
E05_spatial_control,erd_lr,4,33,1,0,0.41921883772324703,5,both_feet,05-06,3260
E05_spatial_control,erd_lr,4,33,1,0,0.48017985330252483,5,both_fists,05-06,3261
E05_spatial_control,erd_lr,4,33,1,1,0.5249057362019419,5,both_fists,05-06,3262
E05_spatial_control,erd_lr,4,33,1,1,0.589782910326435,5,both_feet,05-06,3263
E05_spatial_control,erd_lr,4,33,1,0,0.49095412006381045,5,both_fists,05-06,3264
E05_spatial_control,erd_lr,4,33,1,1,0.6301028661361092,5,both_feet,05-06,3265
E05_spatial_control,erd_lr,4,33,1,0,0.3944143104228232,5,both_fists,05-06,3266
E05_spatial_control,erd_lr,4,33,1,1,0.5315644264291454,5,both_feet,05-06,3267
E05_spatial_control,erd_lr,4,33,1,0,0.4218124415790074,5,both_feet,05-06,3268
E05_spatial_control,erd_lr,4,33,1,1,0.5939790053146533,5,both_fists,05-06,3269
E05_spatial_control,erd_lr,4,33,1,1,0.5556838338324283,5,both_fists,05-06,3270
E05_spatial_control,erd_lr,4,33,1,0,0.4896836664765839,5,both_feet,05-06,3271
E05_spatial_control,erd_lr,4,33,1,1,0.5934826609051673,5,both_feet,05-06,3272
E05_spatial_control,erd_lr,4,33,0,0,0.4519838435204677,6,both_feet,05-06,3273
E05_spatial_control,erd_lr,4,33,0,1,0.5406672206358989,6,both_fists,05-06,3274
E05_spatial_control,erd_lr,4,33,0,0,0.3630239331034774,6,both_feet,05-06,3275
E05_spatial_control,erd_lr,4,33,0,1,0.563666109231784,6,both_fists,05-06,3276
E05_spatial_control,erd_lr,4,33,0,0,0.3757214063138316,6,both_fists,05-06,3277
E05_spatial_control,erd_lr,4,33,0,1,0.5306709069161517,6,both_feet,05-06,3278
E05_spatial_control,erd_lr,4,33,0,0,0.42401035560761746,6,both_feet,05-06,3279
E05_spatial_control,erd_lr,4,33,0,0,0.2961814001736203,6,both_fists,05-06,3280
E05_spatial_control,erd_lr,4,33,0,0,0.2859044162926267,6,both_feet,05-06,3281
E05_spatial_control,erd_lr,4,33,0,0,0.4755777361694964,6,both_fists,05-06,3282
E05_spatial_control,erd_lr,4,33,0,1,0.5492622655900847,6,both_feet,05-06,3283
E05_spatial_control,erd_lr,4,33,0,1,0.6257325815742213,6,both_feet,05-06,3284
E05_spatial_control,erd_lr,4,33,0,0,0.32342759143769434,6,both_fists,05-06,3285
E05_spatial_control,erd_lr,4,33,0,0,0.3816083335446155,6,both_feet,05-06,3286
E05_spatial_control,erd_lr,4,33,1,0,0.4232447874063122,7,left_fist,07-08,3287
E05_spatial_control,erd_lr,4,33,1,0,0.4872048934188853,7,right_fist,07-08,3288
E05_spatial_control,erd_lr,4,33,1,0,0.4942299163112918,7,left_fist,07-08,3289
E05_spatial_control,erd_lr,4,33,1,1,0.7106593216541177,7,right_fist,07-08,3290
E05_spatial_control,erd_lr,4,33,1,1,0.5718942526732186,7,right_fist,07-08,3291
E05_spatial_control,erd_lr,4,33,1,1,0.6146313561342224,7,left_fist,07-08,3292
E05_spatial_control,erd_lr,4,33,1,1,0.5449471566678926,7,left_fist,07-08,3293
E05_spatial_control,erd_lr,4,33,1,1,0.6364924510464582,7,right_fist,07-08,3294
E05_spatial_control,erd_lr,4,33,1,1,0.5109981176459022,7,right_fist,07-08,3295
E05_spatial_control,erd_lr,4,33,1,1,0.6058252083946862,7,left_fist,07-08,3296
E05_spatial_control,erd_lr,4,33,1,1,0.6514154600318839,7,left_fist,07-08,3297
E05_spatial_control,erd_lr,4,33,1,0,0.49728434623723605,7,right_fist,07-08,3298
E05_spatial_control,erd_lr,4,33,1,0,0.47377814397896045,7,right_fist,07-08,3299
E05_spatial_control,erd_lr,4,33,1,1,0.5704468684902392,7,left_fist,07-08,3300
E05_spatial_control,erd_lr,4,33,1,1,0.7377095219763179,7,right_fist,07-08,3301
E05_spatial_control,erd_lr,4,33,0,1,0.6925473494292845,8,right_fist,07-08,3302
E05_spatial_control,erd_lr,4,33,0,0,0.4251980247210831,8,left_fist,07-08,3303
E05_spatial_control,erd_lr,4,33,0,0,0.4455613300165835,8,left_fist,07-08,3304
E05_spatial_control,erd_lr,4,33,0,0,0.3579737170565327,8,right_fist,07-08,3305
E05_spatial_control,erd_lr,4,33,0,1,0.5238237431526396,8,right_fist,07-08,3306
E05_spatial_control,erd_lr,4,33,0,0,0.49077498649957824,8,left_fist,07-08,3307
E05_spatial_control,erd_lr,4,33,0,1,0.5882170978416039,8,left_fist,07-08,3308
E05_spatial_control,erd_lr,4,33,0,1,0.5023836476985992,8,right_fist,07-08,3309
E05_spatial_control,erd_lr,4,33,0,1,0.5431338165072483,8,right_fist,07-08,3310
E05_spatial_control,erd_lr,4,33,0,1,0.5517759210411537,8,left_fist,07-08,3311
E05_spatial_control,erd_lr,4,33,0,1,0.6153802960244892,8,right_fist,07-08,3312
E05_spatial_control,erd_lr,4,33,0,1,0.5176541352762848,8,left_fist,07-08,3313
E05_spatial_control,erd_lr,4,33,0,1,0.5435616960775136,8,right_fist,07-08,3314
E05_spatial_control,erd_lr,4,33,0,1,0.5211820283867475,8,left_fist,07-08,3315
E05_spatial_control,erd_lr,4,33,0,0,0.49727293995950617,8,left_fist,07-08,3316
E05_spatial_control,erd_lr,4,33,1,0,0.3892103695981669,9,both_feet,09-10,3317
E05_spatial_control,erd_lr,4,33,1,1,0.7139603234530401,9,both_fists,09-10,3318
E05_spatial_control,erd_lr,4,33,1,1,0.5276190849879788,9,both_fists,09-10,3319
E05_spatial_control,erd_lr,4,33,1,1,0.5014778869521715,9,both_feet,09-10,3320
E05_spatial_control,erd_lr,4,33,1,1,0.5063375784378319,9,both_fists,09-10,3321
E05_spatial_control,erd_lr,4,33,1,1,0.5231186536302612,9,both_feet,09-10,3322
E05_spatial_control,erd_lr,4,33,1,1,0.527112229719241,9,both_feet,09-10,3323
E05_spatial_control,erd_lr,4,33,1,1,0.6184772908867521,9,both_fists,09-10,3324
E05_spatial_control,erd_lr,4,33,1,0,0.4968815229960141,9,both_fists,09-10,3325
E05_spatial_control,erd_lr,4,33,1,1,0.6428608603358893,9,both_feet,09-10,3326
E05_spatial_control,erd_lr,4,33,1,1,0.6209759421217758,9,both_fists,09-10,3327
E05_spatial_control,erd_lr,4,33,1,1,0.5634666476226049,9,both_feet,09-10,3328
E05_spatial_control,erd_lr,4,33,1,0,0.35403243593686223,9,both_feet,09-10,3329
E05_spatial_control,erd_lr,4,33,1,1,0.6558097561507663,9,both_fists,09-10,3330
E05_spatial_control,erd_lr,4,33,1,1,0.5164478603132223,9,both_feet,09-10,3331
E05_spatial_control,erd_lr,4,33,0,1,0.5920536202755158,10,both_feet,09-10,3332
E05_spatial_control,erd_lr,4,33,0,0,0.2988889084054582,10,both_fists,09-10,3333
E05_spatial_control,erd_lr,4,33,0,0,0.31794254576987224,10,both_fists,09-10,3334
E05_spatial_control,erd_lr,4,33,0,1,0.598832646531177,10,both_feet,09-10,3335
E05_spatial_control,erd_lr,4,33,0,0,0.4538332407293065,10,both_fists,09-10,3336
E05_spatial_control,erd_lr,4,33,0,1,0.5169423113729317,10,both_feet,09-10,3337
E05_spatial_control,erd_lr,4,33,0,1,0.5538961148847007,10,both_feet,09-10,3338
E05_spatial_control,erd_lr,4,33,0,1,0.5966922959256582,10,both_fists,09-10,3339
E05_spatial_control,erd_lr,4,33,0,0,0.42131618058948817,10,both_fists,09-10,3340
E05_spatial_control,erd_lr,4,33,0,1,0.5818305273946773,10,both_feet,09-10,3341
E05_spatial_control,erd_lr,4,33,0,1,0.5008016585779375,10,both_feet,09-10,3342
E05_spatial_control,erd_lr,4,33,0,0,0.3940521291667104,10,both_fists,09-10,3343
E05_spatial_control,erd_lr,4,33,0,1,0.5307769720600898,10,both_feet,09-10,3344
E05_spatial_control,erd_lr,4,33,0,0,0.39655237098154533,10,both_fists,09-10,3345
E05_spatial_control,erd_lr,4,33,0,0,0.32051214713726967,10,both_fists,09-10,3346
E05_spatial_control,erd_lr,4,33,1,1,0.7214453601734334,11,right_fist,11-12,3347
E05_spatial_control,erd_lr,4,33,1,0,0.45003416090154597,11,left_fist,11-12,3348
E05_spatial_control,erd_lr,4,33,1,1,0.5744841251633565,11,left_fist,11-12,3349
E05_spatial_control,erd_lr,4,33,1,1,0.5100730986372237,11,right_fist,11-12,3350
E05_spatial_control,erd_lr,4,33,1,1,0.5624940592581126,11,right_fist,11-12,3351
E05_spatial_control,erd_lr,4,33,1,1,0.7767188550016328,11,left_fist,11-12,3352
E05_spatial_control,erd_lr,4,33,1,1,0.6735684752222725,11,right_fist,11-12,3353
E05_spatial_control,erd_lr,4,33,1,1,0.562001645873387,11,left_fist,11-12,3354
E05_spatial_control,erd_lr,4,33,1,1,0.6984901782865041,11,left_fist,11-12,3355
E05_spatial_control,erd_lr,4,33,1,1,0.5890800577262817,11,right_fist,11-12,3356
E05_spatial_control,erd_lr,4,33,1,0,0.49943750787677965,11,left_fist,11-12,3357
E05_spatial_control,erd_lr,4,33,1,0,0.4128109674594126,11,right_fist,11-12,3358
E05_spatial_control,erd_lr,4,33,1,1,0.6435103772961168,11,right_fist,11-12,3359
E05_spatial_control,erd_lr,4,33,1,0,0.47002793246361074,11,left_fist,11-12,3360
E05_spatial_control,erd_lr,4,33,0,1,0.557215736628333,12,left_fist,11-12,3361
E05_spatial_control,erd_lr,4,33,0,0,0.45298238668938035,12,right_fist,11-12,3362
E05_spatial_control,erd_lr,4,33,0,1,0.6986638042293417,12,right_fist,11-12,3363
E05_spatial_control,erd_lr,4,33,0,0,0.41057343298496835,12,left_fist,11-12,3364
E05_spatial_control,erd_lr,4,33,0,1,0.5097075793839281,12,left_fist,11-12,3365
E05_spatial_control,erd_lr,4,33,0,0,0.4974623436699408,12,right_fist,11-12,3366
E05_spatial_control,erd_lr,4,33,0,0,0.47559073643588873,12,left_fist,11-12,3367
E05_spatial_control,erd_lr,4,33,0,1,0.6966515094133032,12,right_fist,11-12,3368
E05_spatial_control,erd_lr,4,33,0,1,0.5336785539782735,12,left_fist,11-12,3369
E05_spatial_control,erd_lr,4,33,0,1,0.6006066473950183,12,right_fist,11-12,3370
E05_spatial_control,erd_lr,4,33,0,0,0.44248220158053075,12,left_fist,11-12,3371
E05_spatial_control,erd_lr,4,33,0,0,0.31141194691391544,12,right_fist,11-12,3372
E05_spatial_control,erd_lr,4,33,0,0,0.4444321080713355,12,left_fist,11-12,3373
E05_spatial_control,erd_lr,4,33,0,0,0.3811375980518186,12,right_fist,11-12,3374
E05_spatial_control,erd_lr,4,33,0,0,0.32723039835428397,12,right_fist,11-12,3375
E05_spatial_control,erd_lr,4,33,1,1,0.5031955750653195,13,both_fists,13-14,3376
E05_spatial_control,erd_lr,4,33,1,0,0.4520481820323282,13,both_feet,13-14,3377
E05_spatial_control,erd_lr,4,33,1,1,0.5886244591037492,13,both_fists,13-14,3378
E05_spatial_control,erd_lr,4,33,1,1,0.505816204532016,13,both_feet,13-14,3379
E05_spatial_control,erd_lr,4,33,1,0,0.43138465157732836,13,both_feet,13-14,3380
E05_spatial_control,erd_lr,4,33,1,0,0.4265715365999644,13,both_fists,13-14,3381
E05_spatial_control,erd_lr,4,33,1,1,0.6836726947698079,13,both_fists,13-14,3382
E05_spatial_control,erd_lr,4,33,1,0,0.4409423456709878,13,both_feet,13-14,3383
E05_spatial_control,erd_lr,4,33,1,1,0.5487659982915739,13,both_fists,13-14,3384
E05_spatial_control,erd_lr,4,33,1,0,0.473302304950348,13,both_feet,13-14,3385
E05_spatial_control,erd_lr,4,33,1,1,0.6055661736659188,13,both_fists,13-14,3386
E05_spatial_control,erd_lr,4,33,1,0,0.45321986767635153,13,both_feet,13-14,3387
E05_spatial_control,erd_lr,4,33,1,0,0.4915331600519905,13,both_fists,13-14,3388
E05_spatial_control,erd_lr,4,33,1,0,0.39629249469725825,13,both_feet,13-14,3389
E05_spatial_control,erd_lr,4,33,1,1,0.6032506108142398,13,both_feet,13-14,3390
E05_spatial_control,erd_lr,4,33,0,1,0.5750409236092716,14,both_fists,13-14,3391
E05_spatial_control,erd_lr,4,33,0,0,0.490111319516532,14,both_feet,13-14,3392
E05_spatial_control,erd_lr,4,33,0,1,0.5278113467527982,14,both_feet,13-14,3393
E05_spatial_control,erd_lr,4,33,0,0,0.47695789401353267,14,both_fists,13-14,3394
E05_spatial_control,erd_lr,4,33,0,0,0.3975007356217543,14,both_fists,13-14,3395
E05_spatial_control,erd_lr,4,33,0,0,0.49587977581813886,14,both_feet,13-14,3396
E05_spatial_control,erd_lr,4,33,0,0,0.29003202137932155,14,both_feet,13-14,3397
E05_spatial_control,erd_lr,4,33,0,0,0.46523332751627383,14,both_fists,13-14,3398
E05_spatial_control,erd_lr,4,33,0,0,0.363366625829314,14,both_feet,13-14,3399
E05_spatial_control,erd_lr,4,33,0,1,0.5731916725616295,14,both_fists,13-14,3400
E05_spatial_control,erd_lr,4,33,0,1,0.564778161939753,14,both_feet,13-14,3401
E05_spatial_control,erd_lr,4,33,0,0,0.3429973119137573,14,both_fists,13-14,3402
E05_spatial_control,erd_lr,4,33,0,0,0.23768625986064945,14,both_feet,13-14,3403
E05_spatial_control,erd_lr,4,33,0,0,0.38752338764813743,14,both_fists,13-14,3404
E05_spatial_control,erd_lr,4,33,0,0,0.35308482992784185,14,both_feet,13-14,3405
E05_spatial_control,erd_lr,4,38,1,0,0.4952676986569193,3,right_fist,03-04,4046
E05_spatial_control,erd_lr,4,38,1,0,0.47545570634972184,3,left_fist,03-04,4047
E05_spatial_control,erd_lr,4,38,1,0,0.44894537861238765,3,right_fist,03-04,4048
E05_spatial_control,erd_lr,4,38,1,1,0.5498365954777763,3,left_fist,03-04,4049
E05_spatial_control,erd_lr,4,38,1,1,0.5820538861382459,3,right_fist,03-04,4050
E05_spatial_control,erd_lr,4,38,1,1,0.557506216789299,3,left_fist,03-04,4051
E05_spatial_control,erd_lr,4,38,1,1,0.5590538767353705,3,left_fist,03-04,4052
E05_spatial_control,erd_lr,4,38,1,1,0.59097565790454,3,right_fist,03-04,4053
E05_spatial_control,erd_lr,4,38,1,0,0.4850819641295055,3,right_fist,03-04,4054
E05_spatial_control,erd_lr,4,38,1,1,0.5312335329733887,3,left_fist,03-04,4055
E05_spatial_control,erd_lr,4,38,1,0,0.4723605124009598,3,right_fist,03-04,4056
E05_spatial_control,erd_lr,4,38,1,1,0.6959272628701428,3,right_fist,03-04,4057
E05_spatial_control,erd_lr,4,38,1,1,0.5013939115682234,3,left_fist,03-04,4058
E05_spatial_control,erd_lr,4,38,1,0,0.36814174287835644,3,right_fist,03-04,4059
E05_spatial_control,erd_lr,4,38,0,0,0.46080526436016384,4,right_fist,03-04,4060
E05_spatial_control,erd_lr,4,38,0,0,0.4113228130387404,4,left_fist,03-04,4061
E05_spatial_control,erd_lr,4,38,0,0,0.3805462764790857,4,left_fist,03-04,4062
E05_spatial_control,erd_lr,4,38,0,0,0.40905998935848803,4,right_fist,03-04,4063
E05_spatial_control,erd_lr,4,38,0,0,0.4815488245123854,4,left_fist,03-04,4064
E05_spatial_control,erd_lr,4,38,0,0,0.46236241382741294,4,right_fist,03-04,4065
E05_spatial_control,erd_lr,4,38,0,0,0.3789182328019257,4,left_fist,03-04,4066
E05_spatial_control,erd_lr,4,38,0,1,0.6024778947852814,4,right_fist,03-04,4067
E05_spatial_control,erd_lr,4,38,0,0,0.45405694047032397,4,right_fist,03-04,4068
E05_spatial_control,erd_lr,4,38,0,1,0.5025497161126823,4,left_fist,03-04,4069
E05_spatial_control,erd_lr,4,38,0,1,0.600540317347283,4,left_fist,03-04,4070
E05_spatial_control,erd_lr,4,38,1,1,0.5284795001698654,5,both_feet,05-06,4071
E05_spatial_control,erd_lr,4,38,1,0,0.4919477285368149,5,both_fists,05-06,4072
E05_spatial_control,erd_lr,4,38,1,1,0.5367782423402515,5,both_feet,05-06,4073
E05_spatial_control,erd_lr,4,38,1,1,0.501486506652625,5,both_fists,05-06,4074
E05_spatial_control,erd_lr,4,38,1,1,0.568662974996213,5,both_fists,05-06,4075
E05_spatial_control,erd_lr,4,38,1,1,0.6331772353457433,5,both_feet,05-06,4076
E05_spatial_control,erd_lr,4,38,1,1,0.6048309778007974,5,both_feet,05-06,4077
E05_spatial_control,erd_lr,4,38,1,1,0.5020017224041621,5,both_fists,05-06,4078
E05_spatial_control,erd_lr,4,38,1,1,0.570917681685156,5,both_feet,05-06,4079
E05_spatial_control,erd_lr,4,38,1,1,0.6142842129135492,5,both_fists,05-06,4080
E05_spatial_control,erd_lr,4,38,1,1,0.5526711063970304,5,both_feet,05-06,4081
E05_spatial_control,erd_lr,4,38,1,0,0.4921473647322615,5,both_fists,05-06,4082
E05_spatial_control,erd_lr,4,38,1,0,0.4969937865011969,5,both_feet,05-06,4083
E05_spatial_control,erd_lr,4,38,1,1,0.5830831143741958,5,both_fists,05-06,4084
E05_spatial_control,erd_lr,4,38,1,1,0.6113961276243942,5,both_fists,05-06,4085
E05_spatial_control,erd_lr,4,38,0,0,0.4053202938345697,6,both_fists,05-06,4086
E05_spatial_control,erd_lr,4,38,0,0,0.4314071958840822,6,both_feet,05-06,4087
E05_spatial_control,erd_lr,4,38,0,0,0.4440177540294751,6,both_fists,05-06,4088
E05_spatial_control,erd_lr,4,38,0,0,0.47465848914305164,6,both_fists,05-06,4089
E05_spatial_control,erd_lr,4,38,1,0,0.49909711637028,7,right_fist,07-08,4090
E05_spatial_control,erd_lr,4,38,1,1,0.55946502306341,7,left_fist,07-08,4091
E05_spatial_control,erd_lr,4,38,1,1,0.6165021684045524,7,left_fist,07-08,4092
E05_spatial_control,erd_lr,4,38,1,1,0.5966044691965636,7,right_fist,07-08,4093
E05_spatial_control,erd_lr,4,38,1,0,0.39798922484698357,7,right_fist,07-08,4094
E05_spatial_control,erd_lr,4,38,0,1,0.5158504646134673,8,right_fist,07-08,4095
E05_spatial_control,erd_lr,4,38,0,1,0.5704473953654017,8,left_fist,07-08,4096
E05_spatial_control,erd_lr,4,38,0,1,0.5468471838829471,8,left_fist,07-08,4097
E05_spatial_control,erd_lr,4,38,0,1,0.5268906272943026,8,right_fist,07-08,4098
E05_spatial_control,erd_lr,4,38,0,0,0.4057065102195905,8,left_fist,07-08,4099
E05_spatial_control,erd_lr,4,38,0,1,0.5156113553642473,8,right_fist,07-08,4100
E05_spatial_control,erd_lr,4,38,0,0,0.4671293250770261,8,left_fist,07-08,4101
E05_spatial_control,erd_lr,4,38,0,1,0.5420236621824114,8,left_fist,07-08,4102
E05_spatial_control,erd_lr,4,38,1,1,0.5383825457931222,9,both_feet,09-10,4103
E05_spatial_control,erd_lr,4,38,1,1,0.545897357067353,9,both_fists,09-10,4104
E05_spatial_control,erd_lr,4,38,1,1,0.6336542380194886,9,both_fists,09-10,4105
E05_spatial_control,erd_lr,4,38,1,0,0.41941254774372433,9,both_feet,09-10,4106
E05_spatial_control,erd_lr,4,38,1,1,0.5419199902530996,9,both_feet,09-10,4107
E05_spatial_control,erd_lr,4,38,0,0,0.3725348685317365,10,both_feet,09-10,4108
E05_spatial_control,erd_lr,4,38,0,1,0.5778819305406634,10,both_fists,09-10,4109
E05_spatial_control,erd_lr,4,38,0,0,0.381977040945619,10,both_feet,09-10,4110
E05_spatial_control,erd_lr,4,38,0,0,0.4708538714997495,10,both_fists,09-10,4111
E05_spatial_control,erd_lr,4,38,0,0,0.4070220767246315,10,both_feet,09-10,4112
E05_spatial_control,erd_lr,4,38,0,1,0.520304435910585,10,both_fists,09-10,4113
E05_spatial_control,erd_lr,4,38,0,1,0.5264499830602333,10,both_fists,09-10,4114
E05_spatial_control,erd_lr,4,38,0,0,0.31634348127069833,10,both_feet,09-10,4115
E05_spatial_control,erd_lr,4,38,0,0,0.455212977546216,10,both_fists,09-10,4116
E05_spatial_control,erd_lr,4,38,0,0,0.49633645842615287,10,both_feet,09-10,4117
E05_spatial_control,erd_lr,4,38,0,0,0.48887847851809885,10,both_fists,09-10,4118
E05_spatial_control,erd_lr,4,38,0,1,0.5498791416598267,10,both_feet,09-10,4119
E05_spatial_control,erd_lr,4,38,0,1,0.6510502661632953,10,both_fists,09-10,4120
E05_spatial_control,erd_lr,4,38,1,0,0.43162303851100686,11,right_fist,11-12,4121
E05_spatial_control,erd_lr,4,38,1,1,0.5303421509734658,11,left_fist,11-12,4122
E05_spatial_control,erd_lr,4,38,1,0,0.47385819442532107,11,left_fist,11-12,4123
E05_spatial_control,erd_lr,4,38,1,0,0.47875315341974345,11,right_fist,11-12,4124
E05_spatial_control,erd_lr,4,38,1,0,0.4438074850422486,11,left_fist,11-12,4125
E05_spatial_control,erd_lr,4,38,1,1,0.5426966766949829,11,right_fist,11-12,4126
E05_spatial_control,erd_lr,4,38,1,0,0.45375512891905645,11,left_fist,11-12,4127
E05_spatial_control,erd_lr,4,38,1,0,0.4678789481104927,11,right_fist,11-12,4128
E05_spatial_control,erd_lr,4,38,1,0,0.4654353455907894,11,right_fist,11-12,4129
E05_spatial_control,erd_lr,4,38,0,1,0.5177581035117126,12,right_fist,11-12,4130
E05_spatial_control,erd_lr,4,38,0,0,0.4322849423310631,12,left_fist,11-12,4131
E05_spatial_control,erd_lr,4,38,0,0,0.34148083257456596,12,right_fist,11-12,4132
E05_spatial_control,erd_lr,4,38,0,1,0.5705640892781987,12,left_fist,11-12,4133
E05_spatial_control,erd_lr,4,38,0,1,0.6341182261422968,12,right_fist,11-12,4134
E05_spatial_control,erd_lr,4,38,0,0,0.3941267754082035,12,left_fist,11-12,4135
E05_spatial_control,erd_lr,4,38,0,0,0.4801509795973413,12,right_fist,11-12,4136
E05_spatial_control,erd_lr,4,38,0,1,0.5579006972873999,12,left_fist,11-12,4137
E05_spatial_control,erd_lr,4,38,0,1,0.5024474226755601,12,right_fist,11-12,4138
E05_spatial_control,erd_lr,4,38,0,1,0.611555289876768,12,left_fist,11-12,4139
E05_spatial_control,erd_lr,4,38,0,1,0.581688960154425,12,right_fist,11-12,4140
E05_spatial_control,erd_lr,4,38,0,0,0.3523875609305123,12,left_fist,11-12,4141
E05_spatial_control,erd_lr,4,38,0,1,0.5361006697550939,12,left_fist,11-12,4142
E05_spatial_control,erd_lr,4,38,0,1,0.5273972267079863,12,right_fist,11-12,4143
E05_spatial_control,erd_lr,4,38,0,0,0.48265474949323295,12,right_fist,11-12,4144
E05_spatial_control,erd_lr,4,38,1,0,0.3920067384221176,13,both_fists,13-14,4145
E05_spatial_control,erd_lr,4,38,1,1,0.5288094607671323,13,both_feet,13-14,4146
E05_spatial_control,erd_lr,4,38,1,0,0.3894018554299911,13,both_feet,13-14,4147
E05_spatial_control,erd_lr,4,38,1,0,0.4885437228919173,13,both_fists,13-14,4148
E05_spatial_control,erd_lr,4,38,1,1,0.5612422148093442,13,both_fists,13-14,4149
E05_spatial_control,erd_lr,4,38,1,0,0.4612537519633129,13,both_fists,13-14,4150
E05_spatial_control,erd_lr,4,38,1,1,0.5272069404182799,13,both_feet,13-14,4151
E05_spatial_control,erd_lr,4,38,1,0,0.4181743582255058,13,both_fists,13-14,4152
E05_spatial_control,erd_lr,4,38,1,0,0.3767881598289774,13,both_feet,13-14,4153
E05_spatial_control,erd_lr,4,38,1,0,0.38795039884309124,13,both_feet,13-14,4154
E05_spatial_control,erd_lr,4,38,1,0,0.39583937705445343,13,both_fists,13-14,4155
E05_spatial_control,erd_lr,4,38,1,0,0.43566350613884497,13,both_feet,13-14,4156
E05_spatial_control,erd_lr,4,38,1,0,0.4436929303006337,13,both_feet,13-14,4157
E05_spatial_control,erd_lr,4,38,0,1,0.5822899654064808,14,both_fists,13-14,4158
E05_spatial_control,erd_lr,4,38,0,0,0.4125004744512703,14,both_feet,13-14,4159
E05_spatial_control,erd_lr,4,38,0,0,0.398580451178192,14,both_fists,13-14,4160
E05_spatial_control,erd_lr,4,38,0,0,0.4090888187062993,14,both_feet,13-14,4161
E05_spatial_control,erd_lr,4,38,0,0,0.4970132408432009,14,both_feet,13-14,4162
E05_spatial_control,erd_lr,4,38,0,0,0.36978860143718567,14,both_fists,13-14,4163
E05_spatial_control,erd_lr,4,38,0,0,0.48071545312889097,14,both_feet,13-14,4164
E05_spatial_control,erd_lr,4,38,0,1,0.619224919287953,14,both_fists,13-14,4165
E05_spatial_control,erd_lr,4,38,0,0,0.42511103466001027,14,both_feet,13-14,4166
E05_spatial_control,erd_lr,4,38,0,0,0.4381582999948892,14,both_fists,13-14,4167
E05_spatial_control,erd_lr,4,38,0,1,0.5140977052893935,14,both_fists,13-14,4168
E05_spatial_control,erd_lr,4,38,0,1,0.5175497092106915,14,both_feet,13-14,4169
E05_spatial_control,erd_lr,4,38,0,0,0.3934086960876347,14,both_feet,13-14,4170
E05_spatial_control,erd_lr,4,38,0,0,0.38373770396615114,14,both_fists,13-14,4171
E05_spatial_control,erd_lr,4,49,1,1,0.5137871345143362,3,right_fist,03-04,5131
E05_spatial_control,erd_lr,4,49,1,0,0.4778835232569972,3,left_fist,03-04,5132
E05_spatial_control,erd_lr,4,49,1,1,0.59358354770044,3,right_fist,03-04,5133
E05_spatial_control,erd_lr,4,49,1,1,0.5967687649194662,3,left_fist,03-04,5134
E05_spatial_control,erd_lr,4,49,1,1,0.5814308080530655,3,left_fist,03-04,5135
E05_spatial_control,erd_lr,4,49,1,1,0.5768864826734492,3,right_fist,03-04,5136
E05_spatial_control,erd_lr,4,49,1,1,0.5921613636245363,3,left_fist,03-04,5137
E05_spatial_control,erd_lr,4,49,1,1,0.5339162512207478,3,left_fist,03-04,5138
E05_spatial_control,erd_lr,4,49,1,1,0.6230707148208119,3,right_fist,03-04,5139
E05_spatial_control,erd_lr,4,49,0,0,0.47058164699172844,4,left_fist,03-04,5140
E05_spatial_control,erd_lr,4,49,0,1,0.5583180158522609,4,right_fist,03-04,5141
E05_spatial_control,erd_lr,4,49,0,0,0.4197252733725664,4,left_fist,03-04,5142
E05_spatial_control,erd_lr,4,49,0,0,0.4503430150252647,4,right_fist,03-04,5143
E05_spatial_control,erd_lr,4,49,0,1,0.6265616576024823,4,right_fist,03-04,5144
E05_spatial_control,erd_lr,4,49,0,1,0.5701468401784235,4,left_fist,03-04,5145
E05_spatial_control,erd_lr,4,49,0,1,0.5366979065565631,4,right_fist,03-04,5146
E05_spatial_control,erd_lr,4,49,0,0,0.41000504164494406,4,left_fist,03-04,5147
E05_spatial_control,erd_lr,4,49,0,0,0.44445823610640606,4,left_fist,03-04,5148
E05_spatial_control,erd_lr,4,49,0,0,0.41351956735575823,4,right_fist,03-04,5149
E05_spatial_control,erd_lr,4,49,0,0,0.3835997512870349,4,right_fist,03-04,5150
E05_spatial_control,erd_lr,4,49,0,1,0.7177656629643394,4,left_fist,03-04,5151
E05_spatial_control,erd_lr,4,49,0,1,0.6980335351883225,4,left_fist,03-04,5152
E05_spatial_control,erd_lr,4,49,0,1,0.5187804511007342,4,right_fist,03-04,5153
E05_spatial_control,erd_lr,4,49,0,0,0.4309417598696448,4,right_fist,03-04,5154
E05_spatial_control,erd_lr,4,49,1,1,0.6867735753510593,5,both_fists,05-06,5155
E05_spatial_control,erd_lr,4,49,1,1,0.5799142329025125,5,both_feet,05-06,5156
E05_spatial_control,erd_lr,4,49,1,1,0.7530320856020116,5,both_feet,05-06,5157
E05_spatial_control,erd_lr,4,49,1,1,0.7091417133786925,5,both_fists,05-06,5158
E05_spatial_control,erd_lr,4,49,1,1,0.6974705659944831,5,both_feet,05-06,5159
E05_spatial_control,erd_lr,4,49,1,0,0.49557064271349377,5,both_feet,05-06,5160
E05_spatial_control,erd_lr,4,49,1,1,0.6636158032893898,5,both_fists,05-06,5161
E05_spatial_control,erd_lr,4,49,1,1,0.6289079030421989,5,both_feet,05-06,5162
E05_spatial_control,erd_lr,4,49,1,1,0.5892794041807745,5,both_feet,05-06,5163
E05_spatial_control,erd_lr,4,49,0,0,0.3924212510050231,6,both_feet,05-06,5164
E05_spatial_control,erd_lr,4,49,0,1,0.547770406977195,6,both_feet,05-06,5165
E05_spatial_control,erd_lr,4,49,0,1,0.5487171592013649,6,both_fists,05-06,5166
E05_spatial_control,erd_lr,4,49,0,1,0.545913260093662,6,both_feet,05-06,5167
E05_spatial_control,erd_lr,4,49,0,1,0.5158377155714154,6,both_fists,05-06,5168
E05_spatial_control,erd_lr,4,49,1,0,0.49412405765053297,7,right_fist,07-08,5169
E05_spatial_control,erd_lr,4,49,1,1,0.548288123228991,7,left_fist,07-08,5170
E05_spatial_control,erd_lr,4,49,1,1,0.5378868541110526,7,left_fist,07-08,5171
E05_spatial_control,erd_lr,4,49,1,1,0.5825839530748396,7,right_fist,07-08,5172
E05_spatial_control,erd_lr,4,49,1,1,0.5988839372757391,7,left_fist,07-08,5173
E05_spatial_control,erd_lr,4,49,1,0,0.47522119704390564,7,left_fist,07-08,5174
E05_spatial_control,erd_lr,4,49,1,1,0.5311511494493856,7,right_fist,07-08,5175
E05_spatial_control,erd_lr,4,49,1,1,0.6784706504038533,7,left_fist,07-08,5176
E05_spatial_control,erd_lr,4,49,1,0,0.4326720206570763,7,left_fist,07-08,5177
E05_spatial_control,erd_lr,4,49,0,0,0.4284265708999173,8,left_fist,07-08,5178
E05_spatial_control,erd_lr,4,49,0,1,0.6217369234282265,8,right_fist,07-08,5179
E05_spatial_control,erd_lr,4,49,0,0,0.3262304239828313,8,left_fist,07-08,5180
E05_spatial_control,erd_lr,4,49,0,1,0.5432747424711536,8,right_fist,07-08,5181
E05_spatial_control,erd_lr,4,49,0,1,0.5877665613965131,8,left_fist,07-08,5182
E05_spatial_control,erd_lr,4,49,0,1,0.5388867243720914,8,right_fist,07-08,5183
E05_spatial_control,erd_lr,4,49,0,0,0.42865413538242136,8,left_fist,07-08,5184
E05_spatial_control,erd_lr,4,49,1,1,0.5823958208887852,9,both_feet,09-10,5185
E05_spatial_control,erd_lr,4,49,1,1,0.5576088824394956,9,both_feet,09-10,5186
E05_spatial_control,erd_lr,4,49,1,1,0.558184331342394,9,both_feet,09-10,5187
E05_spatial_control,erd_lr,4,49,1,0,0.47928664374720176,9,both_fists,09-10,5188
E05_spatial_control,erd_lr,4,49,1,1,0.5902109683596573,9,both_fists,09-10,5189
E05_spatial_control,erd_lr,4,49,1,1,0.6432311091574928,9,both_fists,09-10,5190
E05_spatial_control,erd_lr,4,49,1,1,0.7210938336200718,9,both_fists,09-10,5191
E05_spatial_control,erd_lr,4,49,0,1,0.6844077201083578,10,both_fists,09-10,5192
E05_spatial_control,erd_lr,4,49,0,0,0.4862071589353657,10,both_feet,09-10,5193
E05_spatial_control,erd_lr,4,49,0,0,0.43654676840607354,10,both_fists,09-10,5194
E05_spatial_control,erd_lr,4,49,0,1,0.634280628062756,10,both_fists,09-10,5195
E05_spatial_control,erd_lr,4,49,0,0,0.47416392545959324,10,both_feet,09-10,5196
E05_spatial_control,erd_lr,4,49,0,1,0.5484821783713961,10,both_fists,09-10,5197
E05_spatial_control,erd_lr,4,49,1,0,0.4497085759364632,11,left_fist,11-12,5198
E05_spatial_control,erd_lr,4,49,1,1,0.732064930652926,11,right_fist,11-12,5199
E05_spatial_control,erd_lr,4,49,1,1,0.6763420119364081,11,left_fist,11-12,5200
E05_spatial_control,erd_lr,4,49,1,1,0.5171308914880388,11,right_fist,11-12,5201
E05_spatial_control,erd_lr,4,49,0,1,0.5190794058917232,12,left_fist,11-12,5202
E05_spatial_control,erd_lr,4,49,0,1,0.5819889403749936,12,right_fist,11-12,5203
E05_spatial_control,erd_lr,4,49,0,1,0.5450236764611033,12,left_fist,11-12,5204
E05_spatial_control,erd_lr,4,55,1,1,0.6200912334873571,3,right_fist,03-04,5715
E05_spatial_control,erd_lr,4,55,1,1,0.5895027445219199,3,left_fist,03-04,5716
E05_spatial_control,erd_lr,4,55,1,1,0.6933423038461656,3,left_fist,03-04,5717
E05_spatial_control,erd_lr,4,55,1,1,0.5101961679123732,3,right_fist,03-04,5718
E05_spatial_control,erd_lr,4,55,1,1,0.5517075047098892,3,right_fist,03-04,5719
E05_spatial_control,erd_lr,4,55,1,1,0.5523998895115146,3,left_fist,03-04,5720
E05_spatial_control,erd_lr,4,55,1,1,0.5430330485060103,3,right_fist,03-04,5721
E05_spatial_control,erd_lr,4,55,1,1,0.7446002007641683,3,left_fist,03-04,5722
E05_spatial_control,erd_lr,4,55,1,1,0.5395644478574714,3,right_fist,03-04,5723
E05_spatial_control,erd_lr,4,55,1,1,0.6977932858812016,3,left_fist,03-04,5724
E05_spatial_control,erd_lr,4,55,1,1,0.7143803871456296,3,right_fist,03-04,5725
E05_spatial_control,erd_lr,4,55,1,1,0.5447570296751882,3,left_fist,03-04,5726
E05_spatial_control,erd_lr,4,55,1,1,0.624175153631456,3,right_fist,03-04,5727
E05_spatial_control,erd_lr,4,55,1,0,0.49773279770447426,3,left_fist,03-04,5728
E05_spatial_control,erd_lr,4,55,1,1,0.5425265089207392,3,right_fist,03-04,5729
E05_spatial_control,erd_lr,4,55,0,1,0.6020197788527234,4,left_fist,03-04,5730
E05_spatial_control,erd_lr,4,55,0,1,0.5560368622012543,4,right_fist,03-04,5731
E05_spatial_control,erd_lr,4,55,0,0,0.4759168061797724,4,left_fist,03-04,5732
E05_spatial_control,erd_lr,4,55,0,1,0.6093775734946114,4,right_fist,03-04,5733
E05_spatial_control,erd_lr,4,55,0,1,0.5380363784933822,4,right_fist,03-04,5734
E05_spatial_control,erd_lr,4,55,0,1,0.5398301221661457,4,left_fist,03-04,5735
E05_spatial_control,erd_lr,4,55,0,1,0.5308850737039364,4,left_fist,03-04,5736
E05_spatial_control,erd_lr,4,55,0,0,0.43081647820156893,4,right_fist,03-04,5737
E05_spatial_control,erd_lr,4,55,0,1,0.668389749523298,4,right_fist,03-04,5738
E05_spatial_control,erd_lr,4,55,0,0,0.4470492971962081,4,left_fist,03-04,5739
E05_spatial_control,erd_lr,4,55,0,1,0.5915094434596261,4,left_fist,03-04,5740
E05_spatial_control,erd_lr,4,55,0,1,0.6132469868367219,4,right_fist,03-04,5741
E05_spatial_control,erd_lr,4,55,0,1,0.590142553324681,4,right_fist,03-04,5742
E05_spatial_control,erd_lr,4,55,0,1,0.5230918582950352,4,left_fist,03-04,5743
E05_spatial_control,erd_lr,4,55,0,0,0.4502721021298753,4,left_fist,03-04,5744
E05_spatial_control,erd_lr,4,55,1,1,0.5698706710592675,5,both_fists,05-06,5745
E05_spatial_control,erd_lr,4,55,1,1,0.5883170371229693,5,both_feet,05-06,5746
E05_spatial_control,erd_lr,4,55,1,0,0.4041175822240614,5,both_feet,05-06,5747
E05_spatial_control,erd_lr,4,55,1,0,0.46507180784261887,5,both_fists,05-06,5748
E05_spatial_control,erd_lr,4,55,1,1,0.5592192306649879,5,both_fists,05-06,5749
E05_spatial_control,erd_lr,4,55,1,1,0.6456943504365924,5,both_feet,05-06,5750
E05_spatial_control,erd_lr,4,55,1,1,0.7147631788647467,5,both_feet,05-06,5751
E05_spatial_control,erd_lr,4,55,1,1,0.6478355981592828,5,both_fists,05-06,5752
E05_spatial_control,erd_lr,4,55,1,0,0.4881186734102356,5,both_fists,05-06,5753
E05_spatial_control,erd_lr,4,55,1,1,0.5239296197559049,5,both_feet,05-06,5754
E05_spatial_control,erd_lr,4,55,1,1,0.542495277520925,5,both_feet,05-06,5755
E05_spatial_control,erd_lr,4,55,1,0,0.47277078632104763,5,both_fists,05-06,5756
E05_spatial_control,erd_lr,4,55,1,1,0.6743293502487918,5,both_feet,05-06,5757
E05_spatial_control,erd_lr,4,55,1,1,0.5602523252979725,5,both_fists,05-06,5758
E05_spatial_control,erd_lr,4,55,1,1,0.5418606161672006,5,both_fists,05-06,5759
E05_spatial_control,erd_lr,4,55,0,1,0.5639309655160751,6,both_fists,05-06,5760
E05_spatial_control,erd_lr,4,55,0,1,0.5484300221552604,6,both_feet,05-06,5761
E05_spatial_control,erd_lr,4,55,0,0,0.4996234877390732,6,both_feet,05-06,5762
E05_spatial_control,erd_lr,4,55,0,1,0.5420354156831952,6,both_fists,05-06,5763
E05_spatial_control,erd_lr,4,55,0,1,0.6687432842191662,6,both_fists,05-06,5764
E05_spatial_control,erd_lr,4,55,0,0,0.47148286059421984,6,both_feet,05-06,5765
E05_spatial_control,erd_lr,4,55,0,1,0.6333778347114964,6,both_fists,05-06,5766
E05_spatial_control,erd_lr,4,55,0,1,0.624226060177435,6,both_feet,05-06,5767
E05_spatial_control,erd_lr,4,55,0,1,0.6012322139087231,6,both_feet,05-06,5768
E05_spatial_control,erd_lr,4,55,0,1,0.60128098955541,6,both_fists,05-06,5769
E05_spatial_control,erd_lr,4,55,0,1,0.7005204188810646,6,both_fists,05-06,5770
E05_spatial_control,erd_lr,4,55,0,1,0.8036812382694027,6,both_feet,05-06,5771
E05_spatial_control,erd_lr,4,55,0,1,0.5157503138682507,6,both_fists,05-06,5772
E05_spatial_control,erd_lr,4,55,0,1,0.6320105188966446,6,both_feet,05-06,5773
E05_spatial_control,erd_lr,4,55,0,1,0.7523480321181139,6,both_fists,05-06,5774
E05_spatial_control,erd_lr,4,55,1,1,0.5585009449543991,7,right_fist,07-08,5775
E05_spatial_control,erd_lr,4,55,1,1,0.6220960244000693,7,left_fist,07-08,5776
E05_spatial_control,erd_lr,4,55,1,1,0.7158453337339961,7,left_fist,07-08,5777
E05_spatial_control,erd_lr,4,55,1,1,0.6246709991514441,7,right_fist,07-08,5778
E05_spatial_control,erd_lr,4,55,1,0,0.4921339047025423,7,right_fist,07-08,5779
E05_spatial_control,erd_lr,4,55,1,1,0.7510402759069975,7,left_fist,07-08,5780
E05_spatial_control,erd_lr,4,55,1,1,0.6544187214500836,7,right_fist,07-08,5781
E05_spatial_control,erd_lr,4,55,1,0,0.4498279374535431,7,left_fist,07-08,5782
E05_spatial_control,erd_lr,4,55,1,1,0.6755689493791599,7,left_fist,07-08,5783
E05_spatial_control,erd_lr,4,55,1,1,0.7303992077175158,7,right_fist,07-08,5784
E05_spatial_control,erd_lr,4,55,1,1,0.6798068557889481,7,left_fist,07-08,5785
E05_spatial_control,erd_lr,4,55,1,1,0.6839850344730026,7,right_fist,07-08,5786
E05_spatial_control,erd_lr,4,55,1,1,0.7267396430849073,7,left_fist,07-08,5787
E05_spatial_control,erd_lr,4,55,1,1,0.6861496157713224,7,right_fist,07-08,5788
E05_spatial_control,erd_lr,4,55,1,1,0.6587303860942466,7,left_fist,07-08,5789
E05_spatial_control,erd_lr,4,55,0,1,0.5003736953342534,8,right_fist,07-08,5790
E05_spatial_control,erd_lr,4,55,0,0,0.40912627639737925,8,left_fist,07-08,5791
E05_spatial_control,erd_lr,4,55,0,0,0.43179594963001117,8,right_fist,07-08,5792
E05_spatial_control,erd_lr,4,55,0,1,0.6788848501009525,8,left_fist,07-08,5793
E05_spatial_control,erd_lr,4,55,0,1,0.5085080130752109,8,left_fist,07-08,5794
E05_spatial_control,erd_lr,4,55,0,1,0.5768266974890127,8,right_fist,07-08,5795
E05_spatial_control,erd_lr,4,55,0,0,0.4251175720155073,8,right_fist,07-08,5796
E05_spatial_control,erd_lr,4,55,0,1,0.5859198422230038,8,left_fist,07-08,5797
E05_spatial_control,erd_lr,4,55,0,0,0.4714774454155274,8,left_fist,07-08,5798
E05_spatial_control,erd_lr,4,55,0,1,0.627268247356693,8,right_fist,07-08,5799
E05_spatial_control,erd_lr,4,55,0,1,0.5514419957562033,8,left_fist,07-08,5800
E05_spatial_control,erd_lr,4,55,0,1,0.6112734969917005,8,right_fist,07-08,5801
E05_spatial_control,erd_lr,4,55,0,0,0.4961596396815446,8,right_fist,07-08,5802
E05_spatial_control,erd_lr,4,55,0,1,0.6268567494424556,8,left_fist,07-08,5803
E05_spatial_control,erd_lr,4,55,0,0,0.48807834520785637,8,left_fist,07-08,5804
E05_spatial_control,erd_lr,4,55,1,1,0.5717954921493831,9,both_feet,09-10,5805
E05_spatial_control,erd_lr,4,55,1,1,0.6451049926017908,9,both_fists,09-10,5806
E05_spatial_control,erd_lr,4,55,1,1,0.6786686869327517,9,both_feet,09-10,5807
E05_spatial_control,erd_lr,4,55,1,1,0.6920588684993418,9,both_fists,09-10,5808
E05_spatial_control,erd_lr,4,55,1,1,0.6198446375718972,9,both_feet,09-10,5809
E05_spatial_control,erd_lr,4,55,1,1,0.5820696973342483,9,both_fists,09-10,5810
E05_spatial_control,erd_lr,4,55,1,1,0.7774778131014689,9,both_fists,09-10,5811
E05_spatial_control,erd_lr,4,55,1,1,0.6067499928477643,9,both_feet,09-10,5812
E05_spatial_control,erd_lr,4,55,1,1,0.6843354456632127,9,both_fists,09-10,5813
E05_spatial_control,erd_lr,4,55,1,1,0.5300084469474566,9,both_feet,09-10,5814
E05_spatial_control,erd_lr,4,55,1,1,0.7061323369583854,9,both_fists,09-10,5815
E05_spatial_control,erd_lr,4,55,1,1,0.6757925054977897,9,both_feet,09-10,5816
E05_spatial_control,erd_lr,4,55,1,1,0.5587308657137167,9,both_fists,09-10,5817
E05_spatial_control,erd_lr,4,55,1,1,0.599396748237825,9,both_feet,09-10,5818
E05_spatial_control,erd_lr,4,55,1,1,0.7037660644937699,9,both_fists,09-10,5819
E05_spatial_control,erd_lr,4,55,0,1,0.5704447541791875,10,both_feet,09-10,5820
E05_spatial_control,erd_lr,4,55,0,1,0.5268112974643974,10,both_fists,09-10,5821
E05_spatial_control,erd_lr,4,55,0,1,0.5803125064895278,10,both_fists,09-10,5822
E05_spatial_control,erd_lr,4,55,0,0,0.477415689634451,10,both_feet,09-10,5823
E05_spatial_control,erd_lr,4,55,0,1,0.7001276450241704,10,both_fists,09-10,5824
E05_spatial_control,erd_lr,4,55,0,0,0.40078802856281714,10,both_feet,09-10,5825
E05_spatial_control,erd_lr,4,55,0,1,0.5695764605442402,10,both_fists,09-10,5826
E05_spatial_control,erd_lr,4,55,0,0,0.46461423790672957,10,both_feet,09-10,5827
E05_spatial_control,erd_lr,4,55,0,1,0.6410734338092343,10,both_fists,09-10,5828
E05_spatial_control,erd_lr,4,55,0,0,0.4303787112226083,10,both_feet,09-10,5829
E05_spatial_control,erd_lr,4,55,0,0,0.4498399859708328,10,both_feet,09-10,5830
E05_spatial_control,erd_lr,4,55,0,0,0.38703860916724864,10,both_fists,09-10,5831
E05_spatial_control,erd_lr,4,55,0,1,0.6672721656849633,10,both_feet,09-10,5832
E05_spatial_control,erd_lr,4,55,0,0,0.3026366764654504,10,both_fists,09-10,5833
E05_spatial_control,erd_lr,4,55,0,1,0.5715013603965536,10,both_fists,09-10,5834
E05_spatial_control,erd_lr,4,55,1,1,0.5823879430779698,11,right_fist,11-12,5835
E05_spatial_control,erd_lr,4,55,1,1,0.5910082604004003,11,left_fist,11-12,5836
E05_spatial_control,erd_lr,4,55,1,0,0.4796977774744211,11,right_fist,11-12,5837
E05_spatial_control,erd_lr,4,55,1,1,0.5792366963359371,11,left_fist,11-12,5838
E05_spatial_control,erd_lr,4,55,1,1,0.6465642047129228,11,right_fist,11-12,5839
E05_spatial_control,erd_lr,4,55,1,1,0.7652527332561779,11,left_fist,11-12,5840
E05_spatial_control,erd_lr,4,55,1,1,0.5110151970333804,11,left_fist,11-12,5841
E05_spatial_control,erd_lr,4,55,1,1,0.6664976418395472,11,right_fist,11-12,5842
E05_spatial_control,erd_lr,4,55,1,1,0.6460783106091931,11,left_fist,11-12,5843
E05_spatial_control,erd_lr,4,55,1,1,0.500894598008686,11,right_fist,11-12,5844
E05_spatial_control,erd_lr,4,55,1,1,0.6969948337537424,11,left_fist,11-12,5845
E05_spatial_control,erd_lr,4,55,1,1,0.5615248757019371,11,right_fist,11-12,5846
E05_spatial_control,erd_lr,4,55,1,0,0.4332768505052728,11,right_fist,11-12,5847
E05_spatial_control,erd_lr,4,55,1,1,0.5167087763993311,11,left_fist,11-12,5848
E05_spatial_control,erd_lr,4,55,1,0,0.4467606015058486,11,right_fist,11-12,5849
E05_spatial_control,erd_lr,4,55,0,0,0.45161591420689484,12,left_fist,11-12,5850
E05_spatial_control,erd_lr,4,55,0,0,0.42816013293884414,12,right_fist,11-12,5851
E05_spatial_control,erd_lr,4,55,0,1,0.5277825983696816,12,right_fist,11-12,5852
E05_spatial_control,erd_lr,4,55,0,1,0.6738387525496037,12,left_fist,11-12,5853
E05_spatial_control,erd_lr,4,55,0,1,0.530724502579842,12,right_fist,11-12,5854
E05_spatial_control,erd_lr,4,55,0,0,0.4891049638652335,12,left_fist,11-12,5855
E05_spatial_control,erd_lr,4,55,0,1,0.5683207492590429,12,right_fist,11-12,5856
E05_spatial_control,erd_lr,4,55,0,0,0.42170260587551117,12,left_fist,11-12,5857
E05_spatial_control,erd_lr,4,55,0,1,0.6490769705196653,12,left_fist,11-12,5858
E05_spatial_control,erd_lr,4,55,0,1,0.6426329910168945,12,right_fist,11-12,5859
E05_spatial_control,erd_lr,4,55,0,1,0.7127939383441679,12,right_fist,11-12,5860
E05_spatial_control,erd_lr,4,55,0,0,0.40557723443705995,12,left_fist,11-12,5861
E05_spatial_control,erd_lr,4,55,0,1,0.5289955624974562,12,left_fist,11-12,5862
E05_spatial_control,erd_lr,4,55,0,1,0.5702080909199748,12,right_fist,11-12,5863
E05_spatial_control,erd_lr,4,55,0,1,0.6141392479725191,12,right_fist,11-12,5864
E05_spatial_control,erd_lr,4,55,1,1,0.6607969373932191,13,both_feet,13-14,5865
E05_spatial_control,erd_lr,4,55,1,1,0.6425453111245083,13,both_fists,13-14,5866
E05_spatial_control,erd_lr,4,55,1,1,0.6887299442401755,13,both_fists,13-14,5867
E05_spatial_control,erd_lr,4,55,1,1,0.7016731635519743,13,both_feet,13-14,5868
E05_spatial_control,erd_lr,4,55,1,0,0.4954789105267633,13,both_feet,13-14,5869
E05_spatial_control,erd_lr,4,55,1,1,0.648493404237578,13,both_fists,13-14,5870
E05_spatial_control,erd_lr,4,55,1,1,0.5809575482778991,13,both_feet,13-14,5871
E05_spatial_control,erd_lr,4,55,1,0,0.4127318273675284,13,both_fists,13-14,5872
E05_spatial_control,erd_lr,4,55,1,1,0.6395837021536399,13,both_fists,13-14,5873
E05_spatial_control,erd_lr,4,55,1,0,0.4863552897717557,13,both_feet,13-14,5874
E05_spatial_control,erd_lr,4,55,1,0,0.4568702972316147,13,both_feet,13-14,5875
E05_spatial_control,erd_lr,4,55,1,1,0.6633585727641671,13,both_fists,13-14,5876
E05_spatial_control,erd_lr,4,55,1,1,0.6161410190104682,13,both_feet,13-14,5877
E05_spatial_control,erd_lr,4,55,1,1,0.6396657138398549,13,both_fists,13-14,5878
E05_spatial_control,erd_lr,4,55,1,1,0.631838046583008,13,both_feet,13-14,5879
E05_spatial_control,erd_lr,4,55,0,0,0.46930391483512196,14,both_feet,13-14,5880
E05_spatial_control,erd_lr,4,55,0,0,0.4249164687896654,14,both_fists,13-14,5881
E05_spatial_control,erd_lr,4,55,0,1,0.5374607120013486,14,both_feet,13-14,5882
E05_spatial_control,erd_lr,4,55,0,1,0.5715952795930067,14,both_fists,13-14,5883
E05_spatial_control,erd_lr,4,55,0,0,0.4111929615665905,14,both_fists,13-14,5884
E05_spatial_control,erd_lr,4,55,0,1,0.6728723156992205,14,both_feet,13-14,5885
E05_spatial_control,erd_lr,4,55,0,0,0.4899801082324946,14,both_feet,13-14,5886
E05_spatial_control,erd_lr,4,55,0,0,0.4131128940074749,14,both_fists,13-14,5887
E05_spatial_control,erd_lr,4,55,0,1,0.5889250864442558,14,both_feet,13-14,5888
E05_spatial_control,erd_lr,4,55,0,0,0.4871001100297676,14,both_fists,13-14,5889
E05_spatial_control,erd_lr,4,55,0,1,0.5648632106600433,14,both_fists,13-14,5890
E05_spatial_control,erd_lr,4,55,0,1,0.5638413783130237,14,both_feet,13-14,5891
E05_spatial_control,erd_lr,4,55,0,0,0.3675942411059526,14,both_fists,13-14,5892
E05_spatial_control,erd_lr,4,55,0,1,0.5928350295089658,14,both_feet,13-14,5893
E05_spatial_control,erd_lr,4,55,0,1,0.5752544639679151,14,both_feet,13-14,5894
E05_spatial_control,erd_lr,4,69,1,1,0.5189546391940497,3,left_fist,03-04,7175
E05_spatial_control,erd_lr,4,69,1,1,0.5946792124804363,3,right_fist,03-04,7176
E05_spatial_control,erd_lr,4,69,1,1,0.6756640475209044,3,left_fist,03-04,7177
E05_spatial_control,erd_lr,4,69,1,0,0.47537307228311076,3,right_fist,03-04,7178
E05_spatial_control,erd_lr,4,69,1,0,0.38304271626521974,3,right_fist,03-04,7179
E05_spatial_control,erd_lr,4,69,1,1,0.566790374884428,3,left_fist,03-04,7180
E05_spatial_control,erd_lr,4,69,1,1,0.6763013580468098,3,right_fist,03-04,7181
E05_spatial_control,erd_lr,4,69,1,1,0.5750137622221256,3,left_fist,03-04,7182
E05_spatial_control,erd_lr,4,69,1,1,0.6316900569723011,3,right_fist,03-04,7183
E05_spatial_control,erd_lr,4,69,1,1,0.5305715303325406,3,left_fist,03-04,7184
E05_spatial_control,erd_lr,4,69,1,0,0.3572799126638553,3,right_fist,03-04,7185
E05_spatial_control,erd_lr,4,69,1,0,0.43809574404325013,3,left_fist,03-04,7186
E05_spatial_control,erd_lr,4,69,0,1,0.582908674318669,4,left_fist,03-04,7187
E05_spatial_control,erd_lr,4,69,0,0,0.45718436160474923,4,left_fist,03-04,7188
E05_spatial_control,erd_lr,4,69,0,0,0.397985670828571,4,right_fist,03-04,7189
E05_spatial_control,erd_lr,4,69,0,1,0.5217771330014045,4,right_fist,03-04,7190
E05_spatial_control,erd_lr,4,69,0,0,0.4128742258770603,4,left_fist,03-04,7191
E05_spatial_control,erd_lr,4,69,0,0,0.4354662521190472,4,left_fist,03-04,7192
E05_spatial_control,erd_lr,4,69,0,1,0.7240496720142094,4,right_fist,03-04,7193
E05_spatial_control,erd_lr,4,69,0,0,0.46403726297877795,4,left_fist,03-04,7194
E05_spatial_control,erd_lr,4,69,0,0,0.40684880243235355,4,right_fist,03-04,7195
E05_spatial_control,erd_lr,4,69,0,1,0.6098320818213034,4,right_fist,03-04,7196
E05_spatial_control,erd_lr,4,69,0,1,0.6230245547735076,4,left_fist,03-04,7197
E05_spatial_control,erd_lr,4,69,0,0,0.4707205415815197,4,left_fist,03-04,7198
E05_spatial_control,erd_lr,4,69,0,1,0.5246086286015903,4,right_fist,03-04,7199
E05_spatial_control,erd_lr,4,69,0,0,0.4619869843766872,4,left_fist,03-04,7200
E05_spatial_control,erd_lr,4,69,1,1,0.591409583159278,5,both_fists,05-06,7201
E05_spatial_control,erd_lr,4,69,1,0,0.41092955522000224,5,both_feet,05-06,7202
E05_spatial_control,erd_lr,4,69,1,0,0.4995360324273922,5,both_fists,05-06,7203
E05_spatial_control,erd_lr,4,69,1,0,0.3562465752740659,5,both_fists,05-06,7204
E05_spatial_control,erd_lr,4,69,1,0,0.44568213566045284,5,both_feet,05-06,7205
E05_spatial_control,erd_lr,4,69,1,1,0.6375459099303324,5,both_feet,05-06,7206
E05_spatial_control,erd_lr,4,69,1,0,0.41111698626417076,5,both_fists,05-06,7207
E05_spatial_control,erd_lr,4,69,1,0,0.4572345218049256,5,both_fists,05-06,7208
E05_spatial_control,erd_lr,4,69,1,0,0.4584357477257534,5,both_feet,05-06,7209
E05_spatial_control,erd_lr,4,69,1,0,0.39636307092366385,5,both_fists,05-06,7210
E05_spatial_control,erd_lr,4,69,1,1,0.546292542172984,5,both_fists,05-06,7211
E05_spatial_control,erd_lr,4,69,1,1,0.5410069619115517,5,both_fists,05-06,7212
E05_spatial_control,erd_lr,4,69,0,0,0.3674826235521316,6,both_feet,05-06,7213
E05_spatial_control,erd_lr,4,69,0,0,0.4259971251180277,6,both_fists,05-06,7214
E05_spatial_control,erd_lr,4,69,0,0,0.38099167432492004,6,both_fists,05-06,7215
E05_spatial_control,erd_lr,4,69,0,0,0.4599106211943112,6,both_feet,05-06,7216
E05_spatial_control,erd_lr,4,69,0,0,0.3095233559310125,6,both_feet,05-06,7217
E05_spatial_control,erd_lr,4,69,0,1,0.5690959998470725,6,both_fists,05-06,7218
E05_spatial_control,erd_lr,4,69,0,0,0.4115933413332983,6,both_fists,05-06,7219
E05_spatial_control,erd_lr,4,69,0,1,0.5795333251963184,6,both_feet,05-06,7220
E05_spatial_control,erd_lr,4,69,0,1,0.5709128411139454,6,both_fists,05-06,7221
E05_spatial_control,erd_lr,4,69,0,0,0.4877040356159204,6,both_feet,05-06,7222
E05_spatial_control,erd_lr,4,69,0,0,0.4479986850776048,6,both_feet,05-06,7223
E05_spatial_control,erd_lr,4,69,0,0,0.4918294125709346,6,both_fists,05-06,7224
E05_spatial_control,erd_lr,4,69,1,1,0.5875452049534221,7,left_fist,07-08,7225
E05_spatial_control,erd_lr,4,69,1,1,0.5149945231123049,7,right_fist,07-08,7226
E05_spatial_control,erd_lr,4,69,1,1,0.6258165054415844,7,right_fist,07-08,7227
E05_spatial_control,erd_lr,4,69,1,1,0.5595059249237119,7,left_fist,07-08,7228
E05_spatial_control,erd_lr,4,69,1,0,0.35848262608809867,7,right_fist,07-08,7229
E05_spatial_control,erd_lr,4,69,1,1,0.5444033899237641,7,left_fist,07-08,7230
E05_spatial_control,erd_lr,4,69,1,0,0.4807453143296514,7,right_fist,07-08,7231
E05_spatial_control,erd_lr,4,69,1,1,0.5823809276028108,7,left_fist,07-08,7232
E05_spatial_control,erd_lr,4,69,1,1,0.5388538242848706,7,left_fist,07-08,7233
E05_spatial_control,erd_lr,4,69,1,0,0.4044229821232364,7,right_fist,07-08,7234
E05_spatial_control,erd_lr,4,69,1,1,0.58520575449917,7,left_fist,07-08,7235
E05_spatial_control,erd_lr,4,69,1,1,0.507267011619123,7,left_fist,07-08,7236
E05_spatial_control,erd_lr,4,69,1,1,0.5157459023209781,7,right_fist,07-08,7237
E05_spatial_control,erd_lr,4,69,0,1,0.5004893750337757,8,left_fist,07-08,7238
E05_spatial_control,erd_lr,4,69,0,0,0.3352357302322647,8,right_fist,07-08,7239
E05_spatial_control,erd_lr,4,69,0,1,0.5669661447396751,8,right_fist,07-08,7240
E05_spatial_control,erd_lr,4,69,0,0,0.45953253583923315,8,left_fist,07-08,7241
E05_spatial_control,erd_lr,4,69,0,1,0.5446160047072398,8,right_fist,07-08,7242
E05_spatial_control,erd_lr,4,69,0,1,0.6014989451856954,8,right_fist,07-08,7243
E05_spatial_control,erd_lr,4,69,0,0,0.279323294233087,8,right_fist,07-08,7244
E05_spatial_control,erd_lr,4,69,0,1,0.5539386837188865,8,left_fist,07-08,7245
E05_spatial_control,erd_lr,4,69,0,0,0.49907170201971257,8,right_fist,07-08,7246
E05_spatial_control,erd_lr,4,69,1,1,0.5584596490070196,9,both_fists,09-10,7247
E05_spatial_control,erd_lr,4,69,1,0,0.46189384103600545,9,both_feet,09-10,7248
E05_spatial_control,erd_lr,4,69,1,1,0.6220273979834701,9,both_feet,09-10,7249
E05_spatial_control,erd_lr,4,69,1,1,0.6308626875852191,9,both_fists,09-10,7250
E05_spatial_control,erd_lr,4,69,1,0,0.4761524909743822,9,both_fists,09-10,7251
E05_spatial_control,erd_lr,4,69,1,0,0.47286178682320407,9,both_feet,09-10,7252
E05_spatial_control,erd_lr,4,69,1,0,0.3545102745867213,9,both_feet,09-10,7253
E05_spatial_control,erd_lr,4,69,1,1,0.5823786118362607,9,both_fists,09-10,7254
E05_spatial_control,erd_lr,4,69,1,0,0.40476399020800197,9,both_feet,09-10,7255
E05_spatial_control,erd_lr,4,69,1,1,0.6646126084123679,9,both_fists,09-10,7256
E05_spatial_control,erd_lr,4,69,0,1,0.6818278295783009,10,both_feet,09-10,7257
E05_spatial_control,erd_lr,4,69,0,0,0.45505330301199043,10,both_fists,09-10,7258
E05_spatial_control,erd_lr,4,69,0,0,0.4659037602520637,10,both_feet,09-10,7259
E05_spatial_control,erd_lr,4,69,0,1,0.5006090218879067,10,both_feet,09-10,7260
E05_spatial_control,erd_lr,4,69,0,0,0.3889174587796845,10,both_fists,09-10,7261
E05_spatial_control,erd_lr,4,69,0,0,0.46520264482717966,10,both_feet,09-10,7262
E05_spatial_control,erd_lr,4,69,0,1,0.5981532762873432,10,both_feet,09-10,7263
E05_spatial_control,erd_lr,4,69,0,1,0.5803531411254497,10,both_feet,09-10,7264
E05_spatial_control,erd_lr,4,69,0,0,0.436289478490402,10,both_fists,09-10,7265
E05_spatial_control,erd_lr,4,69,1,0,0.4767385613273001,11,right_fist,11-12,7266
E05_spatial_control,erd_lr,4,69,1,0,0.32428156470194797,11,left_fist,11-12,7267
E05_spatial_control,erd_lr,4,69,1,1,0.5448855830358919,11,left_fist,11-12,7268
E05_spatial_control,erd_lr,4,69,1,1,0.6549237592337154,11,right_fist,11-12,7269
E05_spatial_control,erd_lr,4,69,1,0,0.4478565297053472,11,left_fist,11-12,7270
E05_spatial_control,erd_lr,4,69,1,0,0.40028574393899974,11,right_fist,11-12,7271
E05_spatial_control,erd_lr,4,69,1,0,0.4716957176802861,11,right_fist,11-12,7272
E05_spatial_control,erd_lr,4,69,1,1,0.5528104896894961,11,left_fist,11-12,7273
E05_spatial_control,erd_lr,4,69,1,1,0.6225189710460309,11,right_fist,11-12,7274
E05_spatial_control,erd_lr,4,69,1,0,0.4420818030975161,11,left_fist,11-12,7275
E05_spatial_control,erd_lr,4,69,1,0,0.43789454933046085,11,left_fist,11-12,7276
E05_spatial_control,erd_lr,4,69,1,0,0.37549095667456445,11,right_fist,11-12,7277
E05_spatial_control,erd_lr,4,69,1,0,0.45270934898951704,11,left_fist,11-12,7278
E05_spatial_control,erd_lr,4,69,1,1,0.6034567732495619,11,right_fist,11-12,7279
E05_spatial_control,erd_lr,4,69,0,0,0.45260636344849264,12,left_fist,11-12,7280
E05_spatial_control,erd_lr,4,69,0,1,0.5924534575416374,12,right_fist,11-12,7281
E05_spatial_control,erd_lr,4,69,0,1,0.5014653129308854,12,right_fist,11-12,7282
E05_spatial_control,erd_lr,4,69,0,1,0.6428075512905198,12,left_fist,11-12,7283
E05_spatial_control,erd_lr,4,69,0,1,0.5583464318475106,12,left_fist,11-12,7284
E05_spatial_control,erd_lr,4,69,0,1,0.572527593767995,12,right_fist,11-12,7285
E05_spatial_control,erd_lr,4,69,0,0,0.2587799994486654,12,right_fist,11-12,7286
E05_spatial_control,erd_lr,4,69,0,0,0.3447179245312845,12,left_fist,11-12,7287
E05_spatial_control,erd_lr,4,69,0,0,0.38401087547096263,12,right_fist,11-12,7288
E05_spatial_control,erd_lr,4,69,0,0,0.40467224637629473,12,left_fist,11-12,7289
E05_spatial_control,erd_lr,4,69,0,0,0.382284458421863,12,left_fist,11-12,7290
E05_spatial_control,erd_lr,4,69,0,1,0.6246522785865241,12,right_fist,11-12,7291
E05_spatial_control,erd_lr,4,69,0,0,0.4850904839379988,12,left_fist,11-12,7292
E05_spatial_control,erd_lr,4,69,0,1,0.5990283895814836,12,right_fist,11-12,7293
E05_spatial_control,erd_lr,4,69,0,1,0.5211650599089368,12,left_fist,11-12,7294
E05_spatial_control,erd_lr,4,69,1,0,0.47660589975632817,13,both_feet,13-14,7295
E05_spatial_control,erd_lr,4,69,1,0,0.4152272667334291,13,both_fists,13-14,7296
E05_spatial_control,erd_lr,4,69,1,1,0.5485524664385929,13,both_feet,13-14,7297
E05_spatial_control,erd_lr,4,69,1,1,0.5304787962571893,13,both_fists,13-14,7298
E05_spatial_control,erd_lr,4,69,1,1,0.503785058789242,13,both_feet,13-14,7299
E05_spatial_control,erd_lr,4,69,1,1,0.6447666854708354,13,both_fists,13-14,7300
E05_spatial_control,erd_lr,4,69,1,1,0.645393942461472,13,both_feet,13-14,7301
E05_spatial_control,erd_lr,4,69,1,0,0.49252608431859346,13,both_fists,13-14,7302
E05_spatial_control,erd_lr,4,69,1,1,0.5222720152180632,13,both_feet,13-14,7303
E05_spatial_control,erd_lr,4,69,1,0,0.45866189464366103,13,both_fists,13-14,7304
E05_spatial_control,erd_lr,4,69,1,1,0.6725501994658818,13,both_feet,13-14,7305
E05_spatial_control,erd_lr,4,69,1,1,0.6146271804229175,13,both_feet,13-14,7306
E05_spatial_control,erd_lr,4,69,1,0,0.4899892280249501,13,both_fists,13-14,7307
E05_spatial_control,erd_lr,4,69,1,0,0.40300362696981834,13,both_feet,13-14,7308
E05_spatial_control,erd_lr,4,69,0,1,0.5313325097877559,14,both_fists,13-14,7309
E05_spatial_control,erd_lr,4,69,0,1,0.6148322876976953,14,both_fists,13-14,7310
E05_spatial_control,erd_lr,4,69,0,1,0.5110990474885732,14,both_feet,13-14,7311
E05_spatial_control,erd_lr,4,69,0,1,0.5450272043281817,14,both_fists,13-14,7312
E05_spatial_control,erd_lr,4,69,0,0,0.4071943903597078,14,both_feet,13-14,7313
E05_spatial_control,erd_lr,4,69,0,0,0.24748833364000464,14,both_feet,13-14,7314
E05_spatial_control,erd_lr,4,69,0,0,0.4715188693284241,14,both_feet,13-14,7315
E05_spatial_control,erd_lr,4,69,0,0,0.42980604461705496,14,both_fists,13-14,7316
E05_spatial_control,erd_lr,4,69,0,1,0.5752671307350952,14,both_feet,13-14,7317
E05_spatial_control,erd_lr,4,69,0,1,0.5340220515908927,14,both_fists,13-14,7318
E05_spatial_control,erd_lr,4,69,0,1,0.5662000737217476,14,both_fists,13-14,7319
E05_spatial_control,erd_lr,4,69,0,0,0.44154198778691905,14,both_feet,13-14,7320
E05_spatial_control,erd_lr,4,69,0,0,0.47102408942741525,14,both_feet,13-14,7321
E05_spatial_control,erd_lr,4,73,1,0,0.4944886170032554,3,left_fist,03-04,7793
E05_spatial_control,erd_lr,4,73,1,0,0.477992899998945,3,right_fist,03-04,7794
E05_spatial_control,erd_lr,4,73,1,0,0.4698951270935833,3,right_fist,03-04,7795
E05_spatial_control,erd_lr,4,73,1,0,0.4289998175691455,3,left_fist,03-04,7796
E05_spatial_control,erd_lr,4,73,1,0,0.33824770425199585,3,right_fist,03-04,7797
E05_spatial_control,erd_lr,4,73,1,0,0.4250918988255521,3,left_fist,03-04,7798
E05_spatial_control,erd_lr,4,73,1,0,0.4643842490611848,3,right_fist,03-04,7799
E05_spatial_control,erd_lr,4,73,1,1,0.5264066850424926,3,left_fist,03-04,7800
E05_spatial_control,erd_lr,4,73,1,1,0.5627354263901597,3,right_fist,03-04,7801
E05_spatial_control,erd_lr,4,73,1,0,0.4990611896482315,3,left_fist,03-04,7802
E05_spatial_control,erd_lr,4,73,1,0,0.4929153495666888,3,right_fist,03-04,7803
E05_spatial_control,erd_lr,4,73,1,1,0.5035585041835275,3,left_fist,03-04,7804
E05_spatial_control,erd_lr,4,73,1,1,0.5876091566984895,3,right_fist,03-04,7805
E05_spatial_control,erd_lr,4,73,1,0,0.3827112889164999,3,left_fist,03-04,7806
E05_spatial_control,erd_lr,4,73,1,1,0.6207409406277863,3,right_fist,03-04,7807
E05_spatial_control,erd_lr,4,73,0,0,0.4903182444513959,4,left_fist,03-04,7808
E05_spatial_control,erd_lr,4,73,0,0,0.36669388166150085,4,right_fist,03-04,7809
E05_spatial_control,erd_lr,4,73,0,0,0.3404061676777514,4,left_fist,03-04,7810
E05_spatial_control,erd_lr,4,73,0,1,0.5565936814177578,4,right_fist,03-04,7811
E05_spatial_control,erd_lr,4,73,0,0,0.37978766201295255,4,left_fist,03-04,7812
E05_spatial_control,erd_lr,4,73,0,1,0.5116813730982797,4,right_fist,03-04,7813
E05_spatial_control,erd_lr,4,73,0,1,0.5550205157657275,4,right_fist,03-04,7814
E05_spatial_control,erd_lr,4,73,0,1,0.5939314359649216,4,left_fist,03-04,7815
E05_spatial_control,erd_lr,4,73,0,1,0.6900554304085614,4,left_fist,03-04,7816
E05_spatial_control,erd_lr,4,73,0,1,0.6359330310212151,4,right_fist,03-04,7817
E05_spatial_control,erd_lr,4,73,0,0,0.4570781271022456,4,right_fist,03-04,7818
E05_spatial_control,erd_lr,4,73,0,1,0.5193879370271671,4,left_fist,03-04,7819
E05_spatial_control,erd_lr,4,73,0,1,0.5806272336685884,4,left_fist,03-04,7820
E05_spatial_control,erd_lr,4,73,0,1,0.5296569328312992,4,right_fist,03-04,7821
E05_spatial_control,erd_lr,4,73,0,0,0.45177790976656707,4,left_fist,03-04,7822
E05_spatial_control,erd_lr,4,73,1,0,0.3703936385569015,5,both_feet,05-06,7823
E05_spatial_control,erd_lr,4,73,1,0,0.46918663616369505,5,both_fists,05-06,7824
E05_spatial_control,erd_lr,4,73,1,0,0.4486155900067442,5,both_fists,05-06,7825
E05_spatial_control,erd_lr,4,73,1,1,0.5650928601795357,5,both_feet,05-06,7826
E05_spatial_control,erd_lr,4,73,1,1,0.5058232525368822,5,both_fists,05-06,7827
E05_spatial_control,erd_lr,4,73,1,0,0.49972536051062466,5,both_feet,05-06,7828
E05_spatial_control,erd_lr,4,73,1,1,0.5336103998667334,5,both_feet,05-06,7829
E05_spatial_control,erd_lr,4,73,1,0,0.4608503207228576,5,both_fists,05-06,7830
E05_spatial_control,erd_lr,4,73,1,1,0.5530771622093897,5,both_feet,05-06,7831
E05_spatial_control,erd_lr,4,73,1,0,0.4839038951496308,5,both_fists,05-06,7832
E05_spatial_control,erd_lr,4,73,1,1,0.5047270047131907,5,both_feet,05-06,7833
E05_spatial_control,erd_lr,4,73,1,1,0.514518995644367,5,both_fists,05-06,7834
E05_spatial_control,erd_lr,4,73,1,0,0.44607344188014614,5,both_fists,05-06,7835
E05_spatial_control,erd_lr,4,73,1,1,0.5234734662005546,5,both_feet,05-06,7836
E05_spatial_control,erd_lr,4,73,1,1,0.597886480681469,5,both_fists,05-06,7837
E05_spatial_control,erd_lr,4,73,0,1,0.521071359495151,6,both_feet,05-06,7838
E05_spatial_control,erd_lr,4,73,0,0,0.46225125564250125,6,both_fists,05-06,7839
E05_spatial_control,erd_lr,4,73,0,1,0.5903107437103653,6,both_fists,05-06,7840
E05_spatial_control,erd_lr,4,73,0,0,0.43920158631646083,6,both_feet,05-06,7841
E05_spatial_control,erd_lr,4,73,0,1,0.5799190665913722,6,both_feet,05-06,7842
E05_spatial_control,erd_lr,4,73,0,1,0.5378303026379039,6,both_fists,05-06,7843
E05_spatial_control,erd_lr,4,73,0,1,0.6663047862654476,6,both_fists,05-06,7844
E05_spatial_control,erd_lr,4,73,0,1,0.6084006284378418,6,both_feet,05-06,7845
E05_spatial_control,erd_lr,4,73,0,1,0.5543796496938005,6,both_feet,05-06,7846
E05_spatial_control,erd_lr,4,73,0,0,0.45274108393049667,6,both_fists,05-06,7847
E05_spatial_control,erd_lr,4,73,0,1,0.688805750310806,6,both_feet,05-06,7848
E05_spatial_control,erd_lr,4,73,0,1,0.6021110882618413,6,both_fists,05-06,7849
E05_spatial_control,erd_lr,4,73,0,1,0.6125290865242965,6,both_feet,05-06,7850
E05_spatial_control,erd_lr,4,73,0,0,0.39455739521129674,6,both_fists,05-06,7851
E05_spatial_control,erd_lr,4,73,0,1,0.6631445660850425,6,both_fists,05-06,7852
E05_spatial_control,erd_lr,4,73,1,1,0.5912322772597945,7,left_fist,07-08,7853
E05_spatial_control,erd_lr,4,73,1,1,0.6025657098913972,7,right_fist,07-08,7854
E05_spatial_control,erd_lr,4,73,1,1,0.5058809137480386,7,right_fist,07-08,7855
E05_spatial_control,erd_lr,4,73,1,0,0.4655833451199956,7,left_fist,07-08,7856
E05_spatial_control,erd_lr,4,73,1,1,0.5708601758280784,7,right_fist,07-08,7857
E05_spatial_control,erd_lr,4,73,1,1,0.6611756681334392,7,left_fist,07-08,7858
E05_spatial_control,erd_lr,4,73,1,1,0.7154226505019217,7,right_fist,07-08,7859
E05_spatial_control,erd_lr,4,73,1,1,0.5325077648159109,7,left_fist,07-08,7860
E05_spatial_control,erd_lr,4,73,1,1,0.6884562605177041,7,left_fist,07-08,7861
E05_spatial_control,erd_lr,4,73,1,1,0.6487575462973104,7,right_fist,07-08,7862
E05_spatial_control,erd_lr,4,73,1,1,0.6624048706537969,7,right_fist,07-08,7863
E05_spatial_control,erd_lr,4,73,1,0,0.4903840465776578,7,left_fist,07-08,7864
E05_spatial_control,erd_lr,4,73,1,1,0.6867051842305574,7,left_fist,07-08,7865
E05_spatial_control,erd_lr,4,73,1,1,0.6994707707782042,7,right_fist,07-08,7866
E05_spatial_control,erd_lr,4,73,1,1,0.6245516609240681,7,right_fist,07-08,7867
E05_spatial_control,erd_lr,4,73,0,0,0.47020477673115785,8,right_fist,07-08,7868
E05_spatial_control,erd_lr,4,73,0,1,0.5153670968378968,8,left_fist,07-08,7869
E05_spatial_control,erd_lr,4,73,0,1,0.6552990478109,8,right_fist,07-08,7870
E05_spatial_control,erd_lr,4,73,0,1,0.6069574949566405,8,left_fist,07-08,7871
E05_spatial_control,erd_lr,4,73,0,0,0.3690579211589533,8,left_fist,07-08,7872
E05_spatial_control,erd_lr,4,73,0,0,0.4039609465878859,8,right_fist,07-08,7873
E05_spatial_control,erd_lr,4,73,0,1,0.5278632537144188,8,right_fist,07-08,7874
E05_spatial_control,erd_lr,4,73,1,1,0.662431794325505,9,both_fists,09-10,7875
E05_spatial_control,erd_lr,4,73,1,0,0.3334601432591591,9,both_feet,09-10,7876
E05_spatial_control,erd_lr,4,73,1,0,0.45055241262249807,9,both_feet,09-10,7877
E05_spatial_control,erd_lr,4,73,1,1,0.5653087183826305,9,both_fists,09-10,7878
E05_spatial_control,erd_lr,4,73,1,1,0.6340736506193512,9,both_fists,09-10,7879
E05_spatial_control,erd_lr,4,73,1,1,0.52742559350572,9,both_feet,09-10,7880
E05_spatial_control,erd_lr,4,73,1,0,0.4974002329794234,9,both_feet,09-10,7881
E05_spatial_control,erd_lr,4,73,1,1,0.649044079427383,9,both_fists,09-10,7882
E05_spatial_control,erd_lr,4,73,1,1,0.6247708489610528,9,both_fists,09-10,7883
E05_spatial_control,erd_lr,4,73,1,1,0.6000485133363067,9,both_feet,09-10,7884
E05_spatial_control,erd_lr,4,73,1,1,0.7805407338078163,9,both_feet,09-10,7885
E05_spatial_control,erd_lr,4,73,1,1,0.6098202932192961,9,both_fists,09-10,7886
E05_spatial_control,erd_lr,4,73,1,1,0.5762646289859015,9,both_fists,09-10,7887
E05_spatial_control,erd_lr,4,73,1,1,0.6876174264401675,9,both_feet,09-10,7888
E05_spatial_control,erd_lr,4,73,1,1,0.5674857709811585,9,both_feet,09-10,7889
E05_spatial_control,erd_lr,4,73,0,0,0.3758004687108101,10,both_fists,09-10,7890
E05_spatial_control,erd_lr,4,73,0,1,0.6105841810003451,10,both_feet,09-10,7891
E05_spatial_control,erd_lr,4,73,0,0,0.2566780368042778,10,both_fists,09-10,7892
E05_spatial_control,erd_lr,4,73,0,0,0.45912451808119475,10,both_feet,09-10,7893
E05_spatial_control,erd_lr,4,73,0,0,0.4609326063397795,10,both_fists,09-10,7894
E05_spatial_control,erd_lr,4,73,0,1,0.5912021314963459,10,both_feet,09-10,7895
E05_spatial_control,erd_lr,4,73,0,1,0.5787543493362134,10,both_fists,09-10,7896
E05_spatial_control,erd_lr,4,73,0,1,0.7703288946778988,10,both_feet,09-10,7897
E05_spatial_control,erd_lr,4,73,0,1,0.6037729646282229,10,both_fists,09-10,7898
E05_spatial_control,erd_lr,4,73,0,1,0.7074512082044124,10,both_feet,09-10,7899
E05_spatial_control,erd_lr,4,73,0,1,0.6116323552552285,10,both_fists,09-10,7900
E05_spatial_control,erd_lr,4,73,0,1,0.6576938395654923,10,both_feet,09-10,7901
E05_spatial_control,erd_lr,4,73,0,0,0.48541578459676754,10,both_fists,09-10,7902
E05_spatial_control,erd_lr,4,73,0,1,0.5962380996680261,10,both_feet,09-10,7903
E05_spatial_control,erd_lr,4,73,0,1,0.5092248596040214,10,both_feet,09-10,7904
E05_spatial_control,erd_lr,4,73,1,0,0.4808549430266063,11,left_fist,11-12,7905
E05_spatial_control,erd_lr,4,73,1,1,0.5538973532809605,11,right_fist,11-12,7906
E05_spatial_control,erd_lr,4,73,1,1,0.5772956139889961,11,left_fist,11-12,7907
E05_spatial_control,erd_lr,4,73,1,1,0.7125210009528765,11,right_fist,11-12,7908
E05_spatial_control,erd_lr,4,73,1,0,0.47541811684580776,11,left_fist,11-12,7909
E05_spatial_control,erd_lr,4,73,1,0,0.4835946719544542,11,right_fist,11-12,7910
E05_spatial_control,erd_lr,4,73,1,1,0.5322258073426415,11,left_fist,11-12,7911
E05_spatial_control,erd_lr,4,73,1,0,0.47614834008592816,11,right_fist,11-12,7912
E05_spatial_control,erd_lr,4,73,1,1,0.6391173124207697,11,left_fist,11-12,7913
E05_spatial_control,erd_lr,4,73,1,1,0.6583190894224986,11,right_fist,11-12,7914
E05_spatial_control,erd_lr,4,73,1,0,0.4942746381762636,11,left_fist,11-12,7915
E05_spatial_control,erd_lr,4,73,1,1,0.6347143546624885,11,right_fist,11-12,7916
E05_spatial_control,erd_lr,4,73,1,1,0.597023629049162,11,right_fist,11-12,7917
E05_spatial_control,erd_lr,4,73,1,1,0.6856893452631951,11,left_fist,11-12,7918
E05_spatial_control,erd_lr,4,73,1,1,0.5796825810223535,11,left_fist,11-12,7919
E05_spatial_control,erd_lr,4,73,0,1,0.5690197902680469,12,left_fist,11-12,7920
E05_spatial_control,erd_lr,4,73,0,1,0.5515933854058506,12,right_fist,11-12,7921
E05_spatial_control,erd_lr,4,73,0,1,0.5870334466465849,12,left_fist,11-12,7922
E05_spatial_control,erd_lr,4,73,0,1,0.7015830027234613,12,right_fist,11-12,7923
E05_spatial_control,erd_lr,4,73,0,1,0.5647608348473624,12,left_fist,11-12,7924
E05_spatial_control,erd_lr,4,73,0,1,0.657665393568506,12,right_fist,11-12,7925
E05_spatial_control,erd_lr,4,73,0,0,0.367817860469834,12,right_fist,11-12,7926
E05_spatial_control,erd_lr,4,73,0,1,0.582002397067309,12,left_fist,11-12,7927
E05_spatial_control,erd_lr,4,73,0,1,0.6082270420675734,12,right_fist,11-12,7928
E05_spatial_control,erd_lr,4,73,0,0,0.4820916059383952,12,left_fist,11-12,7929
E05_spatial_control,erd_lr,4,73,0,1,0.5066152132136901,12,right_fist,11-12,7930
E05_spatial_control,erd_lr,4,73,0,1,0.6949118092010568,12,left_fist,11-12,7931
E05_spatial_control,erd_lr,4,73,0,1,0.5296997361256887,12,left_fist,11-12,7932
E05_spatial_control,erd_lr,4,73,0,1,0.5353266340498315,12,right_fist,11-12,7933
E05_spatial_control,erd_lr,4,73,0,0,0.4617477039890003,12,right_fist,11-12,7934
E05_spatial_control,erd_lr,4,73,1,1,0.7865920125384549,13,both_fists,13-14,7935
E05_spatial_control,erd_lr,4,73,1,1,0.6123199082154913,13,both_feet,13-14,7936
E05_spatial_control,erd_lr,4,73,1,1,0.5561551031643127,13,both_feet,13-14,7937
E05_spatial_control,erd_lr,4,73,1,1,0.5140343564253403,13,both_fists,13-14,7938
E05_spatial_control,erd_lr,4,73,1,1,0.5152114704331622,13,both_feet,13-14,7939
E05_spatial_control,erd_lr,4,73,1,1,0.6291307348108595,13,both_fists,13-14,7940
E05_spatial_control,erd_lr,4,73,1,1,0.5955261464441209,13,both_fists,13-14,7941
E05_spatial_control,erd_lr,4,73,1,1,0.6735365793648095,13,both_feet,13-14,7942
E05_spatial_control,erd_lr,4,73,1,0,0.4194399271164113,13,both_fists,13-14,7943
E05_spatial_control,erd_lr,4,73,1,1,0.6356549876164634,13,both_feet,13-14,7944
E05_spatial_control,erd_lr,4,73,1,1,0.5119325345586397,13,both_feet,13-14,7945
E05_spatial_control,erd_lr,4,73,1,0,0.45992850248521394,13,both_fists,13-14,7946
E05_spatial_control,erd_lr,4,73,1,1,0.595326910482942,13,both_fists,13-14,7947
E05_spatial_control,erd_lr,4,73,1,0,0.4791481536461439,13,both_feet,13-14,7948
E05_spatial_control,erd_lr,4,73,1,1,0.6039510298458928,13,both_feet,13-14,7949
E05_spatial_control,erd_lr,4,73,0,1,0.5009501654197724,14,both_feet,13-14,7950
E05_spatial_control,erd_lr,4,73,0,0,0.45633142091233486,14,both_fists,13-14,7951
E05_spatial_control,erd_lr,4,73,0,1,0.6172521044505865,14,both_feet,13-14,7952
E05_spatial_control,erd_lr,4,73,0,1,0.7318180500190583,14,both_fists,13-14,7953
E05_spatial_control,erd_lr,4,73,0,0,0.41684264319973585,14,both_fists,13-14,7954
E05_spatial_control,erd_lr,4,73,0,1,0.5416166282379081,14,both_feet,13-14,7955
E05_spatial_control,erd_lr,4,73,0,0,0.4580814323144264,14,both_feet,13-14,7956
E05_spatial_control,erd_lr,4,73,0,1,0.5521820511769543,14,both_fists,13-14,7957
E05_spatial_control,erd_lr,4,73,0,1,0.6662525458232724,14,both_fists,13-14,7958
E05_spatial_control,erd_lr,4,73,0,1,0.5616422170604752,14,both_feet,13-14,7959
E05_spatial_control,erd_lr,4,73,0,1,0.6872147583699262,14,both_feet,13-14,7960
E05_spatial_control,erd_lr,4,73,0,1,0.6418233079310556,14,both_fists,13-14,7961
E05_spatial_control,erd_lr,4,73,0,1,0.6667582201594082,14,both_feet,13-14,7962
E05_spatial_control,erd_lr,4,73,0,1,0.6110043435264353,14,both_fists,13-14,7963
E05_spatial_control,erd_lr,4,73,0,1,0.5335491411222034,14,both_fists,13-14,7964
E05_spatial_control,erd_lr,4,82,1,1,0.5900861439191347,3,right_fist,03-04,9024
E05_spatial_control,erd_lr,4,82,1,0,0.43005976448265865,3,left_fist,03-04,9025
E05_spatial_control,erd_lr,4,82,1,0,0.45346299245752886,3,right_fist,03-04,9026
E05_spatial_control,erd_lr,4,82,1,0,0.48666862167417396,3,left_fist,03-04,9027
E05_spatial_control,erd_lr,4,82,1,0,0.45599426741918725,3,left_fist,03-04,9028
E05_spatial_control,erd_lr,4,82,1,1,0.6520212621296194,3,right_fist,03-04,9029
E05_spatial_control,erd_lr,4,82,1,1,0.7064517990122576,3,right_fist,03-04,9030
E05_spatial_control,erd_lr,4,82,1,1,0.603707831801067,3,left_fist,03-04,9031
E05_spatial_control,erd_lr,4,82,1,0,0.4142163993977703,3,left_fist,03-04,9032
E05_spatial_control,erd_lr,4,82,1,0,0.49440033367715974,3,right_fist,03-04,9033
E05_spatial_control,erd_lr,4,82,1,1,0.6038665548479033,3,right_fist,03-04,9034
E05_spatial_control,erd_lr,4,82,1,1,0.5855683657967617,3,left_fist,03-04,9035
E05_spatial_control,erd_lr,4,82,1,1,0.6417797571772523,3,left_fist,03-04,9036
E05_spatial_control,erd_lr,4,82,1,1,0.6412937008574491,3,right_fist,03-04,9037
E05_spatial_control,erd_lr,4,82,1,0,0.38377982432289093,3,right_fist,03-04,9038
E05_spatial_control,erd_lr,4,82,0,1,0.5164515008428429,4,left_fist,03-04,9039
E05_spatial_control,erd_lr,4,82,0,0,0.4320506646440453,4,right_fist,03-04,9040
E05_spatial_control,erd_lr,4,82,0,1,0.6206950427002852,4,left_fist,03-04,9041
E05_spatial_control,erd_lr,4,82,0,0,0.33331943171420736,4,right_fist,03-04,9042
E05_spatial_control,erd_lr,4,82,0,1,0.545187085433338,4,left_fist,03-04,9043
E05_spatial_control,erd_lr,4,82,0,0,0.44296057088571933,4,right_fist,03-04,9044
E05_spatial_control,erd_lr,4,82,0,0,0.4191566041152576,4,left_fist,03-04,9045
E05_spatial_control,erd_lr,4,82,0,0,0.43267474005339607,4,right_fist,03-04,9046
E05_spatial_control,erd_lr,4,82,0,0,0.35850613133232917,4,right_fist,03-04,9047
E05_spatial_control,erd_lr,4,82,0,0,0.3758054352688218,4,left_fist,03-04,9048
E05_spatial_control,erd_lr,4,82,0,0,0.3942562906491448,4,right_fist,03-04,9049
E05_spatial_control,erd_lr,4,82,0,0,0.45428194295164126,4,left_fist,03-04,9050
E05_spatial_control,erd_lr,4,82,0,1,0.5828044235431568,4,right_fist,03-04,9051
E05_spatial_control,erd_lr,4,82,0,1,0.5792085691593206,4,left_fist,03-04,9052
E05_spatial_control,erd_lr,4,82,0,1,0.6335292416866657,4,left_fist,03-04,9053
E05_spatial_control,erd_lr,4,82,1,0,0.4903954919301789,5,both_feet,05-06,9054
E05_spatial_control,erd_lr,4,82,1,1,0.691053154117776,5,both_fists,05-06,9055
E05_spatial_control,erd_lr,4,82,1,1,0.5651610042669348,5,both_fists,05-06,9056
E05_spatial_control,erd_lr,4,82,1,1,0.5981958197460897,5,both_feet,05-06,9057
E05_spatial_control,erd_lr,4,82,1,0,0.40074683420534063,5,both_fists,05-06,9058
E05_spatial_control,erd_lr,4,82,1,0,0.4804778874367435,5,both_feet,05-06,9059
E05_spatial_control,erd_lr,4,82,1,0,0.3850947267231257,5,both_fists,05-06,9060
E05_spatial_control,erd_lr,4,82,1,0,0.38874947384636543,5,both_feet,05-06,9061
E05_spatial_control,erd_lr,4,82,1,1,0.5238823767488325,5,both_feet,05-06,9062
E05_spatial_control,erd_lr,4,82,1,0,0.4941018992436192,5,both_fists,05-06,9063
E05_spatial_control,erd_lr,4,82,1,1,0.6545084786067629,5,both_feet,05-06,9064
E05_spatial_control,erd_lr,4,82,1,1,0.5552709294063667,5,both_fists,05-06,9065
E05_spatial_control,erd_lr,4,82,1,1,0.5293717168688291,5,both_feet,05-06,9066
E05_spatial_control,erd_lr,4,82,1,1,0.5298759959837944,5,both_fists,05-06,9067
E05_spatial_control,erd_lr,4,82,1,0,0.48507271793626877,5,both_fists,05-06,9068
E05_spatial_control,erd_lr,4,82,0,0,0.4828508067317572,6,both_feet,05-06,9069
E05_spatial_control,erd_lr,4,82,0,1,0.511135475425183,6,both_fists,05-06,9070
E05_spatial_control,erd_lr,4,82,0,1,0.5024225366608983,6,both_fists,05-06,9071
E05_spatial_control,erd_lr,4,82,0,0,0.4117830977361638,6,both_feet,05-06,9072
E05_spatial_control,erd_lr,4,82,0,0,0.39283348064611906,6,both_fists,05-06,9073
E05_spatial_control,erd_lr,4,82,0,0,0.2836823373271987,6,both_feet,05-06,9074
E05_spatial_control,erd_lr,4,82,0,1,0.6553409135009599,6,both_feet,05-06,9075
E05_spatial_control,erd_lr,4,82,0,0,0.433025579290231,6,both_fists,05-06,9076
E05_spatial_control,erd_lr,4,82,0,0,0.43999523294002313,6,both_feet,05-06,9077
E05_spatial_control,erd_lr,4,82,0,1,0.5682576755401962,6,both_fists,05-06,9078
E05_spatial_control,erd_lr,4,82,0,1,0.5603394219658072,6,both_fists,05-06,9079
E05_spatial_control,erd_lr,4,82,0,1,0.6038440776472622,6,both_feet,05-06,9080
E05_spatial_control,erd_lr,4,82,0,0,0.49684768214305525,6,both_feet,05-06,9081
E05_spatial_control,erd_lr,4,82,0,0,0.48952732377211433,6,both_fists,05-06,9082
E05_spatial_control,erd_lr,4,82,0,0,0.4142258993178052,6,both_fists,05-06,9083
E05_spatial_control,erd_lr,4,82,1,0,0.37027968346278173,7,left_fist,07-08,9084
E05_spatial_control,erd_lr,4,82,1,0,0.43002316357756465,7,right_fist,07-08,9085
E05_spatial_control,erd_lr,4,82,1,0,0.41054690623792683,7,right_fist,07-08,9086
E05_spatial_control,erd_lr,4,82,1,1,0.5340244214796703,7,left_fist,07-08,9087
E05_spatial_control,erd_lr,4,82,1,1,0.6357984115195396,7,left_fist,07-08,9088
E05_spatial_control,erd_lr,4,82,1,1,0.5221962865777133,7,right_fist,07-08,9089
E05_spatial_control,erd_lr,4,82,1,1,0.6126329699129643,7,left_fist,07-08,9090
E05_spatial_control,erd_lr,4,82,1,1,0.6257783904467132,7,right_fist,07-08,9091
E05_spatial_control,erd_lr,4,82,1,1,0.5824711651912264,7,left_fist,07-08,9092
E05_spatial_control,erd_lr,4,82,1,0,0.47114617803915865,7,right_fist,07-08,9093
E05_spatial_control,erd_lr,4,82,1,0,0.4564655190123159,7,left_fist,07-08,9094
E05_spatial_control,erd_lr,4,82,1,0,0.48884210275738926,7,right_fist,07-08,9095
E05_spatial_control,erd_lr,4,82,1,0,0.38152266872692153,7,right_fist,07-08,9096
E05_spatial_control,erd_lr,4,82,1,0,0.4974926339507767,7,left_fist,07-08,9097
E05_spatial_control,erd_lr,4,82,1,0,0.4329231038264017,7,left_fist,07-08,9098
E05_spatial_control,erd_lr,4,82,0,1,0.5393886267709345,8,left_fist,07-08,9099
E05_spatial_control,erd_lr,4,82,0,0,0.32092284121913195,8,right_fist,07-08,9100
E05_spatial_control,erd_lr,4,82,0,1,0.5950981359184129,8,left_fist,07-08,9101
E05_spatial_control,erd_lr,4,82,0,0,0.3764638699693446,8,right_fist,07-08,9102
E05_spatial_control,erd_lr,4,82,0,1,0.6749325033036204,8,left_fist,07-08,9103
E05_spatial_control,erd_lr,4,82,0,0,0.3973032253288795,8,right_fist,07-08,9104
E05_spatial_control,erd_lr,4,82,0,0,0.4597053180271889,8,left_fist,07-08,9105
E05_spatial_control,erd_lr,4,82,0,0,0.37226483317421577,8,left_fist,07-08,9106
E05_spatial_control,erd_lr,4,82,0,1,0.5283905318556423,8,right_fist,07-08,9107
E05_spatial_control,erd_lr,4,82,0,0,0.47758480916968005,8,left_fist,07-08,9108
E05_spatial_control,erd_lr,4,82,0,0,0.3772901169415848,8,right_fist,07-08,9109
E05_spatial_control,erd_lr,4,82,0,1,0.6657396022523577,8,left_fist,07-08,9110
E05_spatial_control,erd_lr,4,82,0,1,0.54573528604683,8,right_fist,07-08,9111
E05_spatial_control,erd_lr,4,82,0,1,0.5084155843980381,8,right_fist,07-08,9112
E05_spatial_control,erd_lr,4,82,1,1,0.5500749918789233,9,both_fists,09-10,9113
E05_spatial_control,erd_lr,4,82,1,1,0.646912018353224,9,both_feet,09-10,9114
E05_spatial_control,erd_lr,4,82,1,1,0.5690114392025779,9,both_fists,09-10,9115
E05_spatial_control,erd_lr,4,82,1,1,0.530332191023452,9,both_feet,09-10,9116
E05_spatial_control,erd_lr,4,82,1,0,0.38047789239001184,9,both_feet,09-10,9117
E05_spatial_control,erd_lr,4,82,1,1,0.5214118912478366,9,both_fists,09-10,9118
E05_spatial_control,erd_lr,4,82,1,1,0.5303365299068573,9,both_fists,09-10,9119
E05_spatial_control,erd_lr,4,82,1,1,0.5717915804948026,9,both_feet,09-10,9120
E05_spatial_control,erd_lr,4,82,1,0,0.4516211520672638,9,both_feet,09-10,9121
E05_spatial_control,erd_lr,4,82,1,0,0.49600599674523765,9,both_fists,09-10,9122
E05_spatial_control,erd_lr,4,82,1,1,0.6407061859590336,9,both_feet,09-10,9123
E05_spatial_control,erd_lr,4,82,1,0,0.39636403605173026,9,both_feet,09-10,9124
E05_spatial_control,erd_lr,4,82,1,0,0.4788583963923017,9,both_fists,09-10,9125
E05_spatial_control,erd_lr,4,82,1,0,0.38923596867176125,9,both_fists,09-10,9126
E05_spatial_control,erd_lr,4,82,0,1,0.5837814780879081,10,both_fists,09-10,9127
E05_spatial_control,erd_lr,4,82,0,1,0.6238612066230916,10,both_feet,09-10,9128
E05_spatial_control,erd_lr,4,82,0,0,0.44811141667478865,10,both_fists,09-10,9129
E05_spatial_control,erd_lr,4,82,0,0,0.41385398915128807,10,both_feet,09-10,9130
E05_spatial_control,erd_lr,4,82,0,0,0.409295300028875,10,both_fists,09-10,9131
E05_spatial_control,erd_lr,4,82,0,1,0.537263097867849,10,both_feet,09-10,9132
E05_spatial_control,erd_lr,4,82,0,0,0.3756766990511671,10,both_fists,09-10,9133
E05_spatial_control,erd_lr,4,82,0,0,0.3290618147967927,10,both_feet,09-10,9134
E05_spatial_control,erd_lr,4,82,0,0,0.4493376514562243,10,both_feet,09-10,9135
E05_spatial_control,erd_lr,4,82,0,0,0.43460398577025355,10,both_fists,09-10,9136
E05_spatial_control,erd_lr,4,82,0,0,0.48839248258019247,10,both_feet,09-10,9137
E05_spatial_control,erd_lr,4,82,0,0,0.42718433302551223,10,both_fists,09-10,9138
E05_spatial_control,erd_lr,4,82,0,0,0.3490821571998058,10,both_fists,09-10,9139
E05_spatial_control,erd_lr,4,82,0,1,0.5525909788805508,10,both_feet,09-10,9140
E05_spatial_control,erd_lr,4,82,0,0,0.414727437499786,10,both_fists,09-10,9141
E05_spatial_control,erd_lr,4,82,1,1,0.6289546144123657,11,left_fist,11-12,9142
E05_spatial_control,erd_lr,4,82,1,1,0.5740106767502043,11,right_fist,11-12,9143
E05_spatial_control,erd_lr,4,82,1,0,0.4758026607488086,11,right_fist,11-12,9144
E05_spatial_control,erd_lr,4,82,1,1,0.5477700303545449,11,left_fist,11-12,9145
E05_spatial_control,erd_lr,4,82,1,1,0.5825618396092992,11,right_fist,11-12,9146
E05_spatial_control,erd_lr,4,82,1,0,0.43225559828647375,11,left_fist,11-12,9147
E05_spatial_control,erd_lr,4,82,1,0,0.401748652332825,11,left_fist,11-12,9148
E05_spatial_control,erd_lr,4,82,1,0,0.273937931560706,11,right_fist,11-12,9149
E05_spatial_control,erd_lr,4,82,1,1,0.5913871198990421,11,left_fist,11-12,9150
E05_spatial_control,erd_lr,4,82,1,0,0.4605271334677089,11,right_fist,11-12,9151
E05_spatial_control,erd_lr,4,82,1,0,0.44401807578578895,11,left_fist,11-12,9152
E05_spatial_control,erd_lr,4,82,1,1,0.5984194395726905,11,right_fist,11-12,9153
E05_spatial_control,erd_lr,4,82,1,1,0.7223672521547635,11,right_fist,11-12,9154
E05_spatial_control,erd_lr,4,82,1,0,0.1847086548323526,11,left_fist,11-12,9155
E05_spatial_control,erd_lr,4,82,1,0,0.3695381018042661,11,right_fist,11-12,9156
E05_spatial_control,erd_lr,4,82,0,0,0.46385094402904326,12,left_fist,11-12,9157
E05_spatial_control,erd_lr,4,82,0,0,0.3269006342609332,12,right_fist,11-12,9158
E05_spatial_control,erd_lr,4,82,0,0,0.36963913671501486,12,right_fist,11-12,9159
E05_spatial_control,erd_lr,4,82,0,0,0.4182692707115283,12,left_fist,11-12,9160
E05_spatial_control,erd_lr,4,82,0,0,0.2839102008374295,12,left_fist,11-12,9161
E05_spatial_control,erd_lr,4,82,0,0,0.4600861186529955,12,right_fist,11-12,9162
E05_spatial_control,erd_lr,4,82,0,0,0.3084266139528071,12,left_fist,11-12,9163
E05_spatial_control,erd_lr,4,82,0,1,0.6359510054318877,12,left_fist,11-12,9164
E05_spatial_control,erd_lr,4,82,0,0,0.44878513370145084,12,right_fist,11-12,9165
E05_spatial_control,erd_lr,4,82,0,0,0.41194190948984943,12,left_fist,11-12,9166
E05_spatial_control,erd_lr,4,82,0,0,0.48253153551140926,12,right_fist,11-12,9167
E05_spatial_control,erd_lr,4,82,0,0,0.3196631131328504,12,right_fist,11-12,9168
E05_spatial_control,erd_lr,4,82,0,1,0.5153335801483943,12,left_fist,11-12,9169
E05_spatial_control,erd_lr,4,82,0,0,0.26942617087514664,12,left_fist,11-12,9170
E05_spatial_control,erd_lr,4,82,1,1,0.5401956804410354,13,both_fists,13-14,9171
E05_spatial_control,erd_lr,4,82,1,1,0.624417356630519,13,both_feet,13-14,9172
E05_spatial_control,erd_lr,4,82,1,1,0.6047294562178448,13,both_feet,13-14,9173
E05_spatial_control,erd_lr,4,82,1,1,0.5625439882499851,13,both_fists,13-14,9174
E05_spatial_control,erd_lr,4,82,1,1,0.5950735730897155,13,both_feet,13-14,9175
E05_spatial_control,erd_lr,4,82,1,0,0.3711270280001709,13,both_fists,13-14,9176
E05_spatial_control,erd_lr,4,82,1,1,0.5855511656062796,13,both_feet,13-14,9177
E05_spatial_control,erd_lr,4,82,1,0,0.42211799880450085,13,both_fists,13-14,9178
E05_spatial_control,erd_lr,4,82,1,1,0.5504482068387447,13,both_fists,13-14,9179
E05_spatial_control,erd_lr,4,82,1,1,0.5812077905011681,13,both_feet,13-14,9180
E05_spatial_control,erd_lr,4,82,1,0,0.408185768984016,13,both_fists,13-14,9181
E05_spatial_control,erd_lr,4,82,1,1,0.6438093437398841,13,both_feet,13-14,9182
E05_spatial_control,erd_lr,4,82,1,1,0.5022935827848835,13,both_fists,13-14,9183
E05_spatial_control,erd_lr,4,82,1,1,0.6302739918841165,13,both_feet,13-14,9184
E05_spatial_control,erd_lr,4,82,1,1,0.5978386788327108,13,both_fists,13-14,9185
E05_spatial_control,erd_lr,4,82,0,1,0.521930679730593,14,both_feet,13-14,9186
E05_spatial_control,erd_lr,4,82,0,0,0.43564131470247264,14,both_fists,13-14,9187
E05_spatial_control,erd_lr,4,82,0,0,0.3690507406221877,14,both_fists,13-14,9188
E05_spatial_control,erd_lr,4,82,0,0,0.43505133722066647,14,both_fists,13-14,9189
E05_spatial_control,erd_lr,4,82,0,1,0.5922408992995731,14,both_feet,13-14,9190
E05_spatial_control,erd_lr,4,82,0,0,0.4232452608425237,14,both_feet,13-14,9191
E05_spatial_control,erd_lr,4,82,0,0,0.31816528439409086,14,both_fists,13-14,9192
E05_spatial_control,erd_lr,4,82,0,0,0.33272107071702905,14,both_feet,13-14,9193
E05_spatial_control,erd_lr,4,82,0,1,0.6914809166848707,14,both_fists,13-14,9194
E05_spatial_control,erd_lr,4,82,0,1,0.6125877700037904,14,both_feet,13-14,9195
E05_spatial_control,erd_lr,4,82,0,0,0.31920671705301684,14,both_fists,13-14,9196
E05_spatial_control,erd_lr,4,82,0,1,0.5063319159884524,14,both_fists,13-14,9197
E05_spatial_control,erd_lr,4,82,0,1,0.5309907190798754,14,both_feet,13-14,9198
E05_spatial_control,erd_lr,4,82,0,0,0.36640951930286947,14,both_fists,13-14,9199
E05_spatial_control,erd_lr,4,85,1,0,0.4946754468776922,3,right_fist,03-04,9356
E05_spatial_control,erd_lr,4,85,1,0,0.4665913825983628,3,left_fist,03-04,9357
E05_spatial_control,erd_lr,4,85,1,1,0.5335705402396373,3,right_fist,03-04,9358
E05_spatial_control,erd_lr,4,85,1,1,0.5695289938438507,3,left_fist,03-04,9359
E05_spatial_control,erd_lr,4,85,1,1,0.6403248633909311,3,left_fist,03-04,9360
E05_spatial_control,erd_lr,4,85,1,1,0.5000688928242659,3,right_fist,03-04,9361
E05_spatial_control,erd_lr,4,85,1,1,0.5616590832252706,3,left_fist,03-04,9362
E05_spatial_control,erd_lr,4,85,1,0,0.3868751362537384,3,right_fist,03-04,9363
E05_spatial_control,erd_lr,4,85,1,1,0.5307043373349093,3,left_fist,03-04,9364
E05_spatial_control,erd_lr,4,85,1,0,0.45742648851057843,3,right_fist,03-04,9365
E05_spatial_control,erd_lr,4,85,1,1,0.52388398251986,3,left_fist,03-04,9366
E05_spatial_control,erd_lr,4,85,1,1,0.5944532300887139,3,right_fist,03-04,9367
E05_spatial_control,erd_lr,4,85,1,1,0.7228153268845541,3,right_fist,03-04,9368
E05_spatial_control,erd_lr,4,85,1,1,0.6509861617255224,3,left_fist,03-04,9369
E05_spatial_control,erd_lr,4,85,1,1,0.6993970056174992,3,right_fist,03-04,9370
E05_spatial_control,erd_lr,4,85,0,0,0.3988184450894088,4,right_fist,03-04,9371
E05_spatial_control,erd_lr,4,85,0,0,0.44448203016762033,4,left_fist,03-04,9372
E05_spatial_control,erd_lr,4,85,0,1,0.5300321152702916,4,right_fist,03-04,9373
E05_spatial_control,erd_lr,4,85,0,0,0.46948705787694756,4,left_fist,03-04,9374
E05_spatial_control,erd_lr,4,85,0,1,0.6646858306813445,4,right_fist,03-04,9375
E05_spatial_control,erd_lr,4,85,0,0,0.389509858050307,4,left_fist,03-04,9376
E05_spatial_control,erd_lr,4,85,0,0,0.4711607845258777,4,right_fist,03-04,9377
E05_spatial_control,erd_lr,4,85,0,1,0.5777841361883743,4,left_fist,03-04,9378
E05_spatial_control,erd_lr,4,85,0,1,0.5060623776094983,4,left_fist,03-04,9379
E05_spatial_control,erd_lr,4,85,0,0,0.4556202655574201,4,right_fist,03-04,9380
E05_spatial_control,erd_lr,4,85,0,0,0.48411258747004443,4,right_fist,03-04,9381
E05_spatial_control,erd_lr,4,85,0,1,0.6506100006597082,4,left_fist,03-04,9382
E05_spatial_control,erd_lr,4,85,0,1,0.6080583250877216,4,left_fist,03-04,9383
E05_spatial_control,erd_lr,4,85,0,0,0.4219119505113345,4,right_fist,03-04,9384
E05_spatial_control,erd_lr,4,85,0,0,0.3508104346254466,4,left_fist,03-04,9385
E05_spatial_control,erd_lr,4,85,1,1,0.7667295724503546,5,both_fists,05-06,9386
E05_spatial_control,erd_lr,4,85,1,0,0.4381623161825008,5,both_fists,05-06,9387
E05_spatial_control,erd_lr,4,85,1,0,0.4559846043667924,5,both_fists,05-06,9388
E05_spatial_control,erd_lr,4,85,1,1,0.5024444923740972,5,both_fists,05-06,9389
E05_spatial_control,erd_lr,4,85,1,1,0.6372872072206207,5,both_feet,05-06,9390
E05_spatial_control,erd_lr,4,85,1,1,0.6223740363675961,5,both_fists,05-06,9391
E05_spatial_control,erd_lr,4,85,1,1,0.5724875639421307,5,both_fists,05-06,9392
E05_spatial_control,erd_lr,4,85,0,1,0.6068355159023017,6,both_fists,05-06,9393
E05_spatial_control,erd_lr,4,85,0,1,0.5679601014328157,6,both_feet,05-06,9394
E05_spatial_control,erd_lr,4,85,0,0,0.3702044459958727,6,both_feet,05-06,9395
E05_spatial_control,erd_lr,4,85,0,0,0.4619698688823451,6,both_fists,05-06,9396
E05_spatial_control,erd_lr,4,85,0,1,0.5767831300648449,6,both_fists,05-06,9397
E05_spatial_control,erd_lr,4,85,0,0,0.4626736585445893,6,both_feet,05-06,9398
E05_spatial_control,erd_lr,4,85,0,0,0.47441673450495025,6,both_fists,05-06,9399
E05_spatial_control,erd_lr,4,85,0,1,0.5466529952383745,6,both_feet,05-06,9400
E05_spatial_control,erd_lr,4,85,0,1,0.6311653566661306,6,both_fists,05-06,9401
E05_spatial_control,erd_lr,4,85,0,0,0.24835202082676344,6,both_feet,05-06,9402
E05_spatial_control,erd_lr,4,85,0,1,0.5304974446616086,6,both_feet,05-06,9403
E05_spatial_control,erd_lr,4,85,0,0,0.43051915453021317,6,both_fists,05-06,9404
E05_spatial_control,erd_lr,4,85,0,0,0.33506212918003175,6,both_feet,05-06,9405
E05_spatial_control,erd_lr,4,85,0,0,0.4575332017980311,6,both_fists,05-06,9406
E05_spatial_control,erd_lr,4,85,0,1,0.5216741960170955,6,both_fists,05-06,9407
E05_spatial_control,erd_lr,4,85,1,1,0.562816831084747,7,right_fist,07-08,9408
E05_spatial_control,erd_lr,4,85,1,1,0.6478786996187594,7,left_fist,07-08,9409
E05_spatial_control,erd_lr,4,85,1,1,0.6240450697334365,7,left_fist,07-08,9410
E05_spatial_control,erd_lr,4,85,1,1,0.527068438025046,7,right_fist,07-08,9411
E05_spatial_control,erd_lr,4,85,1,1,0.6882325289010452,7,left_fist,07-08,9412
E05_spatial_control,erd_lr,4,85,1,1,0.6836303674514048,7,right_fist,07-08,9413
E05_spatial_control,erd_lr,4,85,1,1,0.678269121478313,7,left_fist,07-08,9414
E05_spatial_control,erd_lr,4,85,1,1,0.5668867140709183,7,right_fist,07-08,9415
E05_spatial_control,erd_lr,4,85,1,1,0.5864074935295649,7,left_fist,07-08,9416
E05_spatial_control,erd_lr,4,85,1,1,0.5594769784062468,7,left_fist,07-08,9417
E05_spatial_control,erd_lr,4,85,1,1,0.5881595913935977,7,right_fist,07-08,9418
E05_spatial_control,erd_lr,4,85,1,1,0.5810347922993403,7,left_fist,07-08,9419
E05_spatial_control,erd_lr,4,85,1,1,0.7048412244813365,7,right_fist,07-08,9420
E05_spatial_control,erd_lr,4,85,1,1,0.5464120921787635,7,left_fist,07-08,9421
E05_spatial_control,erd_lr,4,85,0,1,0.5219807209636812,8,right_fist,07-08,9422
E05_spatial_control,erd_lr,4,85,0,0,0.4200231175180655,8,left_fist,07-08,9423
E05_spatial_control,erd_lr,4,85,0,0,0.3120001660502899,8,right_fist,07-08,9424
E05_spatial_control,erd_lr,4,85,0,0,0.46299193176777476,8,left_fist,07-08,9425
E05_spatial_control,erd_lr,4,85,0,1,0.626324047322931,8,left_fist,07-08,9426
E05_spatial_control,erd_lr,4,85,0,0,0.4657990205112878,8,right_fist,07-08,9427
E05_spatial_control,erd_lr,4,85,0,1,0.5470309170984908,8,right_fist,07-08,9428
E05_spatial_control,erd_lr,4,85,0,1,0.5673686779225479,8,left_fist,07-08,9429
E05_spatial_control,erd_lr,4,85,0,1,0.5575202126120474,8,left_fist,07-08,9430
E05_spatial_control,erd_lr,4,85,0,1,0.5530584326588305,8,right_fist,07-08,9431
E05_spatial_control,erd_lr,4,85,0,1,0.526196117104368,8,right_fist,07-08,9432
E05_spatial_control,erd_lr,4,85,0,1,0.5520079289271596,8,left_fist,07-08,9433
E05_spatial_control,erd_lr,4,85,0,1,0.6979066785594843,8,right_fist,07-08,9434
E05_spatial_control,erd_lr,4,85,0,1,0.5068216232776183,8,left_fist,07-08,9435
E05_spatial_control,erd_lr,4,85,0,0,0.37997945157396595,8,left_fist,07-08,9436
E05_spatial_control,erd_lr,4,85,1,0,0.41195017209865886,9,both_fists,09-10,9437
E05_spatial_control,erd_lr,4,85,1,0,0.48777180265105713,9,both_fists,09-10,9438
E05_spatial_control,erd_lr,4,85,1,1,0.543251548321084,9,both_fists,09-10,9439
E05_spatial_control,erd_lr,4,85,1,0,0.4819895965921457,9,both_fists,09-10,9440
E05_spatial_control,erd_lr,4,85,0,1,0.5505296642839158,10,both_feet,09-10,9441
E05_spatial_control,erd_lr,4,85,0,0,0.4391443274495826,10,both_fists,09-10,9442
E05_spatial_control,erd_lr,4,85,0,0,0.28839895067221444,10,both_feet,09-10,9443
E05_spatial_control,erd_lr,4,85,0,0,0.46047988041129173,10,both_fists,09-10,9444
E05_spatial_control,erd_lr,4,85,0,1,0.5482491045540334,10,both_feet,09-10,9445
E05_spatial_control,erd_lr,4,85,0,1,0.7248239957055435,10,both_fists,09-10,9446
E05_spatial_control,erd_lr,4,85,0,0,0.48276029092653433,10,both_feet,09-10,9447
E05_spatial_control,erd_lr,4,85,0,1,0.5113275567856821,10,both_fists,09-10,9448
E05_spatial_control,erd_lr,4,85,0,1,0.5580290089924599,10,both_feet,09-10,9449
E05_spatial_control,erd_lr,4,85,0,0,0.43561359446885434,10,both_feet,09-10,9450
E05_spatial_control,erd_lr,4,85,0,1,0.5892267285432995,10,both_fists,09-10,9451
E05_spatial_control,erd_lr,4,85,0,0,0.4223884476660403,10,both_feet,09-10,9452
E05_spatial_control,erd_lr,4,85,1,0,0.38679316509645206,11,left_fist,11-12,9453
E05_spatial_control,erd_lr,4,85,1,1,0.5286041288654727,11,right_fist,11-12,9454
E05_spatial_control,erd_lr,4,85,1,1,0.6846452001540696,11,left_fist,11-12,9455
E05_spatial_control,erd_lr,4,85,1,0,0.4784045120134154,11,right_fist,11-12,9456
E05_spatial_control,erd_lr,4,85,1,1,0.772899954744471,11,left_fist,11-12,9457
E05_spatial_control,erd_lr,4,85,1,1,0.5308065871786544,11,right_fist,11-12,9458
E05_spatial_control,erd_lr,4,85,1,1,0.6023454000979449,11,left_fist,11-12,9459
E05_spatial_control,erd_lr,4,85,1,0,0.48976270364566327,11,right_fist,11-12,9460
E05_spatial_control,erd_lr,4,85,1,0,0.4963818814039175,11,left_fist,11-12,9461
E05_spatial_control,erd_lr,4,85,1,1,0.7494360514712026,11,right_fist,11-12,9462
E05_spatial_control,erd_lr,4,85,1,1,0.5320241390139991,11,left_fist,11-12,9463
E05_spatial_control,erd_lr,4,85,1,1,0.5721459980637531,11,right_fist,11-12,9464
E05_spatial_control,erd_lr,4,85,0,1,0.5958654315925095,12,right_fist,11-12,9465
E05_spatial_control,erd_lr,4,85,0,0,0.4917858091890567,12,left_fist,11-12,9466
E05_spatial_control,erd_lr,4,85,0,0,0.42271126061761777,12,right_fist,11-12,9467
E05_spatial_control,erd_lr,4,85,0,0,0.43283867325809455,12,left_fist,11-12,9468
E05_spatial_control,erd_lr,4,85,0,0,0.45625263262721216,12,right_fist,11-12,9469
E05_spatial_control,erd_lr,4,85,0,0,0.4756164996144152,12,left_fist,11-12,9470
E05_spatial_control,erd_lr,4,85,0,1,0.6088790500214136,12,right_fist,11-12,9471
E05_spatial_control,erd_lr,4,85,0,1,0.5074760685773069,12,left_fist,11-12,9472
E05_spatial_control,erd_lr,4,85,0,0,0.31619250479054994,12,left_fist,11-12,9473
E05_spatial_control,erd_lr,4,85,0,1,0.7279864452365876,12,right_fist,11-12,9474
E05_spatial_control,erd_lr,4,85,0,0,0.46142567972167486,12,right_fist,11-12,9475
E05_spatial_control,erd_lr,4,85,0,0,0.43990454095167997,12,left_fist,11-12,9476
E05_spatial_control,erd_lr,4,85,0,1,0.5802004393804012,12,left_fist,11-12,9477
E05_spatial_control,erd_lr,4,85,0,1,0.5380530443208353,12,right_fist,11-12,9478
E05_spatial_control,erd_lr,4,85,0,0,0.300228526979496,12,right_fist,11-12,9479
E05_spatial_control,erd_lr,4,85,1,1,0.5298690199711176,13,both_fists,13-14,9480
E05_spatial_control,erd_lr,4,85,1,1,0.5561584521247409,13,both_fists,13-14,9481
E05_spatial_control,erd_lr,4,85,1,1,0.7446802465499579,13,both_fists,13-14,9482
E05_spatial_control,erd_lr,4,85,1,1,0.6799618879319367,13,both_fists,13-14,9483
E05_spatial_control,erd_lr,4,85,1,1,0.6789390006105934,13,both_fists,13-14,9484
E05_spatial_control,erd_lr,4,85,1,1,0.6449557409827328,13,both_fists,13-14,9485
E05_spatial_control,erd_lr,4,85,0,1,0.6232555652135638,14,both_fists,13-14,9486
E05_spatial_control,erd_lr,4,85,0,1,0.5066225363447405,14,both_feet,13-14,9487
E05_spatial_control,erd_lr,4,85,0,1,0.5432516427875738,14,both_fists,13-14,9488
E05_spatial_control,erd_lr,4,85,0,1,0.6099002251759005,14,both_feet,13-14,9489
E05_spatial_control,erd_lr,4,85,0,0,0.43296471644242523,14,both_feet,13-14,9490
E05_spatial_control,erd_lr,4,85,0,1,0.6082647751565384,14,both_fists,13-14,9491
E05_spatial_control,erd_lr,4,85,0,0,0.41432844873642916,14,both_feet,13-14,9492
E05_spatial_control,erd_lr,4,85,0,1,0.6691203910374756,14,both_fists,13-14,9493
E05_spatial_control,erd_lr,4,85,0,1,0.6058505788621181,14,both_fists,13-14,9494
E05_spatial_control,erd_lr,4,85,0,1,0.562019591500454,14,both_feet,13-14,9495
E05_spatial_control,erd_lr,4,85,0,1,0.5459017279991981,14,both_feet,13-14,9496
E05_spatial_control,erd_lr,4,85,0,1,0.6080274453640973,14,both_fists,13-14,9497
E05_spatial_control,erd_lr,4,85,0,1,0.6502809082068601,14,both_fists,13-14,9498
E05_spatial_control,erd_lr,4,85,0,0,0.41339968850539227,14,both_feet,13-14,9499
E05_spatial_control,erd_lr,4,85,0,0,0.46321008188886625,14,both_fists,13-14,9500
E05_spatial_control,erd_lr,4,86,1,0,0.35650303548460865,3,right_fist,03-04,9501
E05_spatial_control,erd_lr,4,86,1,1,0.7542262933075197,3,left_fist,03-04,9502
E05_spatial_control,erd_lr,4,86,1,1,0.5584380308484883,3,right_fist,03-04,9503
E05_spatial_control,erd_lr,4,86,1,1,0.5697957274478463,3,left_fist,03-04,9504
E05_spatial_control,erd_lr,4,86,1,1,0.5231647279500128,3,right_fist,03-04,9505
E05_spatial_control,erd_lr,4,86,1,0,0.41414048354185595,3,left_fist,03-04,9506
E05_spatial_control,erd_lr,4,86,1,0,0.3787009704288521,3,right_fist,03-04,9507
E05_spatial_control,erd_lr,4,86,1,1,0.6188299710148808,3,left_fist,03-04,9508
E05_spatial_control,erd_lr,4,86,1,0,0.4858558536959071,3,right_fist,03-04,9509
E05_spatial_control,erd_lr,4,86,1,1,0.523659168144998,3,right_fist,03-04,9510
E05_spatial_control,erd_lr,4,86,0,1,0.6519853497314836,4,left_fist,03-04,9511
E05_spatial_control,erd_lr,4,86,0,1,0.6019534734011808,4,left_fist,03-04,9512
E05_spatial_control,erd_lr,4,86,0,1,0.5642965730283762,4,right_fist,03-04,9513
E05_spatial_control,erd_lr,4,86,0,1,0.5518898714241011,4,left_fist,03-04,9514
E05_spatial_control,erd_lr,4,86,0,1,0.5894567512027084,4,right_fist,03-04,9515
E05_spatial_control,erd_lr,4,86,0,0,0.48092896972101445,4,left_fist,03-04,9516
E05_spatial_control,erd_lr,4,86,1,1,0.6606526342205021,5,both_feet,05-06,9517
E05_spatial_control,erd_lr,4,86,1,0,0.49744611142056,5,both_fists,05-06,9518
E05_spatial_control,erd_lr,4,86,1,1,0.5392209145089765,5,both_feet,05-06,9519
E05_spatial_control,erd_lr,4,86,1,0,0.47937482213011784,5,both_feet,05-06,9520
E05_spatial_control,erd_lr,4,86,1,1,0.6004112693918555,5,both_fists,05-06,9521
E05_spatial_control,erd_lr,4,86,1,1,0.5372258483146123,5,both_feet,05-06,9522
E05_spatial_control,erd_lr,4,86,1,0,0.4881905126522247,5,both_feet,05-06,9523
E05_spatial_control,erd_lr,4,86,1,0,0.43503552971128623,5,both_fists,05-06,9524
E05_spatial_control,erd_lr,4,86,0,1,0.5023002081056567,6,both_feet,05-06,9525
E05_spatial_control,erd_lr,4,86,0,1,0.614595369370464,6,both_fists,05-06,9526
E05_spatial_control,erd_lr,4,86,0,1,0.5473584578253368,6,both_fists,05-06,9527
E05_spatial_control,erd_lr,4,86,0,1,0.5996060981658979,6,both_feet,05-06,9528
E05_spatial_control,erd_lr,4,86,0,1,0.5567240967603181,6,both_feet,05-06,9529
E05_spatial_control,erd_lr,4,86,0,1,0.5930176897376657,6,both_fists,05-06,9530
E05_spatial_control,erd_lr,4,86,0,1,0.6561937863476883,6,both_feet,05-06,9531
E05_spatial_control,erd_lr,4,86,0,0,0.4628134229342408,6,both_fists,05-06,9532
E05_spatial_control,erd_lr,4,86,0,0,0.47376235414477624,6,both_feet,05-06,9533
E05_spatial_control,erd_lr,4,86,0,1,0.5793054887408424,6,both_fists,05-06,9534
E05_spatial_control,erd_lr,4,86,0,0,0.4870211288638052,6,both_fists,05-06,9535
E05_spatial_control,erd_lr,4,86,0,1,0.5306420895867585,6,both_feet,05-06,9536
E05_spatial_control,erd_lr,4,86,0,0,0.39162494120670427,6,both_feet,05-06,9537
E05_spatial_control,erd_lr,4,86,1,0,0.4115950219982461,7,right_fist,07-08,9538
E05_spatial_control,erd_lr,4,86,1,1,0.5459459917531128,7,right_fist,07-08,9539
E05_spatial_control,erd_lr,4,86,1,1,0.5372859036240915,7,right_fist,07-08,9540
E05_spatial_control,erd_lr,4,86,1,1,0.6174192271036231,7,left_fist,07-08,9541
E05_spatial_control,erd_lr,4,86,1,1,0.5299508408796901,7,right_fist,07-08,9542
E05_spatial_control,erd_lr,4,86,1,1,0.5810925520195127,7,right_fist,07-08,9543
E05_spatial_control,erd_lr,4,86,1,0,0.4444576235638999,7,left_fist,07-08,9544
E05_spatial_control,erd_lr,4,86,1,0,0.44467443109212457,7,left_fist,07-08,9545
E05_spatial_control,erd_lr,4,86,1,1,0.5393972269294227,7,right_fist,07-08,9546
E05_spatial_control,erd_lr,4,86,1,0,0.4902308659477071,7,left_fist,07-08,9547
E05_spatial_control,erd_lr,4,86,1,0,0.4267225533156455,7,left_fist,07-08,9548
E05_spatial_control,erd_lr,4,86,0,1,0.5767660631545474,8,left_fist,07-08,9549
E05_spatial_control,erd_lr,4,86,0,0,0.4808505611024508,8,right_fist,07-08,9550
E05_spatial_control,erd_lr,4,86,0,1,0.5512573666106139,8,right_fist,07-08,9551
E05_spatial_control,erd_lr,4,86,0,1,0.6854596181311892,8,left_fist,07-08,9552
E05_spatial_control,erd_lr,4,86,0,1,0.5590959332440983,8,right_fist,07-08,9553
E05_spatial_control,erd_lr,4,86,1,0,0.41886244593992095,9,both_fists,09-10,9554
E05_spatial_control,erd_lr,4,86,1,1,0.5351425209101943,9,both_feet,09-10,9555
E05_spatial_control,erd_lr,4,86,1,1,0.6603724516074223,9,both_fists,09-10,9556
E05_spatial_control,erd_lr,4,86,1,0,0.459654734690475,9,both_feet,09-10,9557
E05_spatial_control,erd_lr,4,86,1,1,0.5844185745676448,9,both_feet,09-10,9558
E05_spatial_control,erd_lr,4,86,1,0,0.4464963112279934,9,both_feet,09-10,9559
E05_spatial_control,erd_lr,4,86,1,1,0.5426171965349129,9,both_feet,09-10,9560
E05_spatial_control,erd_lr,4,86,0,0,0.4543873152007753,10,both_fists,09-10,9561
E05_spatial_control,erd_lr,4,86,0,1,0.5752332725421194,10,both_feet,09-10,9562
E05_spatial_control,erd_lr,4,86,0,0,0.43600419494339265,10,both_fists,09-10,9563
E05_spatial_control,erd_lr,4,86,0,1,0.6115277582152616,10,both_feet,09-10,9564
E05_spatial_control,erd_lr,4,86,0,0,0.4428058909283947,10,both_feet,09-10,9565
E05_spatial_control,erd_lr,4,86,0,0,0.4228566823709809,10,both_fists,09-10,9566
E05_spatial_control,erd_lr,4,86,0,0,0.3375639563193035,10,both_feet,09-10,9567
E05_spatial_control,erd_lr,4,86,0,1,0.5295265617688997,10,both_feet,09-10,9568
E05_spatial_control,erd_lr,4,86,0,1,0.5027345759344028,10,both_feet,09-10,9569
E05_spatial_control,erd_lr,4,86,0,0,0.3806014820988765,10,both_fists,09-10,9570
E05_spatial_control,erd_lr,4,86,0,1,0.5215914392153881,10,both_fists,09-10,9571
E05_spatial_control,erd_lr,4,86,0,0,0.38647419516790316,10,both_feet,09-10,9572
E05_spatial_control,erd_lr,4,86,0,0,0.34803738266559814,10,both_feet,09-10,9573
E05_spatial_control,erd_lr,4,86,1,1,0.5310531403473058,11,right_fist,11-12,9574
E05_spatial_control,erd_lr,4,86,1,1,0.5645276049009735,11,left_fist,11-12,9575
E05_spatial_control,erd_lr,4,86,1,0,0.42501329964086093,11,left_fist,11-12,9576
E05_spatial_control,erd_lr,4,86,1,1,0.5836140160443889,11,right_fist,11-12,9577
E05_spatial_control,erd_lr,4,86,1,0,0.4029311988620897,11,right_fist,11-12,9578
E05_spatial_control,erd_lr,4,86,1,0,0.4610977603858478,11,left_fist,11-12,9579
E05_spatial_control,erd_lr,4,86,1,1,0.5639144361931583,11,left_fist,11-12,9580
E05_spatial_control,erd_lr,4,86,1,0,0.4677153226194068,11,right_fist,11-12,9581
E05_spatial_control,erd_lr,4,86,1,1,0.5289994152459038,11,right_fist,11-12,9582
E05_spatial_control,erd_lr,4,86,1,1,0.5160751639386612,11,left_fist,11-12,9583
E05_spatial_control,erd_lr,4,86,1,0,0.4238320596551841,11,left_fist,11-12,9584
E05_spatial_control,erd_lr,4,86,1,0,0.4152565726257788,11,right_fist,11-12,9585
E05_spatial_control,erd_lr,4,86,1,0,0.44813928087309723,11,right_fist,11-12,9586
E05_spatial_control,erd_lr,4,86,0,0,0.4960039795051044,12,right_fist,11-12,9587
E05_spatial_control,erd_lr,4,86,0,0,0.49156062384798366,12,left_fist,11-12,9588
E05_spatial_control,erd_lr,4,86,0,0,0.4353448686099208,12,left_fist,11-12,9589
E05_spatial_control,erd_lr,4,86,0,0,0.4577659955162333,12,right_fist,11-12,9590
E05_spatial_control,erd_lr,4,86,0,0,0.47434647481969755,12,right_fist,11-12,9591
E05_spatial_control,erd_lr,4,86,0,0,0.3920591695476248,12,left_fist,11-12,9592
E05_spatial_control,erd_lr,4,86,0,0,0.4846816081548699,12,left_fist,11-12,9593
E05_spatial_control,erd_lr,4,86,0,1,0.578816556857222,12,right_fist,11-12,9594
E05_spatial_control,erd_lr,4,86,0,1,0.5738014835918622,12,right_fist,11-12,9595
E05_spatial_control,erd_lr,4,86,0,0,0.34686888088697837,12,left_fist,11-12,9596
E05_spatial_control,erd_lr,4,86,0,0,0.4130699867292844,12,right_fist,11-12,9597
E05_spatial_control,erd_lr,4,86,0,0,0.4193692273282118,12,left_fist,11-12,9598
E05_spatial_control,erd_lr,4,86,0,1,0.602659942349464,12,left_fist,11-12,9599
E05_spatial_control,erd_lr,4,86,0,1,0.5044268519650154,12,right_fist,11-12,9600
E05_spatial_control,erd_lr,4,86,0,1,0.5084199809245387,12,right_fist,11-12,9601
E05_spatial_control,erd_lr,4,86,1,0,0.3553850091729123,13,both_fists,13-14,9602
E05_spatial_control,erd_lr,4,86,1,1,0.5301118679855528,13,both_feet,13-14,9603
E05_spatial_control,erd_lr,4,86,1,0,0.46870304172904903,13,both_feet,13-14,9604
E05_spatial_control,erd_lr,4,86,1,1,0.5320479786957256,13,both_fists,13-14,9605
E05_spatial_control,erd_lr,4,86,1,1,0.6584975459470016,13,both_fists,13-14,9606
E05_spatial_control,erd_lr,4,86,1,0,0.48241364773426115,13,both_feet,13-14,9607
E05_spatial_control,erd_lr,4,86,1,0,0.4731600688067364,13,both_fists,13-14,9608
E05_spatial_control,erd_lr,4,86,1,1,0.5563807578377046,13,both_feet,13-14,9609
E05_spatial_control,erd_lr,4,86,1,0,0.4735476003310056,13,both_fists,13-14,9610
E05_spatial_control,erd_lr,4,86,1,1,0.5418281929754354,13,both_fists,13-14,9611
E05_spatial_control,erd_lr,4,86,1,0,0.4731982349159174,13,both_feet,13-14,9612
E05_spatial_control,erd_lr,4,86,1,1,0.52053581410805,13,both_feet,13-14,9613
E05_spatial_control,erd_lr,4,86,1,1,0.5805684114376143,13,both_feet,13-14,9614
E05_spatial_control,erd_lr,4,86,0,1,0.675929899041331,14,both_feet,13-14,9615
E05_spatial_control,erd_lr,4,86,0,0,0.46145075085355913,14,both_fists,13-14,9616
E05_spatial_control,erd_lr,4,86,0,1,0.5255767982631636,14,both_feet,13-14,9617
E05_spatial_control,erd_lr,4,86,0,0,0.46114113403017465,14,both_fists,13-14,9618
E05_spatial_control,erd_lr,4,86,0,1,0.502994411753615,14,both_feet,13-14,9619
E05_spatial_control,erd_lr,4,86,0,1,0.5350539583248444,14,both_fists,13-14,9620
E05_spatial_control,erd_lr,4,86,0,1,0.6269382123168734,14,both_fists,13-14,9621
E05_spatial_control,erd_lr,4,86,0,1,0.5532440190074509,14,both_feet,13-14,9622
E05_spatial_control,erd_lr,4,86,0,0,0.47458411590443433,14,both_fists,13-14,9623
E05_spatial_control,erd_lr,4,86,0,0,0.4936825823298909,14,both_feet,13-14,9624
E05_spatial_control,erd_lr,4,86,0,0,0.4136517164781448,14,both_feet,13-14,9625
E05_spatial_control,erd_lr,4,86,0,0,0.4780291530891558,14,both_fists,13-14,9626
E05_spatial_control,erd_lr,4,86,0,0,0.4969400621461243,14,both_fists,13-14,9627
E05_spatial_control,erd_lr,4,86,0,1,0.6857712854545246,14,both_feet,13-14,9628
E05_spatial_control,erd_lr,4,86,0,0,0.4529085959874132,14,both_feet,13-14,9629
E05_spatial_control,erd_lr,4,97,1,1,0.7508846362688716,3,left_fist,03-04,10579
E05_spatial_control,erd_lr,4,97,1,0,0.3777377468455871,3,left_fist,03-04,10580
E05_spatial_control,erd_lr,4,97,1,1,0.5417309391747359,3,right_fist,03-04,10581
E05_spatial_control,erd_lr,4,97,1,0,0.4054056842957286,3,left_fist,03-04,10582
E05_spatial_control,erd_lr,4,97,1,1,0.6745487560571554,3,right_fist,03-04,10583
E05_spatial_control,erd_lr,4,97,1,1,0.6212717020037273,3,left_fist,03-04,10584
E05_spatial_control,erd_lr,4,97,1,1,0.5431803896195145,3,left_fist,03-04,10585
E05_spatial_control,erd_lr,4,97,1,0,0.33732009306120764,3,right_fist,03-04,10586
E05_spatial_control,erd_lr,4,97,1,0,0.4996636473381407,3,left_fist,03-04,10587
E05_spatial_control,erd_lr,4,97,1,1,0.5876221906923509,3,right_fist,03-04,10588
E05_spatial_control,erd_lr,4,97,1,0,0.4922641509660985,3,left_fist,03-04,10589
E05_spatial_control,erd_lr,4,97,1,1,0.6596060391245401,3,right_fist,03-04,10590
E05_spatial_control,erd_lr,4,97,1,0,0.44451922667849214,3,right_fist,03-04,10591
E05_spatial_control,erd_lr,4,97,0,0,0.4223567284944215,4,right_fist,03-04,10592
E05_spatial_control,erd_lr,4,97,0,0,0.4393386197987038,4,right_fist,03-04,10593
E05_spatial_control,erd_lr,4,97,0,1,0.5160670129107936,4,left_fist,03-04,10594
E05_spatial_control,erd_lr,4,97,0,0,0.40819735639654947,4,left_fist,03-04,10595
E05_spatial_control,erd_lr,4,97,0,1,0.5784348615989865,4,right_fist,03-04,10596
E05_spatial_control,erd_lr,4,97,0,1,0.5332676256916766,4,left_fist,03-04,10597
E05_spatial_control,erd_lr,4,97,0,0,0.47954911756125734,4,left_fist,03-04,10598
E05_spatial_control,erd_lr,4,97,0,1,0.5806647217792793,4,right_fist,03-04,10599
E05_spatial_control,erd_lr,4,97,0,0,0.2546995514426898,4,right_fist,03-04,10600
E05_spatial_control,erd_lr,4,97,0,0,0.4484370969001396,4,left_fist,03-04,10601
E05_spatial_control,erd_lr,4,97,0,0,0.3503527099062359,4,right_fist,03-04,10602
E05_spatial_control,erd_lr,4,97,0,1,0.5877723847055821,4,left_fist,03-04,10603
E05_spatial_control,erd_lr,4,97,0,0,0.34900598403318894,4,left_fist,03-04,10604
E05_spatial_control,erd_lr,4,97,1,0,0.4052560711524713,5,both_fists,05-06,10605
E05_spatial_control,erd_lr,4,97,1,0,0.43228338214532125,5,both_feet,05-06,10606
E05_spatial_control,erd_lr,4,97,1,0,0.3022021007303752,5,both_fists,05-06,10607
E05_spatial_control,erd_lr,4,97,1,1,0.6222743857037856,5,both_feet,05-06,10608
E05_spatial_control,erd_lr,4,97,1,0,0.3998624521840696,5,both_fists,05-06,10609
E05_spatial_control,erd_lr,4,97,1,1,0.5714181495834251,5,both_feet,05-06,10610
E05_spatial_control,erd_lr,4,97,1,0,0.39904512519249047,5,both_feet,05-06,10611
E05_spatial_control,erd_lr,4,97,1,1,0.5650282022608658,5,both_fists,05-06,10612
E05_spatial_control,erd_lr,4,97,1,1,0.7642681418586613,5,both_fists,05-06,10613
E05_spatial_control,erd_lr,4,97,1,1,0.6387881499306554,5,both_feet,05-06,10614
E05_spatial_control,erd_lr,4,97,1,1,0.6737499356366768,5,both_feet,05-06,10615
E05_spatial_control,erd_lr,4,97,1,1,0.6815929334616926,5,both_fists,05-06,10616
E05_spatial_control,erd_lr,4,97,0,0,0.3088122113065719,6,both_feet,05-06,10617
E05_spatial_control,erd_lr,4,97,0,1,0.6612750179544848,6,both_fists,05-06,10618
E05_spatial_control,erd_lr,4,97,0,1,0.5940300719509524,6,both_fists,05-06,10619
E05_spatial_control,erd_lr,4,97,0,1,0.550655936627306,6,both_feet,05-06,10620
E05_spatial_control,erd_lr,4,97,0,0,0.27667423767480803,6,both_fists,05-06,10621
E05_spatial_control,erd_lr,4,97,0,1,0.6658687430402894,6,both_feet,05-06,10622
E05_spatial_control,erd_lr,4,97,0,1,0.5970635198635286,6,both_fists,05-06,10623
E05_spatial_control,erd_lr,4,97,0,1,0.6821472391505891,6,both_feet,05-06,10624
E05_spatial_control,erd_lr,4,97,0,0,0.39967887996636353,6,both_fists,05-06,10625
E05_spatial_control,erd_lr,4,97,0,0,0.439541815415208,6,both_feet,05-06,10626
E05_spatial_control,erd_lr,4,97,0,0,0.49339724943635904,6,both_fists,05-06,10627
E05_spatial_control,erd_lr,4,97,0,0,0.19772705575071858,6,both_feet,05-06,10628
E05_spatial_control,erd_lr,4,97,0,1,0.6623776019839959,6,both_fists,05-06,10629
E05_spatial_control,erd_lr,4,97,1,0,0.4148359843726401,7,left_fist,07-08,10630
E05_spatial_control,erd_lr,4,97,1,1,0.6070044320840396,7,right_fist,07-08,10631
E05_spatial_control,erd_lr,4,97,1,1,0.6602064734120168,7,right_fist,07-08,10632
E05_spatial_control,erd_lr,4,97,1,1,0.6577878716265254,7,left_fist,07-08,10633
E05_spatial_control,erd_lr,4,97,1,0,0.3486332339656963,7,right_fist,07-08,10634
E05_spatial_control,erd_lr,4,97,1,1,0.5901224093305473,7,left_fist,07-08,10635
E05_spatial_control,erd_lr,4,97,1,0,0.4089791616346533,7,right_fist,07-08,10636
E05_spatial_control,erd_lr,4,97,1,1,0.5050087499948713,7,right_fist,07-08,10637
E05_spatial_control,erd_lr,4,97,1,1,0.541368860846579,7,left_fist,07-08,10638
E05_spatial_control,erd_lr,4,97,1,1,0.6268624133324349,7,right_fist,07-08,10639
E05_spatial_control,erd_lr,4,97,1,1,0.5543202256852316,7,right_fist,07-08,10640
E05_spatial_control,erd_lr,4,97,1,1,0.5342038378245085,7,left_fist,07-08,10641
E05_spatial_control,erd_lr,4,97,1,0,0.39573126350791177,7,left_fist,07-08,10642
E05_spatial_control,erd_lr,4,97,0,0,0.378747696880117,8,right_fist,07-08,10643
E05_spatial_control,erd_lr,4,97,0,1,0.6713046271690407,8,right_fist,07-08,10644
E05_spatial_control,erd_lr,4,97,0,0,0.41814562220912055,8,left_fist,07-08,10645
E05_spatial_control,erd_lr,4,97,0,1,0.6231838600818925,8,right_fist,07-08,10646
E05_spatial_control,erd_lr,4,97,0,0,0.47990455760104206,8,left_fist,07-08,10647
E05_spatial_control,erd_lr,4,97,0,0,0.49676445322114643,8,right_fist,07-08,10648
E05_spatial_control,erd_lr,4,97,0,0,0.4155911075215909,8,left_fist,07-08,10649
E05_spatial_control,erd_lr,4,97,0,0,0.4131589637633073,8,right_fist,07-08,10650
E05_spatial_control,erd_lr,4,97,0,0,0.47885988954400366,8,left_fist,07-08,10651
E05_spatial_control,erd_lr,4,97,0,0,0.46676575739336545,8,left_fist,07-08,10652
E05_spatial_control,erd_lr,4,97,0,0,0.44909118789483576,8,right_fist,07-08,10653
E05_spatial_control,erd_lr,4,97,0,1,0.5278391054015813,8,left_fist,07-08,10654
E05_spatial_control,erd_lr,4,97,0,0,0.36206596911864686,8,right_fist,07-08,10655
E05_spatial_control,erd_lr,4,97,0,0,0.34405153554335677,8,right_fist,07-08,10656
E05_spatial_control,erd_lr,4,97,1,1,0.5657434131593949,9,both_feet,09-10,10657
E05_spatial_control,erd_lr,4,97,1,1,0.5174706972857868,9,both_feet,09-10,10658
E05_spatial_control,erd_lr,4,97,1,1,0.5343925193434771,9,both_feet,09-10,10659
E05_spatial_control,erd_lr,4,97,1,0,0.21444023320279523,9,both_feet,09-10,10660
E05_spatial_control,erd_lr,4,97,1,1,0.5540294122687452,9,both_fists,09-10,10661
E05_spatial_control,erd_lr,4,97,1,1,0.6283983070480204,9,both_feet,09-10,10662
E05_spatial_control,erd_lr,4,97,0,0,0.47973629435263004,10,both_feet,09-10,10663
E05_spatial_control,erd_lr,4,97,0,1,0.5006073555398501,10,both_fists,09-10,10664
E05_spatial_control,erd_lr,4,97,0,0,0.40946744227418785,10,both_fists,09-10,10665
E05_spatial_control,erd_lr,4,97,0,1,0.597920211345206,10,both_feet,09-10,10666
E05_spatial_control,erd_lr,4,97,0,0,0.47394655600975527,10,both_feet,09-10,10667
E05_spatial_control,erd_lr,4,97,0,1,0.5579338938407188,10,both_fists,09-10,10668
E05_spatial_control,erd_lr,4,97,0,1,0.5244299450615864,10,both_fists,09-10,10669
E05_spatial_control,erd_lr,4,97,0,0,0.417910264115304,10,both_feet,09-10,10670
E05_spatial_control,erd_lr,4,97,0,0,0.2926018412488744,10,both_feet,09-10,10671
E05_spatial_control,erd_lr,4,97,0,0,0.45641338959372607,10,both_feet,09-10,10672
E05_spatial_control,erd_lr,4,97,0,1,0.5099912494555129,10,both_fists,09-10,10673
E05_spatial_control,erd_lr,4,97,0,0,0.41398979763906973,10,both_feet,09-10,10674
E05_spatial_control,erd_lr,4,97,0,1,0.6731903714958455,10,both_fists,09-10,10675
E05_spatial_control,erd_lr,4,97,1,1,0.583898474743021,11,left_fist,11-12,10676
E05_spatial_control,erd_lr,4,97,1,0,0.4903985962509513,11,right_fist,11-12,10677
E05_spatial_control,erd_lr,4,97,1,1,0.5529660087756374,11,right_fist,11-12,10678
E05_spatial_control,erd_lr,4,97,1,1,0.5211771583166346,11,left_fist,11-12,10679
E05_spatial_control,erd_lr,4,97,1,1,0.5518854869556419,11,left_fist,11-12,10680
E05_spatial_control,erd_lr,4,97,1,1,0.5602709574402344,11,left_fist,11-12,10681
E05_spatial_control,erd_lr,4,97,1,1,0.5633993170297751,11,right_fist,11-12,10682
E05_spatial_control,erd_lr,4,97,1,1,0.5512118330667752,11,left_fist,11-12,10683
E05_spatial_control,erd_lr,4,97,1,1,0.5928641074915912,11,right_fist,11-12,10684
E05_spatial_control,erd_lr,4,97,0,0,0.48327593304903177,12,right_fist,11-12,10685
E05_spatial_control,erd_lr,4,97,0,0,0.3482497687043687,12,left_fist,11-12,10686
E05_spatial_control,erd_lr,4,97,0,0,0.48442188256225105,12,right_fist,11-12,10687
E05_spatial_control,erd_lr,4,97,1,1,0.5094854410552448,13,both_fists,13-14,10688
E05_spatial_control,erd_lr,4,97,1,1,0.5926215039565964,13,both_fists,13-14,10689
E05_spatial_control,erd_lr,4,97,1,1,0.6521413336293465,13,both_feet,13-14,10690
E05_spatial_control,erd_lr,4,97,1,1,0.5989054647526849,13,both_fists,13-14,10691
E05_spatial_control,erd_lr,4,97,1,0,0.26290949635580707,13,both_feet,13-14,10692
E05_spatial_control,erd_lr,4,97,1,1,0.5929011561822396,13,both_feet,13-14,10693
E05_spatial_control,erd_lr,4,97,1,1,0.7717182475003973,13,both_feet,13-14,10694
E05_spatial_control,erd_lr,4,97,1,1,0.5024436703707571,13,both_fists,13-14,10695
E05_spatial_control,erd_lr,4,97,1,1,0.6885866306344332,13,both_feet,13-14,10696
E05_spatial_control,erd_lr,4,97,1,1,0.5693200985130821,13,both_fists,13-14,10697
E05_spatial_control,erd_lr,4,97,0,0,0.4881211219394625,14,both_feet,13-14,10698
E05_spatial_control,erd_lr,4,97,0,1,0.6890195828767923,14,both_fists,13-14,10699
E05_spatial_control,erd_lr,4,97,0,1,0.6068067851404373,14,both_fists,13-14,10700
E05_spatial_control,erd_lr,4,97,0,1,0.6663642062999723,14,both_feet,13-14,10701
E05_spatial_control,erd_lr,4,97,0,0,0.3433237880151018,14,both_fists,13-14,10702
E05_spatial_control,erd_lr,4,97,0,1,0.6388880479348465,14,both_feet,13-14,10703
E05_spatial_control,erd_lr,4,97,0,0,0.421033660412769,14,both_fists,13-14,10704
E05_spatial_control,erd_lr,4,97,0,0,0.47081400868383094,14,both_feet,13-14,10705
E05_spatial_control,erd_lr,4,97,0,0,0.42715279074759044,14,both_feet,13-14,10706
E05_spatial_control,erd_lr,4,97,0,1,0.5114662870626372,14,both_fists,13-14,10707
E05_spatial_control,erd_lr,4,97,0,0,0.26709337488972307,14,both_feet,13-14,10708
E05_spatial_control,erd_lr,4,97,0,0,0.3944145479725541,14,both_fists,13-14,10709
E05_spatial_control,erd_lr,4,97,0,0,0.436575461366219,14,both_fists,13-14,10710
E05_spatial_control,erd_lr,4,97,0,0,0.39589126209583275,14,both_feet,13-14,10711
E05_spatial_control,erd_lr,4,97,0,0,0.3352744746874645,14,both_fists,13-14,10712
E05_spatial_control,erd_lr,4,101,1,1,0.5830271204695578,3,right_fist,03-04,10893
E05_spatial_control,erd_lr,4,101,1,0,0.4619093343683524,3,left_fist,03-04,10894
E05_spatial_control,erd_lr,4,101,1,0,0.46262155217546713,3,right_fist,03-04,10895
E05_spatial_control,erd_lr,4,101,1,0,0.4453122595510881,3,left_fist,03-04,10896
E05_spatial_control,erd_lr,4,101,1,0,0.4158547154917156,3,right_fist,03-04,10897
E05_spatial_control,erd_lr,4,101,1,0,0.47362291264309975,3,right_fist,03-04,10898
E05_spatial_control,erd_lr,4,101,1,0,0.4562785699012682,3,left_fist,03-04,10899
E05_spatial_control,erd_lr,4,101,1,0,0.3969103266798028,3,right_fist,03-04,10900
E05_spatial_control,erd_lr,4,101,1,1,0.5260925802509545,3,right_fist,03-04,10901
E05_spatial_control,erd_lr,4,101,1,1,0.5328787098090632,3,left_fist,03-04,10902
E05_spatial_control,erd_lr,4,101,1,0,0.3406747741691821,3,right_fist,03-04,10903
E05_spatial_control,erd_lr,4,101,1,1,0.6791499744957614,3,left_fist,03-04,10904
E05_spatial_control,erd_lr,4,101,0,1,0.5065979511268646,4,left_fist,03-04,10905
E05_spatial_control,erd_lr,4,101,0,0,0.35020138615257995,4,right_fist,03-04,10906
E05_spatial_control,erd_lr,4,101,0,0,0.4727348602647865,4,right_fist,03-04,10907
E05_spatial_control,erd_lr,4,101,0,0,0.4643590762314412,4,left_fist,03-04,10908
E05_spatial_control,erd_lr,4,101,0,0,0.31828543971374945,4,right_fist,03-04,10909
E05_spatial_control,erd_lr,4,101,0,0,0.38597919413131115,4,left_fist,03-04,10910
E05_spatial_control,erd_lr,4,101,0,0,0.47491834336335176,4,left_fist,03-04,10911
E05_spatial_control,erd_lr,4,101,0,0,0.42883831598085814,4,right_fist,03-04,10912
E05_spatial_control,erd_lr,4,101,0,1,0.6591406497727463,4,left_fist,03-04,10913
E05_spatial_control,erd_lr,4,101,0,0,0.4249038548640872,4,left_fist,03-04,10914
E05_spatial_control,erd_lr,4,101,0,0,0.4478484447789224,4,right_fist,03-04,10915
E05_spatial_control,erd_lr,4,101,0,0,0.4616986092409489,4,right_fist,03-04,10916
E05_spatial_control,erd_lr,4,101,0,0,0.45390599631597806,4,left_fist,03-04,10917
E05_spatial_control,erd_lr,4,101,0,0,0.476922404982207,4,left_fist,03-04,10918
E05_spatial_control,erd_lr,4,101,1,1,0.7094844645403475,5,both_fists,05-06,10919
E05_spatial_control,erd_lr,4,101,1,0,0.48358909189806976,5,both_feet,05-06,10920
E05_spatial_control,erd_lr,4,101,1,1,0.5255269938528577,5,both_feet,05-06,10921
E05_spatial_control,erd_lr,4,101,1,1,0.5048745352899476,5,both_fists,05-06,10922
E05_spatial_control,erd_lr,4,101,1,0,0.27713121459901796,5,both_fists,05-06,10923
E05_spatial_control,erd_lr,4,101,1,1,0.5836577814268586,5,both_feet,05-06,10924
E05_spatial_control,erd_lr,4,101,1,0,0.49614199834716943,5,both_fists,05-06,10925
E05_spatial_control,erd_lr,4,101,1,0,0.4261044201476044,5,both_feet,05-06,10926
E05_spatial_control,erd_lr,4,101,1,1,0.5529004710127404,5,both_fists,05-06,10927
E05_spatial_control,erd_lr,4,101,1,0,0.43661229722587486,5,both_feet,05-06,10928
E05_spatial_control,erd_lr,4,101,1,1,0.5769795983496169,5,both_fists,05-06,10929
E05_spatial_control,erd_lr,4,101,1,1,0.5720818514349904,5,both_fists,05-06,10930
E05_spatial_control,erd_lr,4,101,1,0,0.449387056977672,5,both_feet,05-06,10931
E05_spatial_control,erd_lr,4,101,1,1,0.5413787345121865,5,both_fists,05-06,10932
E05_spatial_control,erd_lr,4,101,0,0,0.45520015017838283,6,both_fists,05-06,10933
E05_spatial_control,erd_lr,4,101,0,0,0.48019644637086567,6,both_feet,05-06,10934
E05_spatial_control,erd_lr,4,101,0,0,0.4442096966431002,6,both_fists,05-06,10935
E05_spatial_control,erd_lr,4,101,0,0,0.4385029174978677,6,both_feet,05-06,10936
E05_spatial_control,erd_lr,4,101,0,0,0.47874384642662676,6,both_feet,05-06,10937
E05_spatial_control,erd_lr,4,101,0,0,0.46688202345949387,6,both_fists,05-06,10938
E05_spatial_control,erd_lr,4,101,0,0,0.4133555112911362,6,both_fists,05-06,10939
E05_spatial_control,erd_lr,4,101,0,0,0.35400869083121245,6,both_feet,05-06,10940
E05_spatial_control,erd_lr,4,101,0,0,0.42860501593435657,6,both_fists,05-06,10941
E05_spatial_control,erd_lr,4,101,0,0,0.4091714765298001,6,both_feet,05-06,10942
E05_spatial_control,erd_lr,4,101,0,0,0.4732424668227031,6,both_feet,05-06,10943
E05_spatial_control,erd_lr,4,101,0,0,0.4569674558083809,6,both_fists,05-06,10944
E05_spatial_control,erd_lr,4,101,0,0,0.36836634142506924,6,both_fists,05-06,10945
E05_spatial_control,erd_lr,4,101,0,0,0.4276789139916253,6,both_feet,05-06,10946
E05_spatial_control,erd_lr,4,101,0,0,0.4081356843258683,6,both_fists,05-06,10947
E05_spatial_control,erd_lr,4,101,1,1,0.5984285334143848,7,left_fist,07-08,10948
E05_spatial_control,erd_lr,4,101,1,1,0.6091156599349268,7,left_fist,07-08,10949
E05_spatial_control,erd_lr,4,101,1,1,0.7425772204067069,7,right_fist,07-08,10950
E05_spatial_control,erd_lr,4,101,1,0,0.44304170452178127,7,right_fist,07-08,10951
E05_spatial_control,erd_lr,4,101,1,0,0.4896736645302556,7,left_fist,07-08,10952
E05_spatial_control,erd_lr,4,101,1,1,0.5172260732605286,7,left_fist,07-08,10953
E05_spatial_control,erd_lr,4,101,1,0,0.45071106706453623,7,right_fist,07-08,10954
E05_spatial_control,erd_lr,4,101,1,0,0.34794917353575316,7,left_fist,07-08,10955
E05_spatial_control,erd_lr,4,101,1,1,0.6160345269858144,7,right_fist,07-08,10956
E05_spatial_control,erd_lr,4,101,1,0,0.45731769693227314,7,left_fist,07-08,10957
E05_spatial_control,erd_lr,4,101,1,0,0.4641671770960192,7,left_fist,07-08,10958
E05_spatial_control,erd_lr,4,101,1,1,0.5734118087156117,7,right_fist,07-08,10959
E05_spatial_control,erd_lr,4,101,1,1,0.6224094026414878,7,right_fist,07-08,10960
E05_spatial_control,erd_lr,4,101,0,0,0.3992294441950787,8,right_fist,07-08,10961
E05_spatial_control,erd_lr,4,101,0,0,0.4517162956037405,8,left_fist,07-08,10962
E05_spatial_control,erd_lr,4,101,0,0,0.4704236620647147,8,left_fist,07-08,10963
E05_spatial_control,erd_lr,4,101,0,0,0.34159392705443453,8,right_fist,07-08,10964
E05_spatial_control,erd_lr,4,101,0,0,0.44278441478245356,8,right_fist,07-08,10965
E05_spatial_control,erd_lr,4,101,0,1,0.502986654556239,8,left_fist,07-08,10966
E05_spatial_control,erd_lr,4,101,0,1,0.5125058778930641,8,left_fist,07-08,10967
E05_spatial_control,erd_lr,4,101,0,0,0.3486480084867341,8,right_fist,07-08,10968
E05_spatial_control,erd_lr,4,101,0,0,0.4032548918790176,8,right_fist,07-08,10969
E05_spatial_control,erd_lr,4,101,0,1,0.5194023812205615,8,left_fist,07-08,10970
E05_spatial_control,erd_lr,4,101,0,0,0.4264875781557541,8,right_fist,07-08,10971
E05_spatial_control,erd_lr,4,101,0,0,0.3652914488414686,8,left_fist,07-08,10972
E05_spatial_control,erd_lr,4,101,0,1,0.6320557119878315,8,right_fist,07-08,10973
E05_spatial_control,erd_lr,4,101,0,0,0.4069905428011532,8,left_fist,07-08,10974
E05_spatial_control,erd_lr,4,101,0,0,0.43237955177686715,8,right_fist,07-08,10975
E05_spatial_control,erd_lr,4,101,1,1,0.5905765208225757,9,both_fists,09-10,10976
E05_spatial_control,erd_lr,4,101,1,1,0.5074412791566613,9,both_feet,09-10,10977
E05_spatial_control,erd_lr,4,101,1,0,0.44149509720520375,9,both_fists,09-10,10978
E05_spatial_control,erd_lr,4,101,1,1,0.520567399042378,9,both_feet,09-10,10979
E05_spatial_control,erd_lr,4,101,1,1,0.5122318971158102,9,both_feet,09-10,10980
E05_spatial_control,erd_lr,4,101,1,0,0.42029633570140223,9,both_fists,09-10,10981
E05_spatial_control,erd_lr,4,101,1,1,0.6309500891925824,9,both_fists,09-10,10982
E05_spatial_control,erd_lr,4,101,1,1,0.5271764147958752,9,both_feet,09-10,10983
E05_spatial_control,erd_lr,4,101,1,1,0.6443102296813733,9,both_fists,09-10,10984
E05_spatial_control,erd_lr,4,101,1,1,0.5094984320136587,9,both_feet,09-10,10985
E05_spatial_control,erd_lr,4,101,1,0,0.37762484531504964,9,both_fists,09-10,10986
E05_spatial_control,erd_lr,4,101,1,1,0.6623383815365838,9,both_feet,09-10,10987
E05_spatial_control,erd_lr,4,101,1,0,0.4755615212062863,9,both_feet,09-10,10988
E05_spatial_control,erd_lr,4,101,0,1,0.5484267315367801,10,both_fists,09-10,10989
E05_spatial_control,erd_lr,4,101,0,0,0.4631408841432031,10,both_feet,09-10,10990
E05_spatial_control,erd_lr,4,101,0,0,0.31132472252379395,10,both_fists,09-10,10991
E05_spatial_control,erd_lr,4,101,0,0,0.43249349758277195,10,both_feet,09-10,10992
E05_spatial_control,erd_lr,4,101,0,0,0.3846453318768489,10,both_feet,09-10,10993
E05_spatial_control,erd_lr,4,101,0,0,0.39623023508176874,10,both_fists,09-10,10994
E05_spatial_control,erd_lr,4,101,0,0,0.32164881044784555,10,both_fists,09-10,10995
E05_spatial_control,erd_lr,4,101,0,0,0.4543899617659389,10,both_feet,09-10,10996
E05_spatial_control,erd_lr,4,101,0,0,0.4562718396160445,10,both_feet,09-10,10997
E05_spatial_control,erd_lr,4,101,0,0,0.25876199501953356,10,both_fists,09-10,10998
E05_spatial_control,erd_lr,4,101,0,0,0.43516597895851095,10,both_fists,09-10,10999
E05_spatial_control,erd_lr,4,101,0,0,0.4612417390021872,10,both_feet,09-10,11000
E05_spatial_control,erd_lr,4,101,0,0,0.4365621303000842,10,both_fists,09-10,11001
E05_spatial_control,erd_lr,4,101,0,0,0.38977869821621075,10,both_feet,09-10,11002
E05_spatial_control,erd_lr,4,101,0,0,0.3643200019799801,10,both_fists,09-10,11003
E05_spatial_control,erd_lr,4,101,1,1,0.5301531681308814,11,left_fist,11-12,11004
E05_spatial_control,erd_lr,4,101,1,0,0.454137763549842,11,right_fist,11-12,11005
E05_spatial_control,erd_lr,4,101,1,1,0.6783064364494574,11,right_fist,11-12,11006
E05_spatial_control,erd_lr,4,101,1,1,0.5859180690001883,11,left_fist,11-12,11007
E05_spatial_control,erd_lr,4,101,1,1,0.5183081713143146,11,right_fist,11-12,11008
E05_spatial_control,erd_lr,4,101,1,1,0.6639895478626173,11,left_fist,11-12,11009
E05_spatial_control,erd_lr,4,101,1,0,0.4867005890165436,11,left_fist,11-12,11010
E05_spatial_control,erd_lr,4,101,1,0,0.35671942033402165,11,right_fist,11-12,11011
E05_spatial_control,erd_lr,4,101,1,0,0.499451915461134,11,left_fist,11-12,11012
E05_spatial_control,erd_lr,4,101,1,1,0.6537485523197052,11,right_fist,11-12,11013
E05_spatial_control,erd_lr,4,101,1,1,0.5672600338674246,11,left_fist,11-12,11014
E05_spatial_control,erd_lr,4,101,1,1,0.5332790942227627,11,right_fist,11-12,11015
E05_spatial_control,erd_lr,4,101,1,0,0.4827524251289603,11,left_fist,11-12,11016
E05_spatial_control,erd_lr,4,101,0,0,0.30744745491975584,12,left_fist,11-12,11017
E05_spatial_control,erd_lr,4,101,0,0,0.47958417003643083,12,right_fist,11-12,11018
E05_spatial_control,erd_lr,4,101,0,1,0.511875621845225,12,left_fist,11-12,11019
E05_spatial_control,erd_lr,4,101,0,0,0.463750008700321,12,right_fist,11-12,11020
E05_spatial_control,erd_lr,4,101,0,0,0.455642574798319,12,right_fist,11-12,11021
E05_spatial_control,erd_lr,4,101,0,0,0.3519305945476404,12,left_fist,11-12,11022
E05_spatial_control,erd_lr,4,101,0,0,0.40196922385030565,12,right_fist,11-12,11023
E05_spatial_control,erd_lr,4,101,0,0,0.42544054690426514,12,left_fist,11-12,11024
E05_spatial_control,erd_lr,4,101,0,1,0.5134856545894336,12,right_fist,11-12,11025
E05_spatial_control,erd_lr,4,101,0,1,0.5050518164119746,12,left_fist,11-12,11026
E05_spatial_control,erd_lr,4,101,0,0,0.4092138035228159,12,right_fist,11-12,11027
E05_spatial_control,erd_lr,4,101,0,1,0.5323169069436495,12,left_fist,11-12,11028
E05_spatial_control,erd_lr,4,101,0,1,0.5366544427731061,12,left_fist,11-12,11029
E05_spatial_control,erd_lr,4,101,0,0,0.422063972223164,12,right_fist,11-12,11030
E05_spatial_control,erd_lr,4,101,0,0,0.47727302259233323,12,right_fist,11-12,11031
E05_spatial_control,erd_lr,4,101,1,0,0.47443213222537955,13,both_feet,13-14,11032
E05_spatial_control,erd_lr,4,101,1,1,0.5761935336470532,13,both_fists,13-14,11033
E05_spatial_control,erd_lr,4,101,1,1,0.5668706778878604,13,both_feet,13-14,11034
E05_spatial_control,erd_lr,4,101,1,0,0.47596283117796556,13,both_fists,13-14,11035
E05_spatial_control,erd_lr,4,101,1,0,0.4294716104211833,13,both_feet,13-14,11036
E05_spatial_control,erd_lr,4,101,1,0,0.4626165555857505,13,both_fists,13-14,11037
E05_spatial_control,erd_lr,4,101,1,1,0.5027743913020185,13,both_feet,13-14,11038
E05_spatial_control,erd_lr,4,101,1,0,0.4164257763592023,13,both_feet,13-14,11039
E05_spatial_control,erd_lr,4,101,1,1,0.690608687537692,13,both_feet,13-14,11040
E05_spatial_control,erd_lr,4,101,1,0,0.31116113519735233,13,both_fists,13-14,11041
E05_spatial_control,erd_lr,4,101,1,1,0.5238716290277955,13,both_fists,13-14,11042
E05_spatial_control,erd_lr,4,101,1,0,0.4457318548327518,13,both_feet,13-14,11043
E05_spatial_control,erd_lr,4,101,1,0,0.4256206462481291,13,both_feet,13-14,11044
E05_spatial_control,erd_lr,4,101,0,0,0.422005715122964,14,both_feet,13-14,11045
E05_spatial_control,erd_lr,4,101,0,0,0.39685903088537455,14,both_fists,13-14,11046
E05_spatial_control,erd_lr,4,101,0,1,0.5418789600880094,14,both_feet,13-14,11047
E05_spatial_control,erd_lr,4,101,0,1,0.5218094570585123,14,both_fists,13-14,11048
E05_spatial_control,erd_lr,4,101,0,0,0.44980129512550976,14,both_fists,13-14,11049
E05_spatial_control,erd_lr,4,101,0,0,0.4416093982420745,14,both_feet,13-14,11050
E05_spatial_control,erd_lr,4,101,0,0,0.39131239826458936,14,both_feet,13-14,11051
E05_spatial_control,erd_lr,4,101,0,0,0.3675542478438926,14,both_fists,13-14,11052
E05_spatial_control,erd_lr,4,101,0,0,0.3990497086641522,14,both_feet,13-14,11053
E05_spatial_control,erd_lr,4,101,0,0,0.4425475427077722,14,both_feet,13-14,11054
E05_spatial_control,erd_lr,4,101,0,0,0.38284717795027784,14,both_fists,13-14,11055
E05_spatial_control,erd_lr,4,101,0,1,0.5803042738928125,14,both_fists,13-14,11056
E05_spatial_control,erd_lr,5,5,1,0,0.3741538264385926,3,left_fist,03-04,155
E05_spatial_control,erd_lr,5,5,1,1,0.5470396741050133,3,right_fist,03-04,156
E05_spatial_control,erd_lr,5,5,1,0,0.4222742329009349,3,right_fist,03-04,157
E05_spatial_control,erd_lr,5,5,1,1,0.529697660824898,3,left_fist,03-04,158
E05_spatial_control,erd_lr,5,5,1,1,0.6047054289754556,3,right_fist,03-04,159
E05_spatial_control,erd_lr,5,5,1,0,0.4621301774547908,3,left_fist,03-04,160
E05_spatial_control,erd_lr,5,5,1,0,0.42204690671798994,3,right_fist,03-04,161
E05_spatial_control,erd_lr,5,5,1,0,0.4832449119717504,3,left_fist,03-04,162
E05_spatial_control,erd_lr,5,5,1,1,0.5194432038939483,3,right_fist,03-04,163
E05_spatial_control,erd_lr,5,5,1,1,0.5331235401955453,3,left_fist,03-04,164
E05_spatial_control,erd_lr,5,5,1,0,0.4827804417181659,3,left_fist,03-04,165
E05_spatial_control,erd_lr,5,5,1,1,0.6769914503754115,3,right_fist,03-04,166
E05_spatial_control,erd_lr,5,5,1,0,0.4924447572134265,3,left_fist,03-04,167
E05_spatial_control,erd_lr,5,5,1,0,0.4275421129030211,3,right_fist,03-04,168
E05_spatial_control,erd_lr,5,5,1,1,0.5652942542590871,3,right_fist,03-04,169
E05_spatial_control,erd_lr,5,5,0,1,0.5013342637211763,4,right_fist,03-04,170
E05_spatial_control,erd_lr,5,5,0,1,0.5153803581524996,4,left_fist,03-04,171
E05_spatial_control,erd_lr,5,5,0,1,0.5070145747181274,4,left_fist,03-04,172
E05_spatial_control,erd_lr,5,5,0,0,0.45417759579147793,4,right_fist,03-04,173
E05_spatial_control,erd_lr,5,5,0,1,0.5611110335428502,4,right_fist,03-04,174
E05_spatial_control,erd_lr,5,5,0,0,0.4242494329615582,4,left_fist,03-04,175
E05_spatial_control,erd_lr,5,5,0,0,0.4631978462913603,4,left_fist,03-04,176
E05_spatial_control,erd_lr,5,5,0,1,0.5061549157221347,4,right_fist,03-04,177
E05_spatial_control,erd_lr,5,5,0,0,0.3527774262298665,4,left_fist,03-04,178
E05_spatial_control,erd_lr,5,5,0,1,0.5149680486146399,4,right_fist,03-04,179
E05_spatial_control,erd_lr,5,5,0,0,0.4461920645416198,4,right_fist,03-04,180
E05_spatial_control,erd_lr,5,5,0,0,0.41527219229390444,4,left_fist,03-04,181
E05_spatial_control,erd_lr,5,5,0,0,0.4451453073592361,4,left_fist,03-04,182
E05_spatial_control,erd_lr,5,5,0,1,0.6669451170505182,4,right_fist,03-04,183
E05_spatial_control,erd_lr,5,5,0,1,0.6177714707215717,4,right_fist,03-04,184
E05_spatial_control,erd_lr,5,5,1,0,0.3591382497852641,5,both_feet,05-06,185
E05_spatial_control,erd_lr,5,5,1,0,0.43160333644822946,5,both_fists,05-06,186
E05_spatial_control,erd_lr,5,5,1,1,0.5068352949743172,5,both_feet,05-06,187
E05_spatial_control,erd_lr,5,5,1,0,0.39676532448973023,5,both_fists,05-06,188
E05_spatial_control,erd_lr,5,5,1,0,0.3839594735881013,5,both_feet,05-06,189
E05_spatial_control,erd_lr,5,5,1,1,0.6038761285324615,5,both_fists,05-06,190
E05_spatial_control,erd_lr,5,5,1,1,0.7586454528873887,5,both_fists,05-06,191
E05_spatial_control,erd_lr,5,5,1,1,0.5618073690869665,5,both_feet,05-06,192
E05_spatial_control,erd_lr,5,5,1,1,0.5060660917610613,5,both_feet,05-06,193
E05_spatial_control,erd_lr,5,5,1,1,0.5358290081239494,5,both_fists,05-06,194
E05_spatial_control,erd_lr,5,5,1,1,0.7330727410471087,5,both_fists,05-06,195
E05_spatial_control,erd_lr,5,5,1,0,0.46688374428987117,5,both_feet,05-06,196
E05_spatial_control,erd_lr,5,5,1,0,0.4185960466206201,5,both_feet,05-06,197
E05_spatial_control,erd_lr,5,5,1,0,0.49894388237922177,5,both_fists,05-06,198
E05_spatial_control,erd_lr,5,5,1,0,0.48989765681326386,5,both_feet,05-06,199
E05_spatial_control,erd_lr,5,5,0,0,0.41137350503811815,6,both_fists,05-06,200
E05_spatial_control,erd_lr,5,5,0,1,0.5467861349951849,6,both_feet,05-06,201
E05_spatial_control,erd_lr,5,5,0,0,0.3725310995676259,6,both_fists,05-06,202
E05_spatial_control,erd_lr,5,5,0,0,0.29853156076988235,6,both_feet,05-06,203
E05_spatial_control,erd_lr,5,5,0,0,0.4687060731545514,6,both_feet,05-06,204
E05_spatial_control,erd_lr,5,5,0,0,0.40769491270379726,6,both_fists,05-06,205
E05_spatial_control,erd_lr,5,5,0,0,0.350176844423386,6,both_feet,05-06,206
E05_spatial_control,erd_lr,5,5,0,0,0.40374560384027947,6,both_fists,05-06,207
E05_spatial_control,erd_lr,5,5,0,1,0.6195127537841923,6,both_fists,05-06,208
E05_spatial_control,erd_lr,5,5,0,0,0.44511533856063046,6,both_feet,05-06,209
E05_spatial_control,erd_lr,5,5,0,0,0.4829247779010317,6,both_feet,05-06,210
E05_spatial_control,erd_lr,5,5,0,0,0.44903784519963474,6,both_fists,05-06,211
E05_spatial_control,erd_lr,5,5,0,1,0.6081351564172899,6,both_feet,05-06,212
E05_spatial_control,erd_lr,5,5,0,0,0.45739889275516205,6,both_fists,05-06,213
E05_spatial_control,erd_lr,5,5,0,0,0.42471029616286526,6,both_feet,05-06,214
E05_spatial_control,erd_lr,5,5,1,1,0.5485449838145366,7,right_fist,07-08,215
E05_spatial_control,erd_lr,5,5,1,0,0.4430207549681932,7,left_fist,07-08,216
E05_spatial_control,erd_lr,5,5,1,0,0.45223716394390934,7,left_fist,07-08,217
E05_spatial_control,erd_lr,5,5,1,0,0.4883613282920903,7,right_fist,07-08,218
E05_spatial_control,erd_lr,5,5,1,1,0.598705112409461,7,left_fist,07-08,219
E05_spatial_control,erd_lr,5,5,1,1,0.5725135085336372,7,right_fist,07-08,220
E05_spatial_control,erd_lr,5,5,1,1,0.5556664806563067,7,right_fist,07-08,221
E05_spatial_control,erd_lr,5,5,1,0,0.4686219814786293,7,left_fist,07-08,222
E05_spatial_control,erd_lr,5,5,1,1,0.6291254471469856,7,right_fist,07-08,223
E05_spatial_control,erd_lr,5,5,1,1,0.6386497894844718,7,left_fist,07-08,224
E05_spatial_control,erd_lr,5,5,1,0,0.4543373585983764,7,right_fist,07-08,225
E05_spatial_control,erd_lr,5,5,1,1,0.524157040917365,7,left_fist,07-08,226
E05_spatial_control,erd_lr,5,5,1,1,0.709644307104594,7,left_fist,07-08,227
E05_spatial_control,erd_lr,5,5,1,1,0.5674822807501314,7,right_fist,07-08,228
E05_spatial_control,erd_lr,5,5,1,0,0.46078180385850387,7,left_fist,07-08,229
E05_spatial_control,erd_lr,5,5,0,0,0.3381172557126843,8,right_fist,07-08,230
E05_spatial_control,erd_lr,5,5,0,0,0.40649532774752417,8,left_fist,07-08,231
E05_spatial_control,erd_lr,5,5,0,0,0.4237476905186716,8,right_fist,07-08,232
E05_spatial_control,erd_lr,5,5,0,0,0.4382118413518863,8,left_fist,07-08,233
E05_spatial_control,erd_lr,5,5,0,0,0.3826960860750958,8,left_fist,07-08,234
E05_spatial_control,erd_lr,5,5,0,0,0.33886742109936285,8,right_fist,07-08,235
E05_spatial_control,erd_lr,5,5,0,0,0.4168924363007676,8,right_fist,07-08,236
E05_spatial_control,erd_lr,5,5,0,0,0.327618450796049,8,left_fist,07-08,237
E05_spatial_control,erd_lr,5,5,0,0,0.36976325088249606,8,left_fist,07-08,238
E05_spatial_control,erd_lr,5,5,0,0,0.4649608141458686,8,right_fist,07-08,239
E05_spatial_control,erd_lr,5,5,0,1,0.5966160372676109,8,left_fist,07-08,240
E05_spatial_control,erd_lr,5,5,0,1,0.6473128584704623,8,right_fist,07-08,241
E05_spatial_control,erd_lr,5,5,0,1,0.672319181777557,8,right_fist,07-08,242
E05_spatial_control,erd_lr,5,5,0,0,0.4393126616210934,8,left_fist,07-08,243
E05_spatial_control,erd_lr,5,5,0,0,0.4517843923080034,8,right_fist,07-08,244
E05_spatial_control,erd_lr,5,5,1,1,0.5041804364765973,9,both_feet,09-10,245
E05_spatial_control,erd_lr,5,5,1,0,0.4216187476384348,9,both_fists,09-10,246
E05_spatial_control,erd_lr,5,5,1,1,0.5131532683681092,9,both_feet,09-10,247
E05_spatial_control,erd_lr,5,5,1,0,0.32736767386150034,9,both_fists,09-10,248
E05_spatial_control,erd_lr,5,5,1,1,0.7022880721529524,9,both_feet,09-10,249
E05_spatial_control,erd_lr,5,5,1,0,0.4408176378770301,9,both_fists,09-10,250
E05_spatial_control,erd_lr,5,5,1,0,0.4764116745808605,9,both_feet,09-10,251
E05_spatial_control,erd_lr,5,5,1,1,0.5545282769618101,9,both_feet,09-10,252
E05_spatial_control,erd_lr,5,5,1,1,0.7441054066879901,9,both_fists,09-10,253
E05_spatial_control,erd_lr,5,5,1,1,0.529496753484606,9,both_feet,09-10,254
E05_spatial_control,erd_lr,5,5,1,0,0.4466328564783434,9,both_feet,09-10,255
E05_spatial_control,erd_lr,5,5,1,0,0.4464641896993808,9,both_fists,09-10,256
E05_spatial_control,erd_lr,5,5,1,1,0.6438964820123098,9,both_feet,09-10,257
E05_spatial_control,erd_lr,5,5,0,0,0.36068982868490157,10,both_feet,09-10,258
E05_spatial_control,erd_lr,5,5,0,0,0.30951242363027076,10,both_fists,09-10,259
E05_spatial_control,erd_lr,5,5,0,0,0.4794154301272064,10,both_feet,09-10,260
E05_spatial_control,erd_lr,5,5,0,1,0.6336518128502163,10,both_fists,09-10,261
E05_spatial_control,erd_lr,5,5,0,1,0.6597093588009182,10,both_fists,09-10,262
E05_spatial_control,erd_lr,5,5,0,0,0.41112594572333894,10,both_feet,09-10,263
E05_spatial_control,erd_lr,5,5,0,1,0.5463477792988647,10,both_fists,09-10,264
E05_spatial_control,erd_lr,5,5,0,0,0.44307159893731124,10,both_feet,09-10,265
E05_spatial_control,erd_lr,5,5,0,0,0.3375263299332434,10,both_feet,09-10,266
E05_spatial_control,erd_lr,5,5,0,0,0.4495702079434149,10,both_fists,09-10,267
E05_spatial_control,erd_lr,5,5,0,0,0.3990215590096958,10,both_feet,09-10,268
E05_spatial_control,erd_lr,5,5,0,0,0.3524861234759501,10,both_fists,09-10,269
E05_spatial_control,erd_lr,5,5,0,0,0.4526754911160873,10,both_fists,09-10,270
E05_spatial_control,erd_lr,5,5,0,0,0.26739855148680564,10,both_feet,09-10,271
E05_spatial_control,erd_lr,5,5,0,1,0.5989206680178867,10,both_fists,09-10,272
E05_spatial_control,erd_lr,5,5,1,0,0.43815819521772564,11,left_fist,11-12,273
E05_spatial_control,erd_lr,5,5,1,1,0.6453896012445602,11,right_fist,11-12,274
E05_spatial_control,erd_lr,5,5,1,1,0.5075357358134508,11,left_fist,11-12,275
E05_spatial_control,erd_lr,5,5,1,0,0.4913175351607263,11,right_fist,11-12,276
E05_spatial_control,erd_lr,5,5,1,1,0.543662934044601,11,right_fist,11-12,277
E05_spatial_control,erd_lr,5,5,1,1,0.5265673990284886,11,left_fist,11-12,278
E05_spatial_control,erd_lr,5,5,1,1,0.6448984874909162,11,right_fist,11-12,279
E05_spatial_control,erd_lr,5,5,1,0,0.43481771980724315,11,left_fist,11-12,280
E05_spatial_control,erd_lr,5,5,1,0,0.3928506683398685,11,left_fist,11-12,281
E05_spatial_control,erd_lr,5,5,1,0,0.49970864207824517,11,right_fist,11-12,282
E05_spatial_control,erd_lr,5,5,1,1,0.5546557709408895,11,right_fist,11-12,283
E05_spatial_control,erd_lr,5,5,1,1,0.5238997990019709,11,right_fist,11-12,284
E05_spatial_control,erd_lr,5,5,1,0,0.316603127569829,11,left_fist,11-12,285
E05_spatial_control,erd_lr,5,5,1,1,0.5329274031982875,11,left_fist,11-12,286
E05_spatial_control,erd_lr,5,5,0,0,0.3610315060558992,12,left_fist,11-12,287
E05_spatial_control,erd_lr,5,5,0,0,0.4651992543995045,12,right_fist,11-12,288
E05_spatial_control,erd_lr,5,5,0,0,0.46515486746481205,12,left_fist,11-12,289
E05_spatial_control,erd_lr,5,5,0,0,0.4621783538609904,12,right_fist,11-12,290
E05_spatial_control,erd_lr,5,5,0,0,0.4443879661407108,12,left_fist,11-12,291
E05_spatial_control,erd_lr,5,5,0,0,0.4945492338341058,12,right_fist,11-12,292
E05_spatial_control,erd_lr,5,5,0,0,0.29508321396867904,12,left_fist,11-12,293
E05_spatial_control,erd_lr,5,5,0,0,0.4734278710717284,12,right_fist,11-12,294
E05_spatial_control,erd_lr,5,5,0,0,0.3482929670062513,12,right_fist,11-12,295
E05_spatial_control,erd_lr,5,5,0,1,0.635575024820127,12,left_fist,11-12,296
E05_spatial_control,erd_lr,5,5,0,1,0.6067430224184275,12,right_fist,11-12,297
E05_spatial_control,erd_lr,5,5,0,1,0.5415181930252074,12,left_fist,11-12,298
E05_spatial_control,erd_lr,5,5,0,0,0.29748984393342476,12,right_fist,11-12,299
E05_spatial_control,erd_lr,5,5,0,0,0.37935642824020693,12,left_fist,11-12,300
E05_spatial_control,erd_lr,5,5,0,1,0.5562546970246173,12,right_fist,11-12,301
E05_spatial_control,erd_lr,5,5,1,0,0.46668646224308863,13,both_fists,13-14,302
E05_spatial_control,erd_lr,5,5,1,0,0.38550773479350864,13,both_feet,13-14,303
E05_spatial_control,erd_lr,5,5,1,0,0.4236928680998677,13,both_fists,13-14,304
E05_spatial_control,erd_lr,5,5,1,1,0.6307575008186648,13,both_feet,13-14,305
E05_spatial_control,erd_lr,5,5,1,1,0.5978529483375329,13,both_feet,13-14,306
E05_spatial_control,erd_lr,5,5,1,1,0.5666241461104401,13,both_fists,13-14,307
E05_spatial_control,erd_lr,5,5,1,1,0.7550045982461105,13,both_fists,13-14,308
E05_spatial_control,erd_lr,5,5,0,1,0.5203139092079215,14,both_fists,13-14,309
E05_spatial_control,erd_lr,5,5,0,0,0.4761774448204581,14,both_feet,13-14,310
E05_spatial_control,erd_lr,5,5,0,1,0.601246778896282,14,both_feet,13-14,311
E05_spatial_control,erd_lr,5,5,0,1,0.5343374105898194,14,both_fists,13-14,312
E05_spatial_control,erd_lr,5,5,0,0,0.3999939731143073,14,both_feet,13-14,313
E05_spatial_control,erd_lr,5,5,0,1,0.7015147405933947,14,both_fists,13-14,314
E05_spatial_control,erd_lr,5,5,0,1,0.7567436876909244,14,both_fists,13-14,315
E05_spatial_control,erd_lr,5,5,0,1,0.5644105313512546,14,both_feet,13-14,316
E05_spatial_control,erd_lr,5,5,0,0,0.4345196772541375,14,both_feet,13-14,317
E05_spatial_control,erd_lr,5,5,0,0,0.4165631199779889,14,both_fists,13-14,318
E05_spatial_control,erd_lr,5,5,0,1,0.5913563242640363,14,both_feet,13-14,319
E05_spatial_control,erd_lr,5,5,0,1,0.5213018518366249,14,both_fists,13-14,320
E05_spatial_control,erd_lr,5,5,0,1,0.6142333027333527,14,both_fists,13-14,321
E05_spatial_control,erd_lr,5,5,0,1,0.5947418225142371,14,both_feet,13-14,322
E05_spatial_control,erd_lr,5,5,0,1,0.5588695334213197,14,both_fists,13-14,323
E05_spatial_control,erd_lr,5,6,1,0,0.45633336345580794,3,right_fist,03-04,324
E05_spatial_control,erd_lr,5,6,1,1,0.5522073934393397,3,left_fist,03-04,325
E05_spatial_control,erd_lr,5,6,1,1,0.5630752102063913,3,left_fist,03-04,326
E05_spatial_control,erd_lr,5,6,1,0,0.48303281990051333,3,right_fist,03-04,327
E05_spatial_control,erd_lr,5,6,1,1,0.6269694787444248,3,left_fist,03-04,328
E05_spatial_control,erd_lr,5,6,1,1,0.5708854845067597,3,right_fist,03-04,329
E05_spatial_control,erd_lr,5,6,1,1,0.5370183290408256,3,left_fist,03-04,330
E05_spatial_control,erd_lr,5,6,1,1,0.5331711558399711,3,right_fist,03-04,331
E05_spatial_control,erd_lr,5,6,1,0,0.4975092354928201,3,right_fist,03-04,332
E05_spatial_control,erd_lr,5,6,1,0,0.4531645952354343,3,left_fist,03-04,333
E05_spatial_control,erd_lr,5,6,1,1,0.5561940542301025,3,left_fist,03-04,334
E05_spatial_control,erd_lr,5,6,1,0,0.48958215978035735,3,right_fist,03-04,335
E05_spatial_control,erd_lr,5,6,1,1,0.54539640214586,3,right_fist,03-04,336
E05_spatial_control,erd_lr,5,6,1,1,0.552714894747496,3,left_fist,03-04,337
E05_spatial_control,erd_lr,5,6,1,1,0.6782616037411807,3,left_fist,03-04,338
E05_spatial_control,erd_lr,5,6,0,0,0.4485589478189215,4,left_fist,03-04,339
E05_spatial_control,erd_lr,5,6,0,1,0.5004222852836564,4,right_fist,03-04,340
E05_spatial_control,erd_lr,5,6,0,0,0.49445526159003733,4,right_fist,03-04,341
E05_spatial_control,erd_lr,5,6,0,0,0.4593696711691517,4,left_fist,03-04,342
E05_spatial_control,erd_lr,5,6,0,0,0.47336375243229,4,left_fist,03-04,343
E05_spatial_control,erd_lr,5,6,0,1,0.5099427644778342,4,right_fist,03-04,344
E05_spatial_control,erd_lr,5,6,0,1,0.6611385417791036,4,right_fist,03-04,345
E05_spatial_control,erd_lr,5,6,0,0,0.43881790193995507,4,left_fist,03-04,346
E05_spatial_control,erd_lr,5,6,0,1,0.5448958851674812,4,left_fist,03-04,347
E05_spatial_control,erd_lr,5,6,0,1,0.5571035696847108,4,right_fist,03-04,348
E05_spatial_control,erd_lr,5,6,0,0,0.33249197194764246,4,left_fist,03-04,349
E05_spatial_control,erd_lr,5,6,0,0,0.46720057415610555,4,right_fist,03-04,350
E05_spatial_control,erd_lr,5,6,0,0,0.34228752972049625,4,right_fist,03-04,351
E05_spatial_control,erd_lr,5,6,0,1,0.5842878088866318,4,left_fist,03-04,352
E05_spatial_control,erd_lr,5,6,0,1,0.5786260185926689,4,left_fist,03-04,353
E05_spatial_control,erd_lr,5,6,1,0,0.41629091547122804,5,both_feet,05-06,354
E05_spatial_control,erd_lr,5,6,1,1,0.5232766554358129,5,both_fists,05-06,355
E05_spatial_control,erd_lr,5,6,1,1,0.5129058893066339,5,both_fists,05-06,356
E05_spatial_control,erd_lr,5,6,1,0,0.46607511777834637,5,both_feet,05-06,357
E05_spatial_control,erd_lr,5,6,1,1,0.6017005419155936,5,both_fists,05-06,358
E05_spatial_control,erd_lr,5,6,1,1,0.6403283778108425,5,both_feet,05-06,359
E05_spatial_control,erd_lr,5,6,1,1,0.6262888466685808,5,both_fists,05-06,360
E05_spatial_control,erd_lr,5,6,1,1,0.6231416737069564,5,both_feet,05-06,361
E05_spatial_control,erd_lr,5,6,1,0,0.4399774991496927,5,both_fists,05-06,362
E05_spatial_control,erd_lr,5,6,1,1,0.5692786511746144,5,both_feet,05-06,363
E05_spatial_control,erd_lr,5,6,1,0,0.4833750636540477,5,both_fists,05-06,364
E05_spatial_control,erd_lr,5,6,1,1,0.6944021801832504,5,both_feet,05-06,365
E05_spatial_control,erd_lr,5,6,1,1,0.6282441064451296,5,both_fists,05-06,366
E05_spatial_control,erd_lr,5,6,1,0,0.382478132392052,5,both_feet,05-06,367
E05_spatial_control,erd_lr,5,6,1,0,0.455457683107353,5,both_fists,05-06,368
E05_spatial_control,erd_lr,5,6,0,0,0.32748089119865775,6,both_feet,05-06,369
E05_spatial_control,erd_lr,5,6,0,0,0.4437526990673006,6,both_fists,05-06,370
E05_spatial_control,erd_lr,5,6,0,1,0.532514214987844,6,both_fists,05-06,371
E05_spatial_control,erd_lr,5,6,0,1,0.5142774813473505,6,both_feet,05-06,372
E05_spatial_control,erd_lr,5,6,0,1,0.5936357763894125,6,both_feet,05-06,373
E05_spatial_control,erd_lr,5,6,0,0,0.4998139258338139,6,both_fists,05-06,374
E05_spatial_control,erd_lr,5,6,0,0,0.39647050625692737,6,both_fists,05-06,375
E05_spatial_control,erd_lr,5,6,0,0,0.48041526931536227,6,both_feet,05-06,376
E05_spatial_control,erd_lr,5,6,0,1,0.5893562059325718,6,both_feet,05-06,377
E05_spatial_control,erd_lr,5,6,0,0,0.36962513956378495,6,both_fists,05-06,378
E05_spatial_control,erd_lr,5,6,0,1,0.6086187313539677,6,both_fists,05-06,379
E05_spatial_control,erd_lr,5,6,0,1,0.6673547606048967,6,both_feet,05-06,380
E05_spatial_control,erd_lr,5,6,0,0,0.46198190199825717,6,both_feet,05-06,381
E05_spatial_control,erd_lr,5,6,0,0,0.4799796009266366,6,both_fists,05-06,382
E05_spatial_control,erd_lr,5,6,0,1,0.6766052089585562,6,both_feet,05-06,383
E05_spatial_control,erd_lr,5,6,1,0,0.4300828255474675,7,left_fist,07-08,384
E05_spatial_control,erd_lr,5,6,1,1,0.5993151062082953,7,right_fist,07-08,385
E05_spatial_control,erd_lr,5,6,1,1,0.5518096912232279,7,left_fist,07-08,386
E05_spatial_control,erd_lr,5,6,1,0,0.4538722863233581,7,right_fist,07-08,387
E05_spatial_control,erd_lr,5,6,1,0,0.37981409195898047,7,left_fist,07-08,388
E05_spatial_control,erd_lr,5,6,1,1,0.6821534144162289,7,right_fist,07-08,389
E05_spatial_control,erd_lr,5,6,1,1,0.5623002015736868,7,left_fist,07-08,390
E05_spatial_control,erd_lr,5,6,1,1,0.5125125755074121,7,right_fist,07-08,391
E05_spatial_control,erd_lr,5,6,1,0,0.4628092241217072,7,right_fist,07-08,392
E05_spatial_control,erd_lr,5,6,1,1,0.5996152957732002,7,right_fist,07-08,393
E05_spatial_control,erd_lr,5,6,1,1,0.5441047218852791,7,left_fist,07-08,394
E05_spatial_control,erd_lr,5,6,1,1,0.6711431859763891,7,right_fist,07-08,395
E05_spatial_control,erd_lr,5,6,1,1,0.5901630168433436,7,left_fist,07-08,396
E05_spatial_control,erd_lr,5,6,1,1,0.509181069788897,7,right_fist,07-08,397
E05_spatial_control,erd_lr,5,6,0,1,0.5122763660738204,8,left_fist,07-08,398
E05_spatial_control,erd_lr,5,6,0,1,0.5925871985051201,8,right_fist,07-08,399
E05_spatial_control,erd_lr,5,6,0,0,0.46425513949455466,8,left_fist,07-08,400
E05_spatial_control,erd_lr,5,6,0,1,0.5695726843663707,8,right_fist,07-08,401
E05_spatial_control,erd_lr,5,6,0,1,0.5276026474493437,8,left_fist,07-08,402
E05_spatial_control,erd_lr,5,6,0,0,0.4607966922615315,8,right_fist,07-08,403
E05_spatial_control,erd_lr,5,6,1,0,0.4622656904468345,9,both_fists,09-10,404
E05_spatial_control,erd_lr,5,6,1,1,0.5364486854445993,9,both_feet,09-10,405
E05_spatial_control,erd_lr,5,6,1,1,0.5894184631986892,9,both_feet,09-10,406
E05_spatial_control,erd_lr,5,6,1,1,0.5062195606632873,9,both_fists,09-10,407
E05_spatial_control,erd_lr,5,6,1,1,0.5248256264772256,9,both_feet,09-10,408
E05_spatial_control,erd_lr,5,6,1,1,0.6041265582896299,9,both_fists,09-10,409
E05_spatial_control,erd_lr,5,6,1,1,0.5946168108052143,9,both_feet,09-10,410
E05_spatial_control,erd_lr,5,6,1,0,0.49316242693748946,9,both_fists,09-10,411
E05_spatial_control,erd_lr,5,6,1,1,0.6212113896677219,9,both_feet,09-10,412
E05_spatial_control,erd_lr,5,6,1,1,0.5675942723316976,9,both_feet,09-10,413
E05_spatial_control,erd_lr,5,6,1,0,0.31379003063977784,9,both_fists,09-10,414
E05_spatial_control,erd_lr,5,6,1,0,0.4944115590197274,9,both_feet,09-10,415
E05_spatial_control,erd_lr,5,6,1,0,0.3818584006132149,9,both_fists,09-10,416
E05_spatial_control,erd_lr,5,6,0,0,0.4908638509933885,10,both_feet,09-10,417
E05_spatial_control,erd_lr,5,6,0,0,0.3726475181583802,10,both_fists,09-10,418
E05_spatial_control,erd_lr,5,6,0,0,0.4240590109633638,10,both_feet,09-10,419
E05_spatial_control,erd_lr,5,6,0,1,0.7454915998751837,10,both_fists,09-10,420
E05_spatial_control,erd_lr,5,6,0,0,0.46252150355837607,10,both_fists,09-10,421
E05_spatial_control,erd_lr,5,6,0,1,0.5748756614176169,10,both_feet,09-10,422
E05_spatial_control,erd_lr,5,6,0,1,0.6426244358343874,10,both_feet,09-10,423
E05_spatial_control,erd_lr,5,6,0,1,0.6954710396280231,10,both_fists,09-10,424
E05_spatial_control,erd_lr,5,6,1,0,0.46056154643252023,11,right_fist,11-12,425
E05_spatial_control,erd_lr,5,6,1,0,0.4873922405547221,11,left_fist,11-12,426
E05_spatial_control,erd_lr,5,6,1,0,0.45951309714420024,11,right_fist,11-12,427
E05_spatial_control,erd_lr,5,6,1,1,0.726500510345259,11,left_fist,11-12,428
E05_spatial_control,erd_lr,5,6,1,1,0.6177561334644146,11,right_fist,11-12,429
E05_spatial_control,erd_lr,5,6,1,1,0.5210757187016334,11,left_fist,11-12,430
E05_spatial_control,erd_lr,5,6,0,1,0.6109443654712793,12,left_fist,11-12,431
E05_spatial_control,erd_lr,5,6,0,1,0.6175328158225292,12,right_fist,11-12,432
E05_spatial_control,erd_lr,5,6,0,0,0.47200828585543264,12,left_fist,11-12,433
E05_spatial_control,erd_lr,5,6,0,1,0.6361155081638298,12,right_fist,11-12,434
E05_spatial_control,erd_lr,5,6,0,0,0.3002109556456703,12,left_fist,11-12,435
E05_spatial_control,erd_lr,5,6,1,1,0.5513607464795144,13,both_feet,13-14,436
E05_spatial_control,erd_lr,5,6,1,1,0.5394308266659443,13,both_fists,13-14,437
E05_spatial_control,erd_lr,5,6,1,1,0.6553971860841773,13,both_feet,13-14,438
E05_spatial_control,erd_lr,5,6,1,1,0.5058969023635882,13,both_fists,13-14,439
E05_spatial_control,erd_lr,5,6,1,1,0.7355804679537008,13,both_fists,13-14,440
E05_spatial_control,erd_lr,5,6,1,1,0.6003906127973013,13,both_feet,13-14,441
E05_spatial_control,erd_lr,5,6,1,1,0.5798435639788381,13,both_feet,13-14,442
E05_spatial_control,erd_lr,5,6,1,1,0.649851299277922,13,both_fists,13-14,443
E05_spatial_control,erd_lr,5,6,1,1,0.6649105827347245,13,both_fists,13-14,444
E05_spatial_control,erd_lr,5,6,1,1,0.5517422147040025,13,both_feet,13-14,445
E05_spatial_control,erd_lr,5,6,1,1,0.7288585345283536,13,both_fists,13-14,446
E05_spatial_control,erd_lr,5,6,1,1,0.7277713781644813,13,both_feet,13-14,447
E05_spatial_control,erd_lr,5,6,1,0,0.44083328648616804,13,both_fists,13-14,448
E05_spatial_control,erd_lr,5,6,1,0,0.4623973609989149,13,both_feet,13-14,449
E05_spatial_control,erd_lr,5,6,1,1,0.5812136923114792,13,both_feet,13-14,450
E05_spatial_control,erd_lr,5,6,0,1,0.5072922070784789,14,both_fists,13-14,451
E05_spatial_control,erd_lr,5,6,0,1,0.5543485199235517,14,both_feet,13-14,452
E05_spatial_control,erd_lr,5,6,0,0,0.3424120894499413,14,both_feet,13-14,453
E05_spatial_control,erd_lr,5,6,0,0,0.4311871035726549,14,both_fists,13-14,454
E05_spatial_control,erd_lr,5,6,0,0,0.3721467977670545,14,both_fists,13-14,455
E05_spatial_control,erd_lr,5,6,0,1,0.6079276260982817,14,both_feet,13-14,456
E05_spatial_control,erd_lr,5,6,0,1,0.7090401615018084,14,both_fists,13-14,457
E05_spatial_control,erd_lr,5,6,0,1,0.6512260257287811,14,both_feet,13-14,458
E05_spatial_control,erd_lr,5,6,0,1,0.6081153958359062,14,both_feet,13-14,459
E05_spatial_control,erd_lr,5,6,0,1,0.6407664762519328,14,both_fists,13-14,460
E05_spatial_control,erd_lr,5,6,0,1,0.5960019418606025,14,both_feet,13-14,461
E05_spatial_control,erd_lr,5,6,0,0,0.3606710538236502,14,both_fists,13-14,462
E05_spatial_control,erd_lr,5,6,0,0,0.4476666821174497,14,both_feet,13-14,463
E05_spatial_control,erd_lr,5,6,0,0,0.3951865478232659,14,both_fists,13-14,464
E05_spatial_control,erd_lr,5,6,0,1,0.5292732946420332,14,both_fists,13-14,465
E05_spatial_control,erd_lr,5,11,1,0,0.42045171849998036,3,right_fist,03-04,934
E05_spatial_control,erd_lr,5,11,1,1,0.5646668933081996,3,left_fist,03-04,935
E05_spatial_control,erd_lr,5,11,1,0,0.349741726810037,3,left_fist,03-04,936
E05_spatial_control,erd_lr,5,11,1,1,0.6535853778290478,3,right_fist,03-04,937
E05_spatial_control,erd_lr,5,11,1,1,0.6275717503462702,3,left_fist,03-04,938
E05_spatial_control,erd_lr,5,11,1,0,0.4138317292322528,3,right_fist,03-04,939
E05_spatial_control,erd_lr,5,11,1,1,0.6368677063941157,3,right_fist,03-04,940
E05_spatial_control,erd_lr,5,11,1,1,0.6059870910130535,3,left_fist,03-04,941
E05_spatial_control,erd_lr,5,11,1,0,0.453157330622817,3,left_fist,03-04,942
E05_spatial_control,erd_lr,5,11,1,0,0.4972614721518551,3,right_fist,03-04,943
E05_spatial_control,erd_lr,5,11,1,0,0.44943267482943394,3,right_fist,03-04,944
E05_spatial_control,erd_lr,5,11,1,1,0.770000390903975,3,left_fist,03-04,945
E05_spatial_control,erd_lr,5,11,1,1,0.6135871631258865,3,right_fist,03-04,946
E05_spatial_control,erd_lr,5,11,1,1,0.5854864696173028,3,left_fist,03-04,947
E05_spatial_control,erd_lr,5,11,1,0,0.2591095637501401,3,right_fist,03-04,948
E05_spatial_control,erd_lr,5,11,0,0,0.48105226265386,4,left_fist,03-04,949
E05_spatial_control,erd_lr,5,11,0,1,0.5590490603110957,4,right_fist,03-04,950
E05_spatial_control,erd_lr,5,11,0,0,0.46386499692824384,4,left_fist,03-04,951
E05_spatial_control,erd_lr,5,11,0,0,0.40454442351418335,4,right_fist,03-04,952
E05_spatial_control,erd_lr,5,11,0,1,0.5320114027789155,4,left_fist,03-04,953
E05_spatial_control,erd_lr,5,11,0,0,0.45386854518422853,4,right_fist,03-04,954
E05_spatial_control,erd_lr,5,11,0,1,0.5305869903767858,4,right_fist,03-04,955
E05_spatial_control,erd_lr,5,11,0,0,0.46717819528092935,4,left_fist,03-04,956
E05_spatial_control,erd_lr,5,11,0,1,0.5333171102775842,4,right_fist,03-04,957
E05_spatial_control,erd_lr,5,11,0,1,0.6686612266934876,4,left_fist,03-04,958
E05_spatial_control,erd_lr,5,11,0,1,0.5723373191171973,4,left_fist,03-04,959
E05_spatial_control,erd_lr,5,11,0,1,0.5184144951694912,4,right_fist,03-04,960
E05_spatial_control,erd_lr,5,11,0,0,0.476943291420354,4,right_fist,03-04,961
E05_spatial_control,erd_lr,5,11,0,0,0.477597883910609,4,left_fist,03-04,962
E05_spatial_control,erd_lr,5,11,0,0,0.48359395351045864,4,left_fist,03-04,963
E05_spatial_control,erd_lr,5,11,1,0,0.42657753355537964,5,both_fists,05-06,964
E05_spatial_control,erd_lr,5,11,1,1,0.5067811484990068,5,both_feet,05-06,965
E05_spatial_control,erd_lr,5,11,1,1,0.5608416871023895,5,both_fists,05-06,966
E05_spatial_control,erd_lr,5,11,1,1,0.5955316457559309,5,both_feet,05-06,967
E05_spatial_control,erd_lr,5,11,1,1,0.5207481463162303,5,both_fists,05-06,968
E05_spatial_control,erd_lr,5,11,1,1,0.5572955419335923,5,both_feet,05-06,969
E05_spatial_control,erd_lr,5,11,1,1,0.52225645386388,5,both_feet,05-06,970
E05_spatial_control,erd_lr,5,11,1,0,0.4846598158295765,5,both_fists,05-06,971
E05_spatial_control,erd_lr,5,11,1,0,0.4792149316143767,5,both_fists,05-06,972
E05_spatial_control,erd_lr,5,11,1,1,0.5265507588725146,5,both_feet,05-06,973
E05_spatial_control,erd_lr,5,11,1,1,0.7289401820348872,5,both_feet,05-06,974
E05_spatial_control,erd_lr,5,11,1,1,0.5322390939939631,5,both_fists,05-06,975
E05_spatial_control,erd_lr,5,11,1,1,0.5248668924679326,5,both_fists,05-06,976
E05_spatial_control,erd_lr,5,11,1,1,0.5011171186054465,5,both_feet,05-06,977
E05_spatial_control,erd_lr,5,11,1,1,0.6184140541553972,5,both_feet,05-06,978
E05_spatial_control,erd_lr,5,11,0,1,0.6145913409492815,6,both_feet,05-06,979
E05_spatial_control,erd_lr,5,11,0,0,0.3785019283815948,6,both_fists,05-06,980
E05_spatial_control,erd_lr,5,11,0,0,0.3760315046948993,6,both_fists,05-06,981
E05_spatial_control,erd_lr,5,11,0,0,0.37186524912982255,6,both_feet,05-06,982
E05_spatial_control,erd_lr,5,11,0,0,0.3704800113772424,6,both_feet,05-06,983
E05_spatial_control,erd_lr,5,11,0,1,0.5213997040262291,6,both_fists,05-06,984
E05_spatial_control,erd_lr,5,11,0,1,0.5782039178659617,6,both_feet,05-06,985
E05_spatial_control,erd_lr,5,11,0,1,0.6136396446284433,6,both_fists,05-06,986
E05_spatial_control,erd_lr,5,11,0,0,0.4568069700190469,6,both_fists,05-06,987
E05_spatial_control,erd_lr,5,11,0,1,0.5306392620204868,6,both_feet,05-06,988
E05_spatial_control,erd_lr,5,11,0,0,0.4095020754036658,6,both_fists,05-06,989
E05_spatial_control,erd_lr,5,11,0,0,0.33081466355124284,6,both_feet,05-06,990
E05_spatial_control,erd_lr,5,11,0,0,0.35694682063123745,6,both_feet,05-06,991
E05_spatial_control,erd_lr,5,11,0,1,0.5181682721179316,6,both_fists,05-06,992
E05_spatial_control,erd_lr,5,11,0,1,0.5559349837428208,6,both_fists,05-06,993
E05_spatial_control,erd_lr,5,11,1,1,0.5927188478119825,7,left_fist,07-08,994
E05_spatial_control,erd_lr,5,11,1,1,0.6060010317087847,7,right_fist,07-08,995
E05_spatial_control,erd_lr,5,11,1,0,0.4199064632967988,7,left_fist,07-08,996
E05_spatial_control,erd_lr,5,11,1,1,0.5453077381957061,7,right_fist,07-08,997
E05_spatial_control,erd_lr,5,11,1,1,0.6978077065450924,7,left_fist,07-08,998
E05_spatial_control,erd_lr,5,11,1,0,0.48143140163023884,7,right_fist,07-08,999
E05_spatial_control,erd_lr,5,11,1,0,0.4764661468802676,7,right_fist,07-08,1000
E05_spatial_control,erd_lr,5,11,1,1,0.5540319108518996,7,left_fist,07-08,1001
E05_spatial_control,erd_lr,5,11,1,1,0.5593848150650312,7,left_fist,07-08,1002
E05_spatial_control,erd_lr,5,11,1,1,0.5144078520827574,7,right_fist,07-08,1003
E05_spatial_control,erd_lr,5,11,1,1,0.5363930096812941,7,right_fist,07-08,1004
E05_spatial_control,erd_lr,5,11,1,0,0.43229635191699245,7,left_fist,07-08,1005
E05_spatial_control,erd_lr,5,11,1,1,0.5835775818896957,7,right_fist,07-08,1006
E05_spatial_control,erd_lr,5,11,1,0,0.3462330768744437,7,left_fist,07-08,1007
E05_spatial_control,erd_lr,5,11,1,1,0.6391067805445997,7,right_fist,07-08,1008
E05_spatial_control,erd_lr,5,11,0,0,0.4143688861795399,8,left_fist,07-08,1009
E05_spatial_control,erd_lr,5,11,0,1,0.7369481046697848,8,right_fist,07-08,1010
E05_spatial_control,erd_lr,5,11,0,0,0.47399122016211304,8,left_fist,07-08,1011
E05_spatial_control,erd_lr,5,11,0,1,0.5325798609874282,8,right_fist,07-08,1012
E05_spatial_control,erd_lr,5,11,0,0,0.47119514887206126,8,left_fist,07-08,1013
E05_spatial_control,erd_lr,5,11,0,0,0.4569225617534189,8,right_fist,07-08,1014
E05_spatial_control,erd_lr,5,11,0,0,0.4389062755399881,8,left_fist,07-08,1015
E05_spatial_control,erd_lr,5,11,0,1,0.5093013517638803,8,right_fist,07-08,1016
E05_spatial_control,erd_lr,5,11,0,1,0.6781072536408578,8,right_fist,07-08,1017
E05_spatial_control,erd_lr,5,11,0,1,0.5904421040979251,8,left_fist,07-08,1018
E05_spatial_control,erd_lr,5,11,0,0,0.49859799762186113,8,left_fist,07-08,1019
E05_spatial_control,erd_lr,5,11,0,0,0.33686055446484486,8,right_fist,07-08,1020
E05_spatial_control,erd_lr,5,11,0,0,0.43374810354070603,8,left_fist,07-08,1021
E05_spatial_control,erd_lr,5,11,0,0,0.4560679699400802,8,right_fist,07-08,1022
E05_spatial_control,erd_lr,5,11,0,0,0.3707965401374897,8,right_fist,07-08,1023
E05_spatial_control,erd_lr,5,11,1,1,0.6031317059024596,9,both_feet,09-10,1024
E05_spatial_control,erd_lr,5,11,1,1,0.5678326128005501,9,both_fists,09-10,1025
E05_spatial_control,erd_lr,5,11,1,1,0.6020722361920314,9,both_fists,09-10,1026
E05_spatial_control,erd_lr,5,11,1,1,0.6915769573436827,9,both_feet,09-10,1027
E05_spatial_control,erd_lr,5,11,1,1,0.5394421458476423,9,both_feet,09-10,1028
E05_spatial_control,erd_lr,5,11,1,1,0.5374614906896812,9,both_fists,09-10,1029
E05_spatial_control,erd_lr,5,11,1,1,0.7594168691752221,9,both_feet,09-10,1030
E05_spatial_control,erd_lr,5,11,1,1,0.5573929922770966,9,both_fists,09-10,1031
E05_spatial_control,erd_lr,5,11,1,1,0.6975704290728679,9,both_fists,09-10,1032
E05_spatial_control,erd_lr,5,11,1,1,0.5056801377714134,9,both_feet,09-10,1033
E05_spatial_control,erd_lr,5,11,1,0,0.38522919427235525,9,both_feet,09-10,1034
E05_spatial_control,erd_lr,5,11,1,1,0.5689735259563743,9,both_fists,09-10,1035
E05_spatial_control,erd_lr,5,11,1,1,0.5716035521815293,9,both_fists,09-10,1036
E05_spatial_control,erd_lr,5,11,1,0,0.3209900657530347,9,both_feet,09-10,1037
E05_spatial_control,erd_lr,5,11,1,1,0.5745464671672644,9,both_feet,09-10,1038
E05_spatial_control,erd_lr,5,11,0,1,0.7317996427863218,10,both_fists,09-10,1039
E05_spatial_control,erd_lr,5,11,0,1,0.5778734604580967,10,both_feet,09-10,1040
E05_spatial_control,erd_lr,5,11,0,1,0.5950451426331725,10,both_feet,09-10,1041
E05_spatial_control,erd_lr,5,11,0,1,0.5094502183962926,10,both_fists,09-10,1042
E05_spatial_control,erd_lr,5,11,0,1,0.5703650655642872,10,both_feet,09-10,1043
E05_spatial_control,erd_lr,5,11,0,1,0.5985227393032759,10,both_fists,09-10,1044
E05_spatial_control,erd_lr,5,11,0,1,0.5091944259802504,10,both_feet,09-10,1045
E05_spatial_control,erd_lr,5,11,0,1,0.5490702345554236,10,both_fists,09-10,1046
E05_spatial_control,erd_lr,5,11,0,1,0.6031221974541864,10,both_feet,09-10,1047
E05_spatial_control,erd_lr,5,11,0,1,0.6336970782970714,10,both_fists,09-10,1048
E05_spatial_control,erd_lr,5,11,0,0,0.4285594517115117,10,both_fists,09-10,1049
E05_spatial_control,erd_lr,5,11,0,0,0.46020664251277615,10,both_feet,09-10,1050
E05_spatial_control,erd_lr,5,11,0,0,0.3138202575471065,10,both_feet,09-10,1051
E05_spatial_control,erd_lr,5,11,0,0,0.38487713770921794,10,both_fists,09-10,1052
E05_spatial_control,erd_lr,5,11,0,1,0.5713640961850118,10,both_feet,09-10,1053
E05_spatial_control,erd_lr,5,11,1,0,0.4481340848820787,11,left_fist,11-12,1054
E05_spatial_control,erd_lr,5,11,1,1,0.5061282750686324,11,right_fist,11-12,1055
E05_spatial_control,erd_lr,5,11,1,1,0.5291032762105444,11,right_fist,11-12,1056
E05_spatial_control,erd_lr,5,11,1,1,0.5963666819116049,11,left_fist,11-12,1057
E05_spatial_control,erd_lr,5,11,1,1,0.5933063934158914,11,left_fist,11-12,1058
E05_spatial_control,erd_lr,5,11,1,1,0.5536060500976824,11,right_fist,11-12,1059
E05_spatial_control,erd_lr,5,11,1,1,0.5470061099574539,11,left_fist,11-12,1060
E05_spatial_control,erd_lr,5,11,1,1,0.6368629294362514,11,right_fist,11-12,1061
E05_spatial_control,erd_lr,5,11,1,1,0.6936048970857194,11,right_fist,11-12,1062
E05_spatial_control,erd_lr,5,11,1,1,0.6041528138887876,11,left_fist,11-12,1063
E05_spatial_control,erd_lr,5,11,1,1,0.5853190965415603,11,left_fist,11-12,1064
E05_spatial_control,erd_lr,5,11,1,1,0.6554756881245825,11,right_fist,11-12,1065
E05_spatial_control,erd_lr,5,11,1,1,0.5707546360436935,11,left_fist,11-12,1066
E05_spatial_control,erd_lr,5,11,1,0,0.4322301792780621,11,right_fist,11-12,1067
E05_spatial_control,erd_lr,5,11,1,1,0.5555185920397866,11,left_fist,11-12,1068
E05_spatial_control,erd_lr,5,11,0,0,0.3666290817483791,12,left_fist,11-12,1069
E05_spatial_control,erd_lr,5,11,0,0,0.48406591193136156,12,right_fist,11-12,1070
E05_spatial_control,erd_lr,5,11,0,1,0.5409772623155054,12,left_fist,11-12,1071
E05_spatial_control,erd_lr,5,11,0,1,0.5211326453762143,12,right_fist,11-12,1072
E05_spatial_control,erd_lr,5,11,0,0,0.37178928168173686,12,right_fist,11-12,1073
E05_spatial_control,erd_lr,5,11,0,1,0.6877554525852648,12,left_fist,11-12,1074
E05_spatial_control,erd_lr,5,11,0,1,0.5797609662705717,12,right_fist,11-12,1075
E05_spatial_control,erd_lr,5,11,0,0,0.47924011407376765,12,left_fist,11-12,1076
E05_spatial_control,erd_lr,5,11,0,1,0.6308919175002393,12,right_fist,11-12,1077
E05_spatial_control,erd_lr,5,11,0,0,0.41986651690859567,12,left_fist,11-12,1078
E05_spatial_control,erd_lr,5,11,0,0,0.32566667132487576,12,left_fist,11-12,1079
E05_spatial_control,erd_lr,5,11,0,1,0.5978206397522148,12,right_fist,11-12,1080
E05_spatial_control,erd_lr,5,11,0,1,0.5412272500380072,12,right_fist,11-12,1081
E05_spatial_control,erd_lr,5,11,0,1,0.6327907030927465,12,left_fist,11-12,1082
E05_spatial_control,erd_lr,5,11,0,1,0.6310736209867207,12,left_fist,11-12,1083
E05_spatial_control,erd_lr,5,11,1,0,0.39742618200125907,13,both_fists,13-14,1084
E05_spatial_control,erd_lr,5,11,1,1,0.5447864923952508,13,both_feet,13-14,1085
E05_spatial_control,erd_lr,5,11,1,1,0.5782045168280491,13,both_fists,13-14,1086
E05_spatial_control,erd_lr,5,11,1,0,0.47385913035648236,13,both_feet,13-14,1087
E05_spatial_control,erd_lr,5,11,1,1,0.5872285817683627,13,both_fists,13-14,1088
E05_spatial_control,erd_lr,5,11,1,0,0.4885832854606292,13,both_feet,13-14,1089
E05_spatial_control,erd_lr,5,11,1,1,0.5049919219209225,13,both_fists,13-14,1090
E05_spatial_control,erd_lr,5,11,1,0,0.45681467120943264,13,both_feet,13-14,1091
E05_spatial_control,erd_lr,5,11,1,0,0.4190402334189417,13,both_feet,13-14,1092
E05_spatial_control,erd_lr,5,11,1,0,0.4050269051585526,13,both_fists,13-14,1093
E05_spatial_control,erd_lr,5,11,1,1,0.5133513776260213,13,both_fists,13-14,1094
E05_spatial_control,erd_lr,5,11,1,0,0.4691741015478665,13,both_feet,13-14,1095
E05_spatial_control,erd_lr,5,11,1,1,0.5718168531357336,13,both_fists,13-14,1096
E05_spatial_control,erd_lr,5,11,1,1,0.5246843584664828,13,both_feet,13-14,1097
E05_spatial_control,erd_lr,5,11,1,1,0.5379414521687139,13,both_fists,13-14,1098
E05_spatial_control,erd_lr,5,11,0,0,0.4760896103876242,14,both_fists,13-14,1099
E05_spatial_control,erd_lr,5,11,0,0,0.46762400035534873,14,both_feet,13-14,1100
E05_spatial_control,erd_lr,5,11,0,1,0.5285867631646605,14,both_feet,13-14,1101
E05_spatial_control,erd_lr,5,11,0,1,0.5194774307244381,14,both_fists,13-14,1102
E05_spatial_control,erd_lr,5,11,0,1,0.654603781794921,14,both_feet,13-14,1103
E05_spatial_control,erd_lr,5,11,0,1,0.7897778033232907,14,both_fists,13-14,1104
E05_spatial_control,erd_lr,5,11,0,1,0.5644604054258165,14,both_fists,13-14,1105
E05_spatial_control,erd_lr,5,11,0,0,0.46711131994370975,14,both_feet,13-14,1106
E05_spatial_control,erd_lr,5,11,0,0,0.36488313835801284,14,both_feet,13-14,1107
E05_spatial_control,erd_lr,5,11,0,1,0.5036364825806077,14,both_fists,13-14,1108
E05_spatial_control,erd_lr,5,11,0,0,0.48979423981296183,14,both_feet,13-14,1109
E05_spatial_control,erd_lr,5,11,0,1,0.5087312563995512,14,both_fists,13-14,1110
E05_spatial_control,erd_lr,5,11,0,0,0.4736913544406698,14,both_feet,13-14,1111
E05_spatial_control,erd_lr,5,11,0,0,0.35521466426522513,14,both_fists,13-14,1112
E05_spatial_control,erd_lr,5,11,0,1,0.5679679429050152,14,both_feet,13-14,1113
E05_spatial_control,erd_lr,5,12,1,0,0.49051265990684845,3,left_fist,03-04,1114
E05_spatial_control,erd_lr,5,12,1,0,0.3386656244801223,3,left_fist,03-04,1115
E05_spatial_control,erd_lr,5,12,1,0,0.4892516225875372,3,left_fist,03-04,1116
E05_spatial_control,erd_lr,5,12,1,0,0.44167218794198,3,right_fist,03-04,1117
E05_spatial_control,erd_lr,5,12,1,0,0.3453373806685499,3,right_fist,03-04,1118
E05_spatial_control,erd_lr,5,12,1,0,0.47895932515107303,3,left_fist,03-04,1119
E05_spatial_control,erd_lr,5,12,1,0,0.4506077934601407,3,right_fist,03-04,1120
E05_spatial_control,erd_lr,5,12,1,0,0.4478458855262056,3,left_fist,03-04,1121
E05_spatial_control,erd_lr,5,12,1,1,0.6990131420901186,3,left_fist,03-04,1122
E05_spatial_control,erd_lr,5,12,0,0,0.4327939057908275,4,right_fist,03-04,1123
E05_spatial_control,erd_lr,5,12,0,1,0.5009243894273728,4,left_fist,03-04,1124
E05_spatial_control,erd_lr,5,12,0,0,0.3790907639818642,4,right_fist,03-04,1125
E05_spatial_control,erd_lr,5,12,0,1,0.582251676352364,4,right_fist,03-04,1126
E05_spatial_control,erd_lr,5,12,0,0,0.38283861775664985,4,right_fist,03-04,1127
E05_spatial_control,erd_lr,5,12,0,1,0.5637470941468288,4,left_fist,03-04,1128
E05_spatial_control,erd_lr,5,12,0,0,0.32892550130824894,4,right_fist,03-04,1129
E05_spatial_control,erd_lr,5,12,0,0,0.47460947607245957,4,left_fist,03-04,1130
E05_spatial_control,erd_lr,5,12,0,1,0.5404108771941861,4,left_fist,03-04,1131
E05_spatial_control,erd_lr,5,12,0,1,0.5908543446429189,4,right_fist,03-04,1132
E05_spatial_control,erd_lr,5,12,0,0,0.40263425010102466,4,right_fist,03-04,1133
E05_spatial_control,erd_lr,5,12,1,0,0.40444299761596564,5,both_fists,05-06,1134
E05_spatial_control,erd_lr,5,12,1,0,0.31843804385961705,5,both_feet,05-06,1135
E05_spatial_control,erd_lr,5,12,1,1,0.5177437203902872,5,both_fists,05-06,1136
E05_spatial_control,erd_lr,5,12,1,1,0.5848769159825385,5,both_feet,05-06,1137
E05_spatial_control,erd_lr,5,12,1,1,0.5108204732923196,5,both_feet,05-06,1138
E05_spatial_control,erd_lr,5,12,1,0,0.47401318432576456,5,both_fists,05-06,1139
E05_spatial_control,erd_lr,5,12,1,1,0.5805778950230239,5,both_fists,05-06,1140
E05_spatial_control,erd_lr,5,12,1,0,0.4124211187862878,5,both_fists,05-06,1141
E05_spatial_control,erd_lr,5,12,1,1,0.5325397088108732,5,both_feet,05-06,1142
E05_spatial_control,erd_lr,5,12,1,1,0.5070343681989371,5,both_feet,05-06,1143
E05_spatial_control,erd_lr,5,12,1,1,0.5847324688486841,5,both_fists,05-06,1144
E05_spatial_control,erd_lr,5,12,1,1,0.576219631070441,5,both_feet,05-06,1145
E05_spatial_control,erd_lr,5,12,1,0,0.35035405182177665,5,both_fists,05-06,1146
E05_spatial_control,erd_lr,5,12,1,1,0.5192854224874953,5,both_feet,05-06,1147
E05_spatial_control,erd_lr,5,12,0,0,0.4325896241070367,6,both_fists,05-06,1148
E05_spatial_control,erd_lr,5,12,0,0,0.2681740515403988,6,both_fists,05-06,1149
E05_spatial_control,erd_lr,5,12,0,0,0.35829002585139264,6,both_feet,05-06,1150
E05_spatial_control,erd_lr,5,12,0,0,0.3329534688811023,6,both_feet,05-06,1151
E05_spatial_control,erd_lr,5,12,0,1,0.5117755692524113,6,both_fists,05-06,1152
E05_spatial_control,erd_lr,5,12,0,0,0.4194732940376403,6,both_feet,05-06,1153
E05_spatial_control,erd_lr,5,12,0,0,0.3137155659698904,6,both_fists,05-06,1154
E05_spatial_control,erd_lr,5,12,0,1,0.5188469064875402,6,both_fists,05-06,1155
E05_spatial_control,erd_lr,5,12,0,0,0.4556382566010429,6,both_feet,05-06,1156
E05_spatial_control,erd_lr,5,12,0,0,0.3647710288131896,6,both_fists,05-06,1157
E05_spatial_control,erd_lr,5,12,0,0,0.3280667699788062,6,both_feet,05-06,1158
E05_spatial_control,erd_lr,5,12,0,0,0.4000872627600869,6,both_feet,05-06,1159
E05_spatial_control,erd_lr,5,12,1,0,0.32148573887172277,7,right_fist,07-08,1160
E05_spatial_control,erd_lr,5,12,1,1,0.6121348099156556,7,left_fist,07-08,1161
E05_spatial_control,erd_lr,5,12,1,0,0.4712324283488688,7,right_fist,07-08,1162
E05_spatial_control,erd_lr,5,12,1,0,0.49438094051897963,7,right_fist,07-08,1163
E05_spatial_control,erd_lr,5,12,1,1,0.6017251444303828,7,left_fist,07-08,1164
E05_spatial_control,erd_lr,5,12,1,1,0.6666050862475746,7,right_fist,07-08,1165
E05_spatial_control,erd_lr,5,12,1,0,0.4967325432206419,7,right_fist,07-08,1166
E05_spatial_control,erd_lr,5,12,1,1,0.5709114170881244,7,left_fist,07-08,1167
E05_spatial_control,erd_lr,5,12,1,1,0.5661591926840355,7,left_fist,07-08,1168
E05_spatial_control,erd_lr,5,12,0,0,0.3636569873044017,8,right_fist,07-08,1169
E05_spatial_control,erd_lr,5,12,0,1,0.5621230063629487,8,left_fist,07-08,1170
E05_spatial_control,erd_lr,5,12,0,1,0.5651143033886185,8,left_fist,07-08,1171
E05_spatial_control,erd_lr,5,12,0,0,0.35495448014966885,8,right_fist,07-08,1172
E05_spatial_control,erd_lr,5,12,0,1,0.5843591838009651,8,right_fist,07-08,1173
E05_spatial_control,erd_lr,5,12,0,0,0.45810632564801984,8,left_fist,07-08,1174
E05_spatial_control,erd_lr,5,12,0,1,0.730478471201421,8,right_fist,07-08,1175
E05_spatial_control,erd_lr,5,12,0,0,0.49254959851652746,8,left_fist,07-08,1176
E05_spatial_control,erd_lr,5,12,0,1,0.5808939372316735,8,left_fist,07-08,1177
E05_spatial_control,erd_lr,5,12,0,0,0.46210614217731677,8,right_fist,07-08,1178
E05_spatial_control,erd_lr,5,12,0,0,0.443075786787686,8,right_fist,07-08,1179
E05_spatial_control,erd_lr,5,12,0,1,0.6920872093828593,8,left_fist,07-08,1180
E05_spatial_control,erd_lr,5,12,0,1,0.5582047675179899,8,left_fist,07-08,1181
E05_spatial_control,erd_lr,5,12,0,0,0.48413421191245276,8,right_fist,07-08,1182
E05_spatial_control,erd_lr,5,12,0,0,0.45632567339373903,8,right_fist,07-08,1183
E05_spatial_control,erd_lr,5,12,1,1,0.5089870421849462,9,both_fists,09-10,1184
E05_spatial_control,erd_lr,5,12,1,1,0.7077146228756278,9,both_feet,09-10,1185
E05_spatial_control,erd_lr,5,12,1,1,0.5155642351462013,9,both_fists,09-10,1186
E05_spatial_control,erd_lr,5,12,1,1,0.5986687887145226,9,both_feet,09-10,1187
E05_spatial_control,erd_lr,5,12,1,0,0.45729863854277236,9,both_fists,09-10,1188
E05_spatial_control,erd_lr,5,12,1,0,0.4733358891499235,9,both_feet,09-10,1189
E05_spatial_control,erd_lr,5,12,1,1,0.6598597201957693,9,both_fists,09-10,1190
E05_spatial_control,erd_lr,5,12,1,1,0.5415310877523946,9,both_feet,09-10,1191
E05_spatial_control,erd_lr,5,12,1,1,0.683457570798598,9,both_fists,09-10,1192
E05_spatial_control,erd_lr,5,12,1,1,0.5799115638358195,9,both_feet,09-10,1193
E05_spatial_control,erd_lr,5,12,1,1,0.5419077318921973,9,both_feet,09-10,1194
E05_spatial_control,erd_lr,5,12,1,0,0.46413047157719917,9,both_fists,09-10,1195
E05_spatial_control,erd_lr,5,12,1,0,0.4946863498825821,9,both_fists,09-10,1196
E05_spatial_control,erd_lr,5,12,1,1,0.6941885092947964,9,both_feet,09-10,1197
E05_spatial_control,erd_lr,5,12,1,0,0.4549620765100496,9,both_fists,09-10,1198
E05_spatial_control,erd_lr,5,12,0,0,0.47457594810146975,10,both_fists,09-10,1199
E05_spatial_control,erd_lr,5,12,0,1,0.5398422741620033,10,both_feet,09-10,1200
E05_spatial_control,erd_lr,5,12,0,0,0.43780855226846754,10,both_fists,09-10,1201
E05_spatial_control,erd_lr,5,12,0,0,0.4362613911839279,10,both_feet,09-10,1202
E05_spatial_control,erd_lr,5,12,0,1,0.6120151353709036,10,both_fists,09-10,1203
E05_spatial_control,erd_lr,5,12,0,1,0.5376298886152353,10,both_fists,09-10,1204
E05_spatial_control,erd_lr,5,12,0,0,0.4315072389276815,10,both_feet,09-10,1205
E05_spatial_control,erd_lr,5,12,0,1,0.6827018009216524,10,both_feet,09-10,1206
E05_spatial_control,erd_lr,5,12,0,1,0.5784485524577663,10,both_fists,09-10,1207
E05_spatial_control,erd_lr,5,12,0,0,0.4932275490753451,10,both_feet,09-10,1208
E05_spatial_control,erd_lr,5,12,0,0,0.3971973412629955,10,both_fists,09-10,1209
E05_spatial_control,erd_lr,5,12,0,1,0.5266859215510391,10,both_feet,09-10,1210
E05_spatial_control,erd_lr,5,12,0,0,0.415774185782591,10,both_fists,09-10,1211
E05_spatial_control,erd_lr,5,12,0,1,0.5972175455194997,10,both_feet,09-10,1212
E05_spatial_control,erd_lr,5,12,1,0,0.44718424132044066,11,left_fist,11-12,1213
E05_spatial_control,erd_lr,5,12,1,1,0.5313301753765803,11,right_fist,11-12,1214
E05_spatial_control,erd_lr,5,12,1,1,0.5173467928285321,11,left_fist,11-12,1215
E05_spatial_control,erd_lr,5,12,1,0,0.44053505791231035,11,right_fist,11-12,1216
E05_spatial_control,erd_lr,5,12,1,0,0.33242709188248376,11,right_fist,11-12,1217
E05_spatial_control,erd_lr,5,12,1,0,0.497161380247752,11,left_fist,11-12,1218
E05_spatial_control,erd_lr,5,12,1,1,0.6019478024718746,11,right_fist,11-12,1219
E05_spatial_control,erd_lr,5,12,1,1,0.7253975407762755,11,left_fist,11-12,1220
E05_spatial_control,erd_lr,5,12,1,1,0.595386902308374,11,left_fist,11-12,1221
E05_spatial_control,erd_lr,5,12,1,0,0.4582095319920246,11,right_fist,11-12,1222
E05_spatial_control,erd_lr,5,12,1,1,0.5802296628053608,11,right_fist,11-12,1223
E05_spatial_control,erd_lr,5,12,1,1,0.5696326069572497,11,left_fist,11-12,1224
E05_spatial_control,erd_lr,5,12,1,1,0.5788546985626507,11,left_fist,11-12,1225
E05_spatial_control,erd_lr,5,12,1,1,0.6279373123988929,11,right_fist,11-12,1226
E05_spatial_control,erd_lr,5,12,1,0,0.4414275111574871,11,left_fist,11-12,1227
E05_spatial_control,erd_lr,5,12,0,1,0.6089077656669065,12,right_fist,11-12,1228
E05_spatial_control,erd_lr,5,12,0,1,0.5396784284714603,12,left_fist,11-12,1229
E05_spatial_control,erd_lr,5,12,0,1,0.5997217953331988,12,right_fist,11-12,1230
E05_spatial_control,erd_lr,5,12,0,1,0.5847441125600629,12,left_fist,11-12,1231
E05_spatial_control,erd_lr,5,12,0,1,0.6949340482469274,12,right_fist,11-12,1232
E05_spatial_control,erd_lr,5,12,0,0,0.3712049097825102,12,left_fist,11-12,1233
E05_spatial_control,erd_lr,5,12,0,1,0.6856834335718498,12,left_fist,11-12,1234
E05_spatial_control,erd_lr,5,12,0,1,0.5969628307886448,12,right_fist,11-12,1235
E05_spatial_control,erd_lr,5,12,0,0,0.24286761437139268,12,right_fist,11-12,1236
E05_spatial_control,erd_lr,5,12,0,1,0.5989224815129991,12,left_fist,11-12,1237
E05_spatial_control,erd_lr,5,12,0,0,0.3823731970691961,12,right_fist,11-12,1238
E05_spatial_control,erd_lr,5,12,0,1,0.5235214257751323,12,left_fist,11-12,1239
E05_spatial_control,erd_lr,5,12,0,1,0.5768616679041025,12,right_fist,11-12,1240
E05_spatial_control,erd_lr,5,12,0,1,0.5652688765590458,12,left_fist,11-12,1241
E05_spatial_control,erd_lr,5,12,1,1,0.6796990246875745,13,both_feet,13-14,1242
E05_spatial_control,erd_lr,5,12,1,0,0.41936103370568634,13,both_fists,13-14,1243
E05_spatial_control,erd_lr,5,12,1,1,0.6565283513939597,13,both_fists,13-14,1244
E05_spatial_control,erd_lr,5,12,1,1,0.594151646012898,13,both_feet,13-14,1245
E05_spatial_control,erd_lr,5,12,1,0,0.46760784649712406,13,both_fists,13-14,1246
E05_spatial_control,erd_lr,5,12,1,1,0.5325701852818352,13,both_feet,13-14,1247
E05_spatial_control,erd_lr,5,12,1,1,0.6051449795107487,13,both_feet,13-14,1248
E05_spatial_control,erd_lr,5,12,1,1,0.6014079573885103,13,both_fists,13-14,1249
E05_spatial_control,erd_lr,5,12,1,0,0.47974492363319443,13,both_feet,13-14,1250
E05_spatial_control,erd_lr,5,12,1,0,0.36389558197440547,13,both_fists,13-14,1251
E05_spatial_control,erd_lr,5,12,1,1,0.5857046127907376,13,both_fists,13-14,1252
E05_spatial_control,erd_lr,5,12,1,1,0.7354834019763785,13,both_feet,13-14,1253
E05_spatial_control,erd_lr,5,12,1,1,0.5163767525332111,13,both_feet,13-14,1254
E05_spatial_control,erd_lr,5,12,1,1,0.6461204249123148,13,both_fists,13-14,1255
E05_spatial_control,erd_lr,5,12,1,0,0.4114303597990782,13,both_fists,13-14,1256
E05_spatial_control,erd_lr,5,12,0,0,0.39885218371914444,14,both_fists,13-14,1257
E05_spatial_control,erd_lr,5,12,0,0,0.4132000441695242,14,both_feet,13-14,1258
E05_spatial_control,erd_lr,5,12,0,1,0.5905208017675855,14,both_feet,13-14,1259
E05_spatial_control,erd_lr,5,12,0,0,0.465130395672883,14,both_fists,13-14,1260
E05_spatial_control,erd_lr,5,12,0,0,0.45948495139629586,14,both_feet,13-14,1261
E05_spatial_control,erd_lr,5,12,0,0,0.4546095172345491,14,both_fists,13-14,1262
E05_spatial_control,erd_lr,5,12,0,0,0.40928136887762845,14,both_fists,13-14,1263
E05_spatial_control,erd_lr,5,12,0,1,0.6956627628505495,14,both_feet,13-14,1264
E05_spatial_control,erd_lr,5,12,0,0,0.475443558075905,14,both_fists,13-14,1265
E05_spatial_control,erd_lr,5,12,0,1,0.5195404598127524,14,both_feet,13-14,1266
E05_spatial_control,erd_lr,5,12,0,1,0.5034755846791817,14,both_fists,13-14,1267
E05_spatial_control,erd_lr,5,12,0,1,0.5980663318081691,14,both_feet,13-14,1268
E05_spatial_control,erd_lr,5,12,0,0,0.4957419797979856,14,both_fists,13-14,1269
E05_spatial_control,erd_lr,5,12,0,1,0.5816798845712209,14,both_feet,13-14,1270
E05_spatial_control,erd_lr,5,12,0,1,0.7541782513260293,14,both_fists,13-14,1271
E05_spatial_control,erd_lr,5,39,1,0,0.41144763958306263,3,left_fist,03-04,4172
E05_spatial_control,erd_lr,5,39,1,1,0.5999879321511453,3,right_fist,03-04,4173
E05_spatial_control,erd_lr,5,39,1,0,0.4927664445241771,3,left_fist,03-04,4174
E05_spatial_control,erd_lr,5,39,1,0,0.48393295891386356,3,right_fist,03-04,4175
E05_spatial_control,erd_lr,5,39,1,1,0.5680005792670152,3,right_fist,03-04,4176
E05_spatial_control,erd_lr,5,39,1,1,0.7161353526463425,3,left_fist,03-04,4177
E05_spatial_control,erd_lr,5,39,1,1,0.5283642617533739,3,right_fist,03-04,4178
E05_spatial_control,erd_lr,5,39,1,1,0.553608221020452,3,left_fist,03-04,4179
E05_spatial_control,erd_lr,5,39,1,1,0.5499894757956098,3,right_fist,03-04,4180
E05_spatial_control,erd_lr,5,39,1,1,0.5824629290555728,3,left_fist,03-04,4181
E05_spatial_control,erd_lr,5,39,1,0,0.4373763140688118,3,left_fist,03-04,4182
E05_spatial_control,erd_lr,5,39,1,0,0.42249439583225007,3,right_fist,03-04,4183
E05_spatial_control,erd_lr,5,39,1,1,0.5308879250149487,3,left_fist,03-04,4184
E05_spatial_control,erd_lr,5,39,0,0,0.4702785018076545,4,right_fist,03-04,4185
E05_spatial_control,erd_lr,5,39,0,0,0.4511887643179089,4,left_fist,03-04,4186
E05_spatial_control,erd_lr,5,39,0,1,0.5489317609658954,4,right_fist,03-04,4187
E05_spatial_control,erd_lr,5,39,0,0,0.45981349562844903,4,left_fist,03-04,4188
E05_spatial_control,erd_lr,5,39,0,0,0.47604776340687094,4,left_fist,03-04,4189
E05_spatial_control,erd_lr,5,39,0,0,0.3998284015749196,4,right_fist,03-04,4190
E05_spatial_control,erd_lr,5,39,0,0,0.42296239727994794,4,left_fist,03-04,4191
E05_spatial_control,erd_lr,5,39,0,0,0.41757407239414424,4,right_fist,03-04,4192
E05_spatial_control,erd_lr,5,39,0,0,0.4296604469753921,4,right_fist,03-04,4193
E05_spatial_control,erd_lr,5,39,0,0,0.451163613230748,4,left_fist,03-04,4194
E05_spatial_control,erd_lr,5,39,0,0,0.4765149737572851,4,left_fist,03-04,4195
E05_spatial_control,erd_lr,5,39,0,0,0.42611483090489133,4,right_fist,03-04,4196
E05_spatial_control,erd_lr,5,39,0,0,0.3744440005776345,4,right_fist,03-04,4197
E05_spatial_control,erd_lr,5,39,0,1,0.5606286143199349,4,left_fist,03-04,4198
E05_spatial_control,erd_lr,5,39,0,1,0.5777861899825923,4,left_fist,03-04,4199
E05_spatial_control,erd_lr,5,39,1,0,0.36755740777051593,5,both_fists,05-06,4200
E05_spatial_control,erd_lr,5,39,1,0,0.42946549836951553,5,both_feet,05-06,4201
E05_spatial_control,erd_lr,5,39,1,1,0.5278380136549566,5,both_feet,05-06,4202
E05_spatial_control,erd_lr,5,39,1,1,0.5633694699469698,5,both_fists,05-06,4203
E05_spatial_control,erd_lr,5,39,1,1,0.5820471389023779,5,both_fists,05-06,4204
E05_spatial_control,erd_lr,5,39,1,1,0.6101785984896376,5,both_feet,05-06,4205
E05_spatial_control,erd_lr,5,39,1,1,0.6032619105179002,5,both_feet,05-06,4206
E05_spatial_control,erd_lr,5,39,1,1,0.536808007275396,5,both_fists,05-06,4207
E05_spatial_control,erd_lr,5,39,1,0,0.42078090070130314,5,both_feet,05-06,4208
E05_spatial_control,erd_lr,5,39,1,1,0.539280110157642,5,both_feet,05-06,4209
E05_spatial_control,erd_lr,5,39,1,0,0.464510711428825,5,both_fists,05-06,4210
E05_spatial_control,erd_lr,5,39,1,0,0.4608523996111555,5,both_fists,05-06,4211
E05_spatial_control,erd_lr,5,39,0,1,0.5010693977262708,6,both_feet,05-06,4212
E05_spatial_control,erd_lr,5,39,0,0,0.4624907713842055,6,both_fists,05-06,4213
E05_spatial_control,erd_lr,5,39,0,0,0.4334518108923775,6,both_feet,05-06,4214
E05_spatial_control,erd_lr,5,39,0,0,0.4790784830553898,6,both_fists,05-06,4215
E05_spatial_control,erd_lr,5,39,0,1,0.5795725216979987,6,both_feet,05-06,4216
E05_spatial_control,erd_lr,5,39,0,1,0.5036752547021263,6,both_fists,05-06,4217
E05_spatial_control,erd_lr,5,39,0,1,0.5586659692222049,6,both_fists,05-06,4218
E05_spatial_control,erd_lr,5,39,0,0,0.37736994132609586,6,both_feet,05-06,4219
E05_spatial_control,erd_lr,5,39,0,0,0.4658484887248597,6,both_fists,05-06,4220
E05_spatial_control,erd_lr,5,39,0,1,0.6613656658112889,6,both_feet,05-06,4221
E05_spatial_control,erd_lr,5,39,0,0,0.4065084038453791,6,both_feet,05-06,4222
E05_spatial_control,erd_lr,5,39,0,0,0.2760569058570765,6,both_fists,05-06,4223
E05_spatial_control,erd_lr,5,39,1,1,0.6159525968625763,7,left_fist,07-08,4224
E05_spatial_control,erd_lr,5,39,1,0,0.4947678444350261,7,right_fist,07-08,4225
E05_spatial_control,erd_lr,5,39,1,0,0.4345655176890003,7,left_fist,07-08,4226
E05_spatial_control,erd_lr,5,39,0,0,0.44361973360798274,8,right_fist,07-08,4227
E05_spatial_control,erd_lr,5,39,1,1,0.5395998946291988,9,both_feet,09-10,4228
E05_spatial_control,erd_lr,5,39,1,1,0.5012558523526138,9,both_feet,09-10,4229
E05_spatial_control,erd_lr,5,39,1,1,0.5148753248516895,9,both_fists,09-10,4230
E05_spatial_control,erd_lr,5,39,1,0,0.3376872469468634,9,both_feet,09-10,4231
E05_spatial_control,erd_lr,5,39,1,1,0.5389278894079447,9,both_fists,09-10,4232
E05_spatial_control,erd_lr,5,39,0,1,0.5536369004767164,10,both_feet,09-10,4233
E05_spatial_control,erd_lr,5,39,1,0,0.37624153232629315,13,both_feet,13-14,4234
E05_spatial_control,erd_lr,5,39,1,0,0.46366470687664196,13,both_feet,13-14,4235
E05_spatial_control,erd_lr,5,39,0,1,0.5329440811566696,14,both_feet,13-14,4236
E05_spatial_control,erd_lr,5,39,0,1,0.5252608844125649,14,both_fists,13-14,4237
E05_spatial_control,erd_lr,5,40,1,0,0.4373580915564766,3,right_fist,03-04,4238
E05_spatial_control,erd_lr,5,40,1,0,0.4237458492479792,3,left_fist,03-04,4239
E05_spatial_control,erd_lr,5,40,1,0,0.4643531551009625,3,left_fist,03-04,4240
E05_spatial_control,erd_lr,5,40,1,0,0.31512491534913983,3,right_fist,03-04,4241
E05_spatial_control,erd_lr,5,40,1,1,0.5255184016935656,3,left_fist,03-04,4242
E05_spatial_control,erd_lr,5,40,1,1,0.6404154374865397,3,left_fist,03-04,4243
E05_spatial_control,erd_lr,5,40,1,1,0.5642411711288763,3,right_fist,03-04,4244
E05_spatial_control,erd_lr,5,40,1,1,0.6065128946165204,3,left_fist,03-04,4245
E05_spatial_control,erd_lr,5,40,1,1,0.656448066585958,3,right_fist,03-04,4246
E05_spatial_control,erd_lr,5,40,1,1,0.6659203903708978,3,left_fist,03-04,4247
E05_spatial_control,erd_lr,5,40,1,0,0.4069532511686922,3,right_fist,03-04,4248
E05_spatial_control,erd_lr,5,40,1,1,0.5736838293804559,3,left_fist,03-04,4249
E05_spatial_control,erd_lr,5,40,0,1,0.5357185170726609,4,right_fist,03-04,4250
E05_spatial_control,erd_lr,5,40,0,1,0.5423560738480884,4,left_fist,03-04,4251
E05_spatial_control,erd_lr,5,40,0,1,0.521383522819621,4,left_fist,03-04,4252
E05_spatial_control,erd_lr,5,40,0,0,0.3942371048078613,4,right_fist,03-04,4253
E05_spatial_control,erd_lr,5,40,0,1,0.5155290748640734,4,left_fist,03-04,4254
E05_spatial_control,erd_lr,5,40,0,0,0.4528293606246042,4,right_fist,03-04,4255
E05_spatial_control,erd_lr,5,40,0,0,0.3989346396981169,4,left_fist,03-04,4256
E05_spatial_control,erd_lr,5,40,0,1,0.5134382772176921,4,right_fist,03-04,4257
E05_spatial_control,erd_lr,5,40,0,0,0.4577365267541257,4,right_fist,03-04,4258
E05_spatial_control,erd_lr,5,40,0,0,0.46525469296990624,4,left_fist,03-04,4259
E05_spatial_control,erd_lr,5,40,0,1,0.5056395334386273,4,left_fist,03-04,4260
E05_spatial_control,erd_lr,5,40,0,0,0.4164169217319521,4,right_fist,03-04,4261
E05_spatial_control,erd_lr,5,40,0,1,0.636212509054974,4,left_fist,03-04,4262
E05_spatial_control,erd_lr,5,40,0,0,0.47911141572383426,4,right_fist,03-04,4263
E05_spatial_control,erd_lr,5,40,0,0,0.49257876951897334,4,right_fist,03-04,4264
E05_spatial_control,erd_lr,5,40,1,0,0.4742899834658957,5,both_feet,05-06,4265
E05_spatial_control,erd_lr,5,40,1,1,0.6291990247340266,5,both_feet,05-06,4266
E05_spatial_control,erd_lr,5,40,1,0,0.47978485441985774,5,both_fists,05-06,4267
E05_spatial_control,erd_lr,5,40,1,1,0.6622800657314097,5,both_feet,05-06,4268
E05_spatial_control,erd_lr,5,40,1,1,0.5648558513560866,5,both_fists,05-06,4269
E05_spatial_control,erd_lr,5,40,1,1,0.5290824844243527,5,both_feet,05-06,4270
E05_spatial_control,erd_lr,5,40,1,0,0.48801872542003766,5,both_fists,05-06,4271
E05_spatial_control,erd_lr,5,40,1,1,0.5760079610199399,5,both_feet,05-06,4272
E05_spatial_control,erd_lr,5,40,1,1,0.5901816001361387,5,both_fists,05-06,4273
E05_spatial_control,erd_lr,5,40,1,1,0.7609746628605581,5,both_feet,05-06,4274
E05_spatial_control,erd_lr,5,40,1,1,0.5906609807496908,5,both_fists,05-06,4275
E05_spatial_control,erd_lr,5,40,1,1,0.7023971494780114,5,both_fists,05-06,4276
E05_spatial_control,erd_lr,5,40,1,0,0.41721550324282847,5,both_feet,05-06,4277
E05_spatial_control,erd_lr,5,40,0,1,0.53417563809421,6,both_fists,05-06,4278
E05_spatial_control,erd_lr,5,40,0,0,0.32869641828991675,6,both_feet,05-06,4279
E05_spatial_control,erd_lr,5,40,0,1,0.6175456472614795,6,both_feet,05-06,4280
E05_spatial_control,erd_lr,5,40,0,1,0.5541855229408525,6,both_fists,05-06,4281
E05_spatial_control,erd_lr,5,40,0,1,0.539237531972035,6,both_feet,05-06,4282
E05_spatial_control,erd_lr,5,40,0,0,0.4411080912931513,6,both_fists,05-06,4283
E05_spatial_control,erd_lr,5,40,0,1,0.5332297455657763,6,both_feet,05-06,4284
E05_spatial_control,erd_lr,5,40,0,1,0.5620179808017187,6,both_feet,05-06,4285
E05_spatial_control,erd_lr,5,40,0,1,0.5362622013510747,6,both_fists,05-06,4286
E05_spatial_control,erd_lr,5,40,0,0,0.4748075953662359,6,both_fists,05-06,4287
E05_spatial_control,erd_lr,5,40,0,0,0.4915217763162509,6,both_feet,05-06,4288
E05_spatial_control,erd_lr,5,40,0,1,0.6280031597117552,6,both_feet,05-06,4289
E05_spatial_control,erd_lr,5,40,0,0,0.4767977262950809,6,both_fists,05-06,4290
E05_spatial_control,erd_lr,5,40,0,0,0.32958762220888704,6,both_fists,05-06,4291
E05_spatial_control,erd_lr,5,40,1,1,0.5270531140575807,7,right_fist,07-08,4292
E05_spatial_control,erd_lr,5,40,1,1,0.6000528131992013,7,left_fist,07-08,4293
E05_spatial_control,erd_lr,5,40,1,1,0.5475328688664416,7,left_fist,07-08,4294
E05_spatial_control,erd_lr,5,40,1,0,0.3970319862236796,7,right_fist,07-08,4295
E05_spatial_control,erd_lr,5,40,1,1,0.5176470437780043,7,right_fist,07-08,4296
E05_spatial_control,erd_lr,5,40,1,1,0.5058945828606961,7,left_fist,07-08,4297
E05_spatial_control,erd_lr,5,40,1,1,0.605121375860964,7,left_fist,07-08,4298
E05_spatial_control,erd_lr,5,40,1,1,0.5471317402147604,7,right_fist,07-08,4299
E05_spatial_control,erd_lr,5,40,1,1,0.5044260987452607,7,left_fist,07-08,4300
E05_spatial_control,erd_lr,5,40,1,1,0.6166496701351387,7,right_fist,07-08,4301
E05_spatial_control,erd_lr,5,40,1,0,0.47498837953623996,7,left_fist,07-08,4302
E05_spatial_control,erd_lr,5,40,1,0,0.4076618337258842,7,right_fist,07-08,4303
E05_spatial_control,erd_lr,5,40,1,0,0.49290345274612196,7,left_fist,07-08,4304
E05_spatial_control,erd_lr,5,40,1,1,0.5213873397175961,7,right_fist,07-08,4305
E05_spatial_control,erd_lr,5,40,1,1,0.5407543224800251,7,left_fist,07-08,4306
E05_spatial_control,erd_lr,5,40,0,0,0.43141355885681304,8,right_fist,07-08,4307
E05_spatial_control,erd_lr,5,40,0,1,0.5778879816775592,8,left_fist,07-08,4308
E05_spatial_control,erd_lr,5,40,0,0,0.49996138708779253,8,left_fist,07-08,4309
E05_spatial_control,erd_lr,5,40,0,1,0.6082038130589105,8,right_fist,07-08,4310
E05_spatial_control,erd_lr,5,40,0,0,0.48110427761358754,8,right_fist,07-08,4311
E05_spatial_control,erd_lr,5,40,1,0,0.3743657216903588,9,both_fists,09-10,4312
E05_spatial_control,erd_lr,5,40,1,1,0.5970992809763336,9,both_feet,09-10,4313
E05_spatial_control,erd_lr,5,40,1,1,0.5208097182010356,9,both_feet,09-10,4314
E05_spatial_control,erd_lr,5,40,1,1,0.7842075578156997,9,both_fists,09-10,4315
E05_spatial_control,erd_lr,5,40,1,1,0.6627266930600842,9,both_fists,09-10,4316
E05_spatial_control,erd_lr,5,40,1,1,0.6641998468421589,9,both_feet,09-10,4317
E05_spatial_control,erd_lr,5,40,1,0,0.36738053434990775,9,both_feet,09-10,4318
E05_spatial_control,erd_lr,5,40,1,0,0.49570735503656665,9,both_fists,09-10,4319
E05_spatial_control,erd_lr,5,40,1,1,0.5475394123920709,9,both_fists,09-10,4320
E05_spatial_control,erd_lr,5,40,1,1,0.5924364120031753,9,both_feet,09-10,4321
E05_spatial_control,erd_lr,5,40,1,1,0.5090418575555993,9,both_fists,09-10,4322
E05_spatial_control,erd_lr,5,40,1,1,0.6787750523265327,9,both_feet,09-10,4323
E05_spatial_control,erd_lr,5,40,1,0,0.4967310150821919,9,both_fists,09-10,4324
E05_spatial_control,erd_lr,5,40,1,1,0.6780099488695388,9,both_feet,09-10,4325
E05_spatial_control,erd_lr,5,40,1,1,0.5845958470577115,9,both_feet,09-10,4326
E05_spatial_control,erd_lr,5,40,0,0,0.4920060737747047,10,both_feet,09-10,4327
E05_spatial_control,erd_lr,5,40,0,0,0.40186104568565156,10,both_fists,09-10,4328
E05_spatial_control,erd_lr,5,40,0,1,0.5565323853885883,10,both_fists,09-10,4329
E05_spatial_control,erd_lr,5,40,0,0,0.49787675671314074,10,both_feet,09-10,4330
E05_spatial_control,erd_lr,5,40,0,0,0.4648374340745145,10,both_feet,09-10,4331
E05_spatial_control,erd_lr,5,40,0,1,0.5849536415243359,10,both_fists,09-10,4332
E05_spatial_control,erd_lr,5,40,0,0,0.4436509057775632,10,both_feet,09-10,4333
E05_spatial_control,erd_lr,5,40,0,1,0.5567320891629177,10,both_fists,09-10,4334
E05_spatial_control,erd_lr,5,40,0,1,0.7647203624910125,10,both_feet,09-10,4335
E05_spatial_control,erd_lr,5,40,0,0,0.48243136484296556,10,both_fists,09-10,4336
E05_spatial_control,erd_lr,5,40,0,0,0.3927456969413214,10,both_feet,09-10,4337
E05_spatial_control,erd_lr,5,40,0,0,0.27738937784868944,10,both_fists,09-10,4338
E05_spatial_control,erd_lr,5,40,0,1,0.6061515069229771,10,both_feet,09-10,4339
E05_spatial_control,erd_lr,5,40,0,1,0.5413516677930096,10,both_fists,09-10,4340
E05_spatial_control,erd_lr,5,40,0,1,0.5131901235906061,10,both_feet,09-10,4341
E05_spatial_control,erd_lr,5,40,1,1,0.5635166674434884,11,right_fist,11-12,4342
E05_spatial_control,erd_lr,5,40,1,1,0.5406827220058249,11,left_fist,11-12,4343
E05_spatial_control,erd_lr,5,40,1,0,0.490877354338006,11,right_fist,11-12,4344
E05_spatial_control,erd_lr,5,40,1,1,0.5683552843072496,11,left_fist,11-12,4345
E05_spatial_control,erd_lr,5,40,1,0,0.49487878471164537,11,left_fist,11-12,4346
E05_spatial_control,erd_lr,5,40,1,0,0.46191159239618146,11,right_fist,11-12,4347
E05_spatial_control,erd_lr,5,40,1,1,0.5332582616389419,11,left_fist,11-12,4348
E05_spatial_control,erd_lr,5,40,1,0,0.4082282796568665,11,right_fist,11-12,4349
E05_spatial_control,erd_lr,5,40,1,0,0.44223307112011995,11,right_fist,11-12,4350
E05_spatial_control,erd_lr,5,40,1,1,0.5246181645850638,11,left_fist,11-12,4351
E05_spatial_control,erd_lr,5,40,1,1,0.556356598486241,11,left_fist,11-12,4352
E05_spatial_control,erd_lr,5,40,1,1,0.6537086818616027,11,right_fist,11-12,4353
E05_spatial_control,erd_lr,5,40,1,1,0.5429832636344732,11,left_fist,11-12,4354
E05_spatial_control,erd_lr,5,40,1,0,0.43021886363541234,11,right_fist,11-12,4355
E05_spatial_control,erd_lr,5,40,1,1,0.5319059966266884,11,right_fist,11-12,4356
E05_spatial_control,erd_lr,5,40,0,0,0.4917243736651528,12,right_fist,11-12,4357
E05_spatial_control,erd_lr,5,40,0,0,0.3479995833007956,12,left_fist,11-12,4358
E05_spatial_control,erd_lr,5,40,0,0,0.4727619481901568,12,left_fist,11-12,4359
E05_spatial_control,erd_lr,5,40,0,0,0.45198894252288824,12,right_fist,11-12,4360
E05_spatial_control,erd_lr,5,40,0,1,0.5390680130745685,12,right_fist,11-12,4361
E05_spatial_control,erd_lr,5,40,0,0,0.4059622098414672,12,left_fist,11-12,4362
E05_spatial_control,erd_lr,5,40,0,0,0.3059033927032747,12,right_fist,11-12,4363
E05_spatial_control,erd_lr,5,40,0,0,0.4715908925651031,12,left_fist,11-12,4364
E05_spatial_control,erd_lr,5,40,0,0,0.4153353747351873,12,right_fist,11-12,4365
E05_spatial_control,erd_lr,5,40,0,0,0.44515916081415674,12,left_fist,11-12,4366
E05_spatial_control,erd_lr,5,40,0,0,0.4686562742905655,12,left_fist,11-12,4367
E05_spatial_control,erd_lr,5,40,0,0,0.3628044194292103,12,right_fist,11-12,4368
E05_spatial_control,erd_lr,5,40,0,0,0.44775251011265105,12,right_fist,11-12,4369
E05_spatial_control,erd_lr,5,40,0,1,0.5036011832945915,12,left_fist,11-12,4370
E05_spatial_control,erd_lr,5,40,0,0,0.4154494843296419,12,right_fist,11-12,4371
E05_spatial_control,erd_lr,5,40,1,0,0.42525244864124445,13,both_feet,13-14,4372
E05_spatial_control,erd_lr,5,40,1,0,0.40081345337123436,13,both_fists,13-14,4373
E05_spatial_control,erd_lr,5,40,1,1,0.614142044783459,13,both_fists,13-14,4374
E05_spatial_control,erd_lr,5,40,1,0,0.4498607445154434,13,both_feet,13-14,4375
E05_spatial_control,erd_lr,5,40,1,1,0.5269642531373393,13,both_feet,13-14,4376
E05_spatial_control,erd_lr,5,40,1,0,0.4831830687897129,13,both_feet,13-14,4377
E05_spatial_control,erd_lr,5,40,1,0,0.4609984575811537,13,both_fists,13-14,4378
E05_spatial_control,erd_lr,5,40,1,1,0.605418962063974,13,both_feet,13-14,4379
E05_spatial_control,erd_lr,5,40,1,0,0.4658187081909004,13,both_fists,13-14,4380
E05_spatial_control,erd_lr,5,40,1,1,0.7386901413998974,13,both_fists,13-14,4381
E05_spatial_control,erd_lr,5,40,1,0,0.3611018071737262,13,both_feet,13-14,4382
E05_spatial_control,erd_lr,5,40,1,0,0.37577381259053355,13,both_fists,13-14,4383
E05_spatial_control,erd_lr,5,40,1,1,0.6204968270942085,13,both_feet,13-14,4384
E05_spatial_control,erd_lr,5,40,1,1,0.5062728149471024,13,both_fists,13-14,4385
E05_spatial_control,erd_lr,5,40,0,1,0.6425606957351907,14,both_fists,13-14,4386
E05_spatial_control,erd_lr,5,40,0,1,0.6405989164285545,14,both_feet,13-14,4387
E05_spatial_control,erd_lr,5,40,0,0,0.47520028078914045,14,both_fists,13-14,4388
E05_spatial_control,erd_lr,5,40,0,0,0.382475334194105,14,both_feet,13-14,4389
E05_spatial_control,erd_lr,5,40,0,0,0.4265563834447348,14,both_feet,13-14,4390
E05_spatial_control,erd_lr,5,40,0,0,0.3984827452671349,14,both_fists,13-14,4391
E05_spatial_control,erd_lr,5,40,0,1,0.522196309905321,14,both_feet,13-14,4392
E05_spatial_control,erd_lr,5,40,0,1,0.5652281803031916,14,both_fists,13-14,4393
E05_spatial_control,erd_lr,5,40,0,0,0.4152905166437341,14,both_feet,13-14,4394
E05_spatial_control,erd_lr,5,40,0,0,0.46482916395611834,14,both_fists,13-14,4395
E05_spatial_control,erd_lr,5,40,0,1,0.5981039700950984,14,both_fists,13-14,4396
E05_spatial_control,erd_lr,5,40,0,0,0.43775980537591114,14,both_feet,13-14,4397
E05_spatial_control,erd_lr,5,40,0,0,0.4728007615858857,14,both_feet,13-14,4398
E05_spatial_control,erd_lr,5,40,0,1,0.5189389493248417,14,both_fists,13-14,4399
E05_spatial_control,erd_lr,5,40,0,0,0.46195525853308794,14,both_feet,13-14,4400
E05_spatial_control,erd_lr,5,41,1,1,0.5753423785461459,3,right_fist,03-04,4401
E05_spatial_control,erd_lr,5,41,1,1,0.6271339343717289,3,left_fist,03-04,4402
E05_spatial_control,erd_lr,5,41,1,1,0.6298802849482724,3,left_fist,03-04,4403
E05_spatial_control,erd_lr,5,41,1,0,0.43524046883222217,3,right_fist,03-04,4404
E05_spatial_control,erd_lr,5,41,1,0,0.4774841966320718,3,left_fist,03-04,4405
E05_spatial_control,erd_lr,5,41,1,0,0.3245553167733594,3,right_fist,03-04,4406
E05_spatial_control,erd_lr,5,41,1,1,0.5384296641653246,3,left_fist,03-04,4407
E05_spatial_control,erd_lr,5,41,1,1,0.570324049308936,3,right_fist,03-04,4408
E05_spatial_control,erd_lr,5,41,1,1,0.5676604870670311,3,right_fist,03-04,4409
E05_spatial_control,erd_lr,5,41,1,1,0.710947684065589,3,left_fist,03-04,4410
E05_spatial_control,erd_lr,5,41,1,1,0.7299425739037833,3,right_fist,03-04,4411
E05_spatial_control,erd_lr,5,41,1,1,0.6327211692888213,3,left_fist,03-04,4412
E05_spatial_control,erd_lr,5,41,1,0,0.25462396741036547,3,left_fist,03-04,4413
E05_spatial_control,erd_lr,5,41,1,0,0.41670581007565727,3,right_fist,03-04,4414
E05_spatial_control,erd_lr,5,41,1,0,0.45024241579718294,3,left_fist,03-04,4415
E05_spatial_control,erd_lr,5,41,0,0,0.32834454832484167,4,left_fist,03-04,4416
E05_spatial_control,erd_lr,5,41,0,0,0.4702062881707825,4,right_fist,03-04,4417
E05_spatial_control,erd_lr,5,41,0,0,0.437834845894592,4,left_fist,03-04,4418
E05_spatial_control,erd_lr,5,41,0,1,0.6219508378566421,4,right_fist,03-04,4419
E05_spatial_control,erd_lr,5,41,0,0,0.46437489710338425,4,left_fist,03-04,4420
E05_spatial_control,erd_lr,5,41,0,1,0.6991078403130356,4,right_fist,03-04,4421
E05_spatial_control,erd_lr,5,41,0,0,0.3856190334581038,4,left_fist,03-04,4422
E05_spatial_control,erd_lr,5,41,0,1,0.6018438117150597,4,right_fist,03-04,4423
E05_spatial_control,erd_lr,5,41,0,0,0.3253183160429697,4,left_fist,03-04,4424
E05_spatial_control,erd_lr,5,41,0,0,0.41394283472690324,4,right_fist,03-04,4425
E05_spatial_control,erd_lr,5,41,0,1,0.5209498605261672,4,right_fist,03-04,4426
E05_spatial_control,erd_lr,5,41,0,0,0.4955179412829566,4,left_fist,03-04,4427
E05_spatial_control,erd_lr,5,41,0,1,0.6193292391789655,4,right_fist,03-04,4428
E05_spatial_control,erd_lr,5,41,0,1,0.5042695845550091,4,left_fist,03-04,4429
E05_spatial_control,erd_lr,5,41,0,0,0.39211742373670044,4,left_fist,03-04,4430
E05_spatial_control,erd_lr,5,41,1,1,0.6267829717658063,5,both_fists,05-06,4431
E05_spatial_control,erd_lr,5,41,1,1,0.5196692952559978,5,both_feet,05-06,4432
E05_spatial_control,erd_lr,5,41,1,1,0.5835774696680099,5,both_fists,05-06,4433
E05_spatial_control,erd_lr,5,41,1,1,0.6132146442318411,5,both_feet,05-06,4434
E05_spatial_control,erd_lr,5,41,1,0,0.4456660504717451,5,both_fists,05-06,4435
E05_spatial_control,erd_lr,5,41,1,0,0.39216240918558737,5,both_feet,05-06,4436
E05_spatial_control,erd_lr,5,41,1,0,0.4352740495525364,5,both_feet,05-06,4437
E05_spatial_control,erd_lr,5,41,1,1,0.6655604023794057,5,both_fists,05-06,4438
E05_spatial_control,erd_lr,5,41,1,0,0.4039325083710011,5,both_feet,05-06,4439
E05_spatial_control,erd_lr,5,41,1,1,0.5033167864521921,5,both_fists,05-06,4440
E05_spatial_control,erd_lr,5,41,1,1,0.5146121127659036,5,both_feet,05-06,4441
E05_spatial_control,erd_lr,5,41,1,1,0.6530224599143898,5,both_fists,05-06,4442
E05_spatial_control,erd_lr,5,41,1,1,0.555581702274902,5,both_fists,05-06,4443
E05_spatial_control,erd_lr,5,41,1,1,0.5425319519849995,5,both_feet,05-06,4444
E05_spatial_control,erd_lr,5,41,1,0,0.3113181823662672,5,both_feet,05-06,4445
E05_spatial_control,erd_lr,5,41,0,0,0.4511207174754801,6,both_fists,05-06,4446
E05_spatial_control,erd_lr,5,41,0,0,0.3454176800994009,6,both_feet,05-06,4447
E05_spatial_control,erd_lr,5,41,0,0,0.4194513225437139,6,both_feet,05-06,4448
E05_spatial_control,erd_lr,5,41,0,0,0.4728334590469896,6,both_fists,05-06,4449
E05_spatial_control,erd_lr,5,41,0,0,0.4088001363342126,6,both_feet,05-06,4450
E05_spatial_control,erd_lr,5,41,0,0,0.3747501764002714,6,both_fists,05-06,4451
E05_spatial_control,erd_lr,5,41,0,0,0.4338208252883567,6,both_feet,05-06,4452
E05_spatial_control,erd_lr,5,41,0,0,0.4568770530966254,6,both_fists,05-06,4453
E05_spatial_control,erd_lr,5,41,0,0,0.3924021495962901,6,both_fists,05-06,4454
E05_spatial_control,erd_lr,5,41,0,0,0.4621817146449428,6,both_feet,05-06,4455
E05_spatial_control,erd_lr,5,41,0,0,0.4473708250562281,6,both_fists,05-06,4456
E05_spatial_control,erd_lr,5,41,0,0,0.4329920139387759,6,both_feet,05-06,4457
E05_spatial_control,erd_lr,5,41,0,0,0.3106933024620072,6,both_fists,05-06,4458
E05_spatial_control,erd_lr,5,41,0,0,0.3289759706427455,6,both_feet,05-06,4459
E05_spatial_control,erd_lr,5,41,0,1,0.5378834189847591,6,both_fists,05-06,4460
E05_spatial_control,erd_lr,5,41,1,0,0.4761097409741664,7,right_fist,07-08,4461
E05_spatial_control,erd_lr,5,41,1,1,0.6580817242315117,7,left_fist,07-08,4462
E05_spatial_control,erd_lr,5,41,1,1,0.6365974396153561,7,left_fist,07-08,4463
E05_spatial_control,erd_lr,5,41,1,1,0.5466051935597129,7,right_fist,07-08,4464
E05_spatial_control,erd_lr,5,41,1,1,0.587585653424219,7,left_fist,07-08,4465
E05_spatial_control,erd_lr,5,41,1,1,0.7437984120737402,7,right_fist,07-08,4466
E05_spatial_control,erd_lr,5,41,1,1,0.5329320873273168,7,left_fist,07-08,4467
E05_spatial_control,erd_lr,5,41,1,0,0.47259636274812317,7,right_fist,07-08,4468
E05_spatial_control,erd_lr,5,41,1,0,0.4485478567194328,7,left_fist,07-08,4469
E05_spatial_control,erd_lr,5,41,1,0,0.34992748756248365,7,right_fist,07-08,4470
E05_spatial_control,erd_lr,5,41,1,1,0.5848462380482709,7,left_fist,07-08,4471
E05_spatial_control,erd_lr,5,41,1,0,0.48602162507539964,7,right_fist,07-08,4472
E05_spatial_control,erd_lr,5,41,1,0,0.4669940545751511,7,right_fist,07-08,4473
E05_spatial_control,erd_lr,5,41,1,1,0.5197076093090511,7,left_fist,07-08,4474
E05_spatial_control,erd_lr,5,41,1,0,0.4466456421522862,7,right_fist,07-08,4475
E05_spatial_control,erd_lr,5,41,0,0,0.3804609838664219,8,right_fist,07-08,4476
E05_spatial_control,erd_lr,5,41,0,0,0.4307087212767854,8,left_fist,07-08,4477
E05_spatial_control,erd_lr,5,41,0,0,0.37915258861914,8,left_fist,07-08,4478
E05_spatial_control,erd_lr,5,41,0,0,0.4534955160659138,8,right_fist,07-08,4479
E05_spatial_control,erd_lr,5,41,0,0,0.347692988642013,8,right_fist,07-08,4480
E05_spatial_control,erd_lr,5,41,0,0,0.26935416867093326,8,left_fist,07-08,4481
E05_spatial_control,erd_lr,5,41,0,0,0.27843213498126035,8,right_fist,07-08,4482
E05_spatial_control,erd_lr,5,41,0,0,0.46449291676707377,8,left_fist,07-08,4483
E05_spatial_control,erd_lr,5,41,0,0,0.4631822407926116,8,left_fist,07-08,4484
E05_spatial_control,erd_lr,5,41,0,0,0.49590081400417085,8,right_fist,07-08,4485
E05_spatial_control,erd_lr,5,41,0,0,0.3550114967158369,8,left_fist,07-08,4486
E05_spatial_control,erd_lr,5,41,0,0,0.3732338236344116,8,right_fist,07-08,4487
E05_spatial_control,erd_lr,5,41,0,0,0.4108069908296744,8,right_fist,07-08,4488
E05_spatial_control,erd_lr,5,41,0,1,0.5175207648654749,8,left_fist,07-08,4489
E05_spatial_control,erd_lr,5,41,0,0,0.37506700162213197,8,left_fist,07-08,4490
E05_spatial_control,erd_lr,5,41,1,0,0.36517685418903095,9,both_feet,09-10,4491
E05_spatial_control,erd_lr,5,41,1,1,0.5605219281136232,9,both_fists,09-10,4492
E05_spatial_control,erd_lr,5,41,1,1,0.5740741467973264,9,both_fists,09-10,4493
E05_spatial_control,erd_lr,5,41,1,1,0.5545717202284325,9,both_feet,09-10,4494
E05_spatial_control,erd_lr,5,41,1,0,0.47443203270041023,9,both_fists,09-10,4495
E05_spatial_control,erd_lr,5,41,1,0,0.43034039277489955,9,both_feet,09-10,4496
E05_spatial_control,erd_lr,5,41,1,0,0.46518588673269934,9,both_fists,09-10,4497
E05_spatial_control,erd_lr,5,41,1,1,0.5073666798327942,9,both_feet,09-10,4498
E05_spatial_control,erd_lr,5,41,1,1,0.6123892326074973,9,both_fists,09-10,4499
E05_spatial_control,erd_lr,5,41,1,0,0.3749653756229726,9,both_feet,09-10,4500
E05_spatial_control,erd_lr,5,41,1,1,0.5523582723748932,9,both_fists,09-10,4501
E05_spatial_control,erd_lr,5,41,1,0,0.3909644090585575,9,both_feet,09-10,4502
E05_spatial_control,erd_lr,5,41,1,0,0.4630811694723515,9,both_feet,09-10,4503
E05_spatial_control,erd_lr,5,41,1,1,0.5358900396602041,9,both_fists,09-10,4504
E05_spatial_control,erd_lr,5,41,1,0,0.4797960697176607,9,both_feet,09-10,4505
E05_spatial_control,erd_lr,5,41,0,0,0.4869177020982609,10,both_feet,09-10,4506
E05_spatial_control,erd_lr,5,41,0,1,0.5385450895434558,10,both_fists,09-10,4507
E05_spatial_control,erd_lr,5,41,0,1,0.5017005361928133,10,both_feet,09-10,4508
E05_spatial_control,erd_lr,5,41,0,1,0.6379208635564932,10,both_fists,09-10,4509
E05_spatial_control,erd_lr,5,41,0,1,0.6676280070933984,10,both_feet,09-10,4510
E05_spatial_control,erd_lr,5,41,0,0,0.3732523600410921,10,both_fists,09-10,4511
E05_spatial_control,erd_lr,5,41,0,1,0.6188242323114095,10,both_feet,09-10,4512
E05_spatial_control,erd_lr,5,41,0,1,0.6440645217523799,10,both_fists,09-10,4513
E05_spatial_control,erd_lr,5,41,0,0,0.4212160531205005,10,both_feet,09-10,4514
E05_spatial_control,erd_lr,5,41,0,0,0.34579249971410964,10,both_fists,09-10,4515
E05_spatial_control,erd_lr,5,41,0,0,0.49131919118449724,10,both_fists,09-10,4516
E05_spatial_control,erd_lr,5,41,0,0,0.3972197987953659,10,both_feet,09-10,4517
E05_spatial_control,erd_lr,5,41,0,1,0.5887208091959967,10,both_feet,09-10,4518
E05_spatial_control,erd_lr,5,41,0,0,0.43210066513775847,10,both_fists,09-10,4519
E05_spatial_control,erd_lr,5,41,0,0,0.24178704401522694,10,both_fists,09-10,4520
E05_spatial_control,erd_lr,5,41,1,1,0.5315240709224128,11,right_fist,11-12,4521
E05_spatial_control,erd_lr,5,41,1,1,0.5560714611092221,11,left_fist,11-12,4522
E05_spatial_control,erd_lr,5,41,1,1,0.6130947180802317,11,right_fist,11-12,4523
E05_spatial_control,erd_lr,5,41,1,1,0.5525524917915818,11,left_fist,11-12,4524
E05_spatial_control,erd_lr,5,41,1,0,0.45546936307323643,11,right_fist,11-12,4525
E05_spatial_control,erd_lr,5,41,1,0,0.47625932702805746,11,left_fist,11-12,4526
E05_spatial_control,erd_lr,5,41,1,1,0.5836925636777096,11,left_fist,11-12,4527
E05_spatial_control,erd_lr,5,41,1,1,0.5502927412498855,11,right_fist,11-12,4528
E05_spatial_control,erd_lr,5,41,1,1,0.7517981999029774,11,left_fist,11-12,4529
E05_spatial_control,erd_lr,5,41,1,1,0.5200086132306078,11,right_fist,11-12,4530
E05_spatial_control,erd_lr,5,41,1,0,0.45137611235184333,11,left_fist,11-12,4531
E05_spatial_control,erd_lr,5,41,1,0,0.4393672864849329,11,right_fist,11-12,4532
E05_spatial_control,erd_lr,5,41,1,1,0.6132733019085009,11,left_fist,11-12,4533
E05_spatial_control,erd_lr,5,41,1,1,0.6182378749410493,11,right_fist,11-12,4534
E05_spatial_control,erd_lr,5,41,1,0,0.46648014291670603,11,right_fist,11-12,4535
E05_spatial_control,erd_lr,5,41,0,1,0.547068020131259,12,right_fist,11-12,4536
E05_spatial_control,erd_lr,5,41,0,1,0.5990235151673945,12,left_fist,11-12,4537
E05_spatial_control,erd_lr,5,41,0,0,0.435587320024364,12,right_fist,11-12,4538
E05_spatial_control,erd_lr,5,41,0,0,0.39382355294055826,12,left_fist,11-12,4539
E05_spatial_control,erd_lr,5,41,0,1,0.5092399912327328,12,right_fist,11-12,4540
E05_spatial_control,erd_lr,5,41,0,1,0.5422036392146539,12,left_fist,11-12,4541
E05_spatial_control,erd_lr,5,41,0,1,0.7558567123371274,12,right_fist,11-12,4542
E05_spatial_control,erd_lr,5,41,0,0,0.44785567360426676,12,left_fist,11-12,4543
E05_spatial_control,erd_lr,5,41,0,1,0.5244591007406931,12,right_fist,11-12,4544
E05_spatial_control,erd_lr,5,41,0,0,0.3008663873543386,12,left_fist,11-12,4545
E05_spatial_control,erd_lr,5,41,0,1,0.5060344776010051,12,left_fist,11-12,4546
E05_spatial_control,erd_lr,5,41,0,0,0.4063633116115678,12,right_fist,11-12,4547
E05_spatial_control,erd_lr,5,41,0,0,0.29563060033729055,12,right_fist,11-12,4548
E05_spatial_control,erd_lr,5,41,0,1,0.5039625262355133,12,left_fist,11-12,4549
E05_spatial_control,erd_lr,5,41,0,1,0.5113056732165916,12,left_fist,11-12,4550
E05_spatial_control,erd_lr,5,41,1,0,0.4730350378728053,13,both_feet,13-14,4551
E05_spatial_control,erd_lr,5,41,1,1,0.5866448670196829,13,both_fists,13-14,4552
E05_spatial_control,erd_lr,5,41,1,1,0.5153173245679459,13,both_fists,13-14,4553
E05_spatial_control,erd_lr,5,41,1,0,0.44791038384700615,13,both_feet,13-14,4554
E05_spatial_control,erd_lr,5,41,1,0,0.3433200734814079,13,both_fists,13-14,4555
E05_spatial_control,erd_lr,5,41,1,1,0.5050764799192424,13,both_feet,13-14,4556
E05_spatial_control,erd_lr,5,41,1,0,0.46381300752320653,13,both_feet,13-14,4557
E05_spatial_control,erd_lr,5,41,1,0,0.481479341451698,13,both_fists,13-14,4558
E05_spatial_control,erd_lr,5,41,1,1,0.5427201901617718,13,both_feet,13-14,4559
E05_spatial_control,erd_lr,5,41,1,1,0.553254277397165,13,both_fists,13-14,4560
E05_spatial_control,erd_lr,5,41,1,1,0.6641203137249477,13,both_fists,13-14,4561
E05_spatial_control,erd_lr,5,41,1,0,0.465496211322832,13,both_feet,13-14,4562
E05_spatial_control,erd_lr,5,41,1,0,0.4487752508832851,13,both_fists,13-14,4563
E05_spatial_control,erd_lr,5,41,1,1,0.6811470092298084,13,both_feet,13-14,4564
E05_spatial_control,erd_lr,5,41,1,0,0.40090622457584085,13,both_fists,13-14,4565
E05_spatial_control,erd_lr,5,41,0,0,0.43813289109224557,14,both_feet,13-14,4566
E05_spatial_control,erd_lr,5,41,0,1,0.5309992076326273,14,both_fists,13-14,4567
E05_spatial_control,erd_lr,5,41,0,1,0.5580932868678599,14,both_fists,13-14,4568
E05_spatial_control,erd_lr,5,41,0,0,0.4803416655249833,14,both_feet,13-14,4569
E05_spatial_control,erd_lr,5,41,0,0,0.4382651397454099,14,both_fists,13-14,4570
E05_spatial_control,erd_lr,5,41,0,0,0.46400725823951616,14,both_feet,13-14,4571
E05_spatial_control,erd_lr,5,41,0,1,0.6274783790191935,14,both_feet,13-14,4572
E05_spatial_control,erd_lr,5,41,0,0,0.3918892932769693,14,both_fists,13-14,4573
E05_spatial_control,erd_lr,5,41,0,0,0.4449308184801616,14,both_feet,13-14,4574
E05_spatial_control,erd_lr,5,41,0,0,0.3378805302760364,14,both_fists,13-14,4575
E05_spatial_control,erd_lr,5,41,0,0,0.48900984372587697,14,both_fists,13-14,4576
E05_spatial_control,erd_lr,5,41,0,0,0.4181867918953233,14,both_feet,13-14,4577
E05_spatial_control,erd_lr,5,41,0,0,0.2651746388037769,14,both_feet,13-14,4578
E05_spatial_control,erd_lr,5,41,0,0,0.4724716262235233,14,both_fists,13-14,4579
E05_spatial_control,erd_lr,5,41,0,0,0.42628173777262685,14,both_feet,13-14,4580
E05_spatial_control,erd_lr,5,42,1,1,0.5280571198996954,3,right_fist,03-04,4581
E05_spatial_control,erd_lr,5,42,1,1,0.6299105240429472,3,left_fist,03-04,4582
E05_spatial_control,erd_lr,5,42,1,1,0.6040639123981218,3,left_fist,03-04,4583
E05_spatial_control,erd_lr,5,42,1,1,0.5492201035203272,3,right_fist,03-04,4584
E05_spatial_control,erd_lr,5,42,1,1,0.530589034122713,3,left_fist,03-04,4585
E05_spatial_control,erd_lr,5,42,1,1,0.6083733211008467,3,right_fist,03-04,4586
E05_spatial_control,erd_lr,5,42,1,1,0.6532527916466088,3,left_fist,03-04,4587
E05_spatial_control,erd_lr,5,42,1,0,0.4391585609118493,3,right_fist,03-04,4588
E05_spatial_control,erd_lr,5,42,1,0,0.4052740437270731,3,left_fist,03-04,4589
E05_spatial_control,erd_lr,5,42,1,0,0.471987712568957,3,right_fist,03-04,4590
E05_spatial_control,erd_lr,5,42,1,1,0.6808039027659469,3,right_fist,03-04,4591
E05_spatial_control,erd_lr,5,42,1,0,0.4159636546099188,3,left_fist,03-04,4592
E05_spatial_control,erd_lr,5,42,1,1,0.5337729001927728,3,left_fist,03-04,4593
E05_spatial_control,erd_lr,5,42,1,1,0.6064631449218826,3,right_fist,03-04,4594
E05_spatial_control,erd_lr,5,42,1,1,0.5372019093401728,3,left_fist,03-04,4595
E05_spatial_control,erd_lr,5,42,0,1,0.5652601145218443,4,left_fist,03-04,4596
E05_spatial_control,erd_lr,5,42,0,0,0.4910776241804743,4,right_fist,03-04,4597
E05_spatial_control,erd_lr,5,42,0,1,0.601677968046858,4,left_fist,03-04,4598
E05_spatial_control,erd_lr,5,42,0,1,0.5463035539851261,4,right_fist,03-04,4599
E05_spatial_control,erd_lr,5,42,0,0,0.4023879568588066,4,left_fist,03-04,4600
E05_spatial_control,erd_lr,5,42,0,1,0.5123945293069774,4,right_fist,03-04,4601
E05_spatial_control,erd_lr,5,42,0,1,0.5124972385073481,4,left_fist,03-04,4602
E05_spatial_control,erd_lr,5,42,0,0,0.472021459907391,4,right_fist,03-04,4603
E05_spatial_control,erd_lr,5,42,0,1,0.6016903668245956,4,left_fist,03-04,4604
E05_spatial_control,erd_lr,5,42,0,1,0.5004041492860855,4,right_fist,03-04,4605
E05_spatial_control,erd_lr,5,42,0,1,0.6365770348596614,4,right_fist,03-04,4606
E05_spatial_control,erd_lr,5,42,0,0,0.39831078347447174,4,left_fist,03-04,4607
E05_spatial_control,erd_lr,5,42,0,0,0.4299272236543411,4,left_fist,03-04,4608
E05_spatial_control,erd_lr,5,42,0,0,0.45026983970010054,4,right_fist,03-04,4609
E05_spatial_control,erd_lr,5,42,0,1,0.6013500507150861,4,right_fist,03-04,4610
E05_spatial_control,erd_lr,5,42,1,0,0.37347608657875636,5,both_feet,05-06,4611
E05_spatial_control,erd_lr,5,42,1,1,0.5167347160123009,5,both_fists,05-06,4612
E05_spatial_control,erd_lr,5,42,1,1,0.6336296082313063,5,both_feet,05-06,4613
E05_spatial_control,erd_lr,5,42,1,1,0.5420033169817605,5,both_fists,05-06,4614
E05_spatial_control,erd_lr,5,42,1,1,0.5051150379111945,5,both_fists,05-06,4615
E05_spatial_control,erd_lr,5,42,1,1,0.5580137787813241,5,both_feet,05-06,4616
E05_spatial_control,erd_lr,5,42,1,1,0.5989811115119913,5,both_fists,05-06,4617
E05_spatial_control,erd_lr,5,42,1,0,0.39562719970886967,5,both_feet,05-06,4618
E05_spatial_control,erd_lr,5,42,1,1,0.6203789476515841,5,both_feet,05-06,4619
E05_spatial_control,erd_lr,5,42,1,1,0.5367387695915683,5,both_fists,05-06,4620
E05_spatial_control,erd_lr,5,42,1,1,0.5978692206091738,5,both_fists,05-06,4621
E05_spatial_control,erd_lr,5,42,1,0,0.35695156161126107,5,both_feet,05-06,4622
E05_spatial_control,erd_lr,5,42,1,0,0.4770714297376727,5,both_feet,05-06,4623
E05_spatial_control,erd_lr,5,42,1,0,0.4440077079191628,5,both_fists,05-06,4624
E05_spatial_control,erd_lr,5,42,1,1,0.6239699608928979,5,both_fists,05-06,4625
E05_spatial_control,erd_lr,5,42,0,0,0.4470489836091229,6,both_feet,05-06,4626
E05_spatial_control,erd_lr,5,42,0,1,0.5383201476779099,6,both_fists,05-06,4627
E05_spatial_control,erd_lr,5,42,0,1,0.535976548364414,6,both_feet,05-06,4628
E05_spatial_control,erd_lr,5,42,0,1,0.5949478661397557,6,both_fists,05-06,4629
E05_spatial_control,erd_lr,5,42,0,1,0.5404622416576957,6,both_feet,05-06,4630
E05_spatial_control,erd_lr,5,42,0,1,0.514223394527425,6,both_fists,05-06,4631
E05_spatial_control,erd_lr,5,42,0,1,0.5828974422484006,6,both_feet,05-06,4632
E05_spatial_control,erd_lr,5,42,0,1,0.5254180247821778,6,both_fists,05-06,4633
E05_spatial_control,erd_lr,5,42,0,1,0.5460974828574028,6,both_feet,05-06,4634
E05_spatial_control,erd_lr,5,42,0,1,0.5405772751534201,6,both_fists,05-06,4635
E05_spatial_control,erd_lr,5,42,0,0,0.38008286247397854,6,both_feet,05-06,4636
E05_spatial_control,erd_lr,5,42,0,1,0.5512663762981422,6,both_fists,05-06,4637
E05_spatial_control,erd_lr,5,42,0,1,0.5481304134309859,6,both_fists,05-06,4638
E05_spatial_control,erd_lr,5,42,0,0,0.41397639152714044,6,both_feet,05-06,4639
E05_spatial_control,erd_lr,5,42,0,1,0.5720800462272037,6,both_fists,05-06,4640
E05_spatial_control,erd_lr,5,42,1,1,0.6054510477444118,7,right_fist,07-08,4641
E05_spatial_control,erd_lr,5,42,1,0,0.48736879651841725,7,left_fist,07-08,4642
E05_spatial_control,erd_lr,5,42,1,1,0.627985268295762,7,left_fist,07-08,4643
E05_spatial_control,erd_lr,5,42,1,1,0.5125379327106743,7,right_fist,07-08,4644
E05_spatial_control,erd_lr,5,42,1,1,0.6427162217599668,7,left_fist,07-08,4645
E05_spatial_control,erd_lr,5,42,1,0,0.4806634286439673,7,right_fist,07-08,4646
E05_spatial_control,erd_lr,5,42,1,1,0.5787695982920132,7,right_fist,07-08,4647
E05_spatial_control,erd_lr,5,42,1,1,0.5685444689401259,7,left_fist,07-08,4648
E05_spatial_control,erd_lr,5,42,1,1,0.6600432909954321,7,left_fist,07-08,4649
E05_spatial_control,erd_lr,5,42,1,1,0.5417727340562599,7,right_fist,07-08,4650
E05_spatial_control,erd_lr,5,42,1,1,0.5294747770242287,7,right_fist,07-08,4651
E05_spatial_control,erd_lr,5,42,1,1,0.6561657207814329,7,left_fist,07-08,4652
E05_spatial_control,erd_lr,5,42,1,1,0.5558898912156999,7,left_fist,07-08,4653
E05_spatial_control,erd_lr,5,42,1,1,0.6022477263098616,7,right_fist,07-08,4654
E05_spatial_control,erd_lr,5,42,1,1,0.557562042640143,7,right_fist,07-08,4655
E05_spatial_control,erd_lr,5,42,0,0,0.45557696661419234,8,left_fist,07-08,4656
E05_spatial_control,erd_lr,5,42,0,1,0.6186420399216132,8,right_fist,07-08,4657
E05_spatial_control,erd_lr,5,42,0,1,0.614703195522094,8,left_fist,07-08,4658
E05_spatial_control,erd_lr,5,42,0,0,0.42606763583327434,8,right_fist,07-08,4659
E05_spatial_control,erd_lr,5,42,0,1,0.523463207416336,8,left_fist,07-08,4660
E05_spatial_control,erd_lr,5,42,0,1,0.5720995634034788,8,right_fist,07-08,4661
E05_spatial_control,erd_lr,5,42,0,0,0.4120582836914552,8,left_fist,07-08,4662
E05_spatial_control,erd_lr,5,42,0,0,0.42041888696475455,8,right_fist,07-08,4663
E05_spatial_control,erd_lr,5,42,0,1,0.5426621540191291,8,left_fist,07-08,4664
E05_spatial_control,erd_lr,5,42,0,0,0.48273397477993496,8,right_fist,07-08,4665
E05_spatial_control,erd_lr,5,42,0,1,0.5282107517646704,8,left_fist,07-08,4666
E05_spatial_control,erd_lr,5,42,0,0,0.39113932900137033,8,right_fist,07-08,4667
E05_spatial_control,erd_lr,5,42,0,0,0.3277052168136591,8,right_fist,07-08,4668
E05_spatial_control,erd_lr,5,42,0,1,0.628149113126544,8,left_fist,07-08,4669
E05_spatial_control,erd_lr,5,42,0,1,0.5974119519562869,8,left_fist,07-08,4670
E05_spatial_control,erd_lr,5,42,1,1,0.5445028966801881,9,both_feet,09-10,4671
E05_spatial_control,erd_lr,5,42,1,1,0.599401211778074,9,both_fists,09-10,4672
E05_spatial_control,erd_lr,5,42,1,1,0.5763756423517473,9,both_fists,09-10,4673
E05_spatial_control,erd_lr,5,42,1,1,0.6268448560076234,9,both_feet,09-10,4674
E05_spatial_control,erd_lr,5,42,1,1,0.7522238531825034,9,both_fists,09-10,4675
E05_spatial_control,erd_lr,5,42,1,0,0.42567286234570845,9,both_feet,09-10,4676
E05_spatial_control,erd_lr,5,42,1,1,0.6257743781990166,9,both_fists,09-10,4677
E05_spatial_control,erd_lr,5,42,1,1,0.5343559023255301,9,both_feet,09-10,4678
E05_spatial_control,erd_lr,5,42,1,1,0.6794297935074979,9,both_fists,09-10,4679
E05_spatial_control,erd_lr,5,42,1,1,0.5863398234143429,9,both_feet,09-10,4680
E05_spatial_control,erd_lr,5,42,1,1,0.6223763613335995,9,both_fists,09-10,4681
E05_spatial_control,erd_lr,5,42,1,1,0.5130751704310609,9,both_feet,09-10,4682
E05_spatial_control,erd_lr,5,42,1,1,0.5329706912870846,9,both_feet,09-10,4683
E05_spatial_control,erd_lr,5,42,1,1,0.568621216587778,9,both_fists,09-10,4684
E05_spatial_control,erd_lr,5,42,1,0,0.4525460476791058,9,both_fists,09-10,4685
E05_spatial_control,erd_lr,5,42,0,1,0.541060044362062,10,both_fists,09-10,4686
E05_spatial_control,erd_lr,5,42,0,1,0.6588736043765722,10,both_feet,09-10,4687
E05_spatial_control,erd_lr,5,42,0,1,0.5702844350195284,10,both_fists,09-10,4688
E05_spatial_control,erd_lr,5,42,0,0,0.4885818213186506,10,both_feet,09-10,4689
E05_spatial_control,erd_lr,5,42,0,0,0.4677123290589552,10,both_feet,09-10,4690
E05_spatial_control,erd_lr,5,42,0,0,0.37533784715559715,10,both_fists,09-10,4691
E05_spatial_control,erd_lr,5,42,0,1,0.5611030737756332,10,both_feet,09-10,4692
E05_spatial_control,erd_lr,5,42,0,0,0.42488839582789184,10,both_fists,09-10,4693
E05_spatial_control,erd_lr,5,42,0,1,0.5103097776600303,10,both_feet,09-10,4694
E05_spatial_control,erd_lr,5,42,0,0,0.47493520658938404,10,both_fists,09-10,4695
E05_spatial_control,erd_lr,5,42,0,1,0.7307513569938568,10,both_fists,09-10,4696
E05_spatial_control,erd_lr,5,42,0,1,0.60214402672071,10,both_feet,09-10,4697
E05_spatial_control,erd_lr,5,42,0,1,0.5398920962947721,10,both_feet,09-10,4698
E05_spatial_control,erd_lr,5,42,0,1,0.7100575148378793,10,both_fists,09-10,4699
E05_spatial_control,erd_lr,5,42,0,1,0.5847790646571279,10,both_fists,09-10,4700
E05_spatial_control,erd_lr,5,42,1,1,0.6150963562420061,11,left_fist,11-12,4701
E05_spatial_control,erd_lr,5,42,1,1,0.5242764260321788,11,right_fist,11-12,4702
E05_spatial_control,erd_lr,5,42,1,1,0.5076123869338276,11,right_fist,11-12,4703
E05_spatial_control,erd_lr,5,42,1,1,0.5640704842521116,11,left_fist,11-12,4704
E05_spatial_control,erd_lr,5,42,1,1,0.5267015013200813,11,left_fist,11-12,4705
E05_spatial_control,erd_lr,5,42,1,1,0.5191667977677771,11,right_fist,11-12,4706
E05_spatial_control,erd_lr,5,42,1,1,0.5488517539252011,11,left_fist,11-12,4707
E05_spatial_control,erd_lr,5,42,1,1,0.5797609391696517,11,right_fist,11-12,4708
E05_spatial_control,erd_lr,5,42,1,1,0.6619658437398807,11,left_fist,11-12,4709
E05_spatial_control,erd_lr,5,42,1,0,0.4161685903900487,11,right_fist,11-12,4710
E05_spatial_control,erd_lr,5,42,1,1,0.5962461884237183,11,right_fist,11-12,4711
E05_spatial_control,erd_lr,5,42,1,1,0.5949484921326231,11,left_fist,11-12,4712
E05_spatial_control,erd_lr,5,42,1,0,0.44445305668214047,11,right_fist,11-12,4713
E05_spatial_control,erd_lr,5,42,1,1,0.6899603951276281,11,left_fist,11-12,4714
E05_spatial_control,erd_lr,5,42,1,1,0.5856218525995603,11,right_fist,11-12,4715
E05_spatial_control,erd_lr,5,42,0,1,0.677524966001446,12,right_fist,11-12,4716
E05_spatial_control,erd_lr,5,42,0,0,0.36530511961244055,12,left_fist,11-12,4717
E05_spatial_control,erd_lr,5,42,0,1,0.5630147925674754,12,right_fist,11-12,4718
E05_spatial_control,erd_lr,5,42,0,0,0.40592530393836795,12,left_fist,11-12,4719
E05_spatial_control,erd_lr,5,42,0,1,0.5995698680570598,12,left_fist,11-12,4720
E05_spatial_control,erd_lr,5,42,0,1,0.5572700870568537,12,right_fist,11-12,4721
E05_spatial_control,erd_lr,5,42,0,1,0.5418837271185728,12,left_fist,11-12,4722
E05_spatial_control,erd_lr,5,42,0,0,0.44273834303476567,12,right_fist,11-12,4723
E05_spatial_control,erd_lr,5,42,0,0,0.4298346877094657,12,right_fist,11-12,4724
E05_spatial_control,erd_lr,5,42,0,0,0.4948974977008256,12,left_fist,11-12,4725
E05_spatial_control,erd_lr,5,42,0,0,0.2811544763572914,12,right_fist,11-12,4726
E05_spatial_control,erd_lr,5,42,0,1,0.6242922549368404,12,left_fist,11-12,4727
E05_spatial_control,erd_lr,5,42,0,0,0.300546378402916,12,right_fist,11-12,4728
E05_spatial_control,erd_lr,5,42,0,1,0.5760267081190253,12,left_fist,11-12,4729
E05_spatial_control,erd_lr,5,42,0,1,0.5943965816441383,12,right_fist,11-12,4730
E05_spatial_control,erd_lr,5,42,1,1,0.5797149115911253,13,both_fists,13-14,4731
E05_spatial_control,erd_lr,5,42,1,1,0.5649061856836819,13,both_feet,13-14,4732
E05_spatial_control,erd_lr,5,42,1,1,0.6768070127913145,13,both_fists,13-14,4733
E05_spatial_control,erd_lr,5,42,1,1,0.5430318388489007,13,both_feet,13-14,4734
E05_spatial_control,erd_lr,5,42,1,1,0.6347810418544156,13,both_feet,13-14,4735
E05_spatial_control,erd_lr,5,42,1,0,0.49080137995717144,13,both_fists,13-14,4736
E05_spatial_control,erd_lr,5,42,1,0,0.49770551243570293,13,both_fists,13-14,4737
E05_spatial_control,erd_lr,5,42,1,0,0.4827778555299778,13,both_feet,13-14,4738
E05_spatial_control,erd_lr,5,42,1,1,0.5790099085869184,13,both_fists,13-14,4739
E05_spatial_control,erd_lr,5,42,1,1,0.6878834184982084,13,both_feet,13-14,4740
E05_spatial_control,erd_lr,5,42,1,1,0.5062911804193297,13,both_feet,13-14,4741
E05_spatial_control,erd_lr,5,42,1,1,0.6188430015870274,13,both_fists,13-14,4742
E05_spatial_control,erd_lr,5,42,1,1,0.697156666165059,13,both_fists,13-14,4743
E05_spatial_control,erd_lr,5,42,1,0,0.49195741562184986,13,both_feet,13-14,4744
E05_spatial_control,erd_lr,5,42,1,1,0.5232523845531979,13,both_feet,13-14,4745
E05_spatial_control,erd_lr,5,42,0,1,0.5957444854915525,14,both_feet,13-14,4746
E05_spatial_control,erd_lr,5,42,0,1,0.6021470833010739,14,both_fists,13-14,4747
E05_spatial_control,erd_lr,5,42,0,0,0.4183714026434015,14,both_fists,13-14,4748
E05_spatial_control,erd_lr,5,42,0,1,0.6178466088992289,14,both_feet,13-14,4749
E05_spatial_control,erd_lr,5,42,0,0,0.496318699139923,14,both_feet,13-14,4750
E05_spatial_control,erd_lr,5,42,0,0,0.4454160433593454,14,both_fists,13-14,4751
E05_spatial_control,erd_lr,5,42,0,1,0.6059381736595518,14,both_fists,13-14,4752
E05_spatial_control,erd_lr,5,42,0,0,0.47108532172163514,14,both_feet,13-14,4753
E05_spatial_control,erd_lr,5,42,0,1,0.730066195946497,14,both_fists,13-14,4754
E05_spatial_control,erd_lr,5,42,0,1,0.5535170313234489,14,both_feet,13-14,4755
E05_spatial_control,erd_lr,5,42,0,1,0.5498424001609991,14,both_fists,13-14,4756
E05_spatial_control,erd_lr,5,42,0,0,0.4325006561971879,14,both_feet,13-14,4757
E05_spatial_control,erd_lr,5,42,0,0,0.4022427544518253,14,both_fists,13-14,4758
E05_spatial_control,erd_lr,5,42,0,1,0.6323284582689725,14,both_feet,13-14,4759
E05_spatial_control,erd_lr,5,42,0,1,0.5955250705325985,14,both_fists,13-14,4760
E05_spatial_control,erd_lr,5,68,1,0,0.41068044459107167,3,right_fist,03-04,7066
E05_spatial_control,erd_lr,5,68,1,1,0.6104766643907874,3,right_fist,03-04,7067
E05_spatial_control,erd_lr,5,68,1,1,0.5791969274489355,3,right_fist,03-04,7068
E05_spatial_control,erd_lr,5,68,1,1,0.5139520784547422,3,left_fist,03-04,7069
E05_spatial_control,erd_lr,5,68,1,0,0.4030678024104012,3,right_fist,03-04,7070
E05_spatial_control,erd_lr,5,68,1,1,0.6176030745501755,3,left_fist,03-04,7071
E05_spatial_control,erd_lr,5,68,1,1,0.6050626209239519,3,right_fist,03-04,7072
E05_spatial_control,erd_lr,5,68,1,1,0.6680121214218534,3,left_fist,03-04,7073
E05_spatial_control,erd_lr,5,68,1,1,0.5589575540294996,3,left_fist,03-04,7074
E05_spatial_control,erd_lr,5,68,1,1,0.5763550924343984,3,right_fist,03-04,7075
E05_spatial_control,erd_lr,5,68,0,0,0.49763969717259215,4,right_fist,03-04,7076
E05_spatial_control,erd_lr,5,68,0,0,0.41532738240636513,4,left_fist,03-04,7077
E05_spatial_control,erd_lr,5,68,0,1,0.5816229544641729,4,left_fist,03-04,7078
E05_spatial_control,erd_lr,5,68,0,1,0.5341874471577603,4,right_fist,03-04,7079
E05_spatial_control,erd_lr,5,68,0,0,0.36313053996878997,4,right_fist,03-04,7080
E05_spatial_control,erd_lr,5,68,0,1,0.5046522821268025,4,left_fist,03-04,7081
E05_spatial_control,erd_lr,5,68,0,1,0.5066044894550571,4,right_fist,03-04,7082
E05_spatial_control,erd_lr,5,68,0,1,0.5608436481645053,4,left_fist,03-04,7083
E05_spatial_control,erd_lr,5,68,0,0,0.34067951084003023,4,right_fist,03-04,7084
E05_spatial_control,erd_lr,5,68,0,1,0.5011201516554453,4,left_fist,03-04,7085
E05_spatial_control,erd_lr,5,68,0,1,0.6472923271421522,4,left_fist,03-04,7086
E05_spatial_control,erd_lr,5,68,0,1,0.6315697959883446,4,right_fist,03-04,7087
E05_spatial_control,erd_lr,5,68,0,1,0.6757452999477961,4,right_fist,03-04,7088
E05_spatial_control,erd_lr,5,68,0,1,0.695617804137055,4,left_fist,03-04,7089
E05_spatial_control,erd_lr,5,68,0,0,0.445026170826776,4,left_fist,03-04,7090
E05_spatial_control,erd_lr,5,68,1,0,0.47148567185110485,5,both_feet,05-06,7091
E05_spatial_control,erd_lr,5,68,1,0,0.47415897181552513,5,both_fists,05-06,7092
E05_spatial_control,erd_lr,5,68,1,1,0.6508150131293583,5,both_fists,05-06,7093
E05_spatial_control,erd_lr,5,68,1,1,0.698027733172774,5,both_feet,05-06,7094
E05_spatial_control,erd_lr,5,68,1,1,0.5627070556504031,5,both_fists,05-06,7095
E05_spatial_control,erd_lr,5,68,1,1,0.535740700141664,5,both_fists,05-06,7096
E05_spatial_control,erd_lr,5,68,1,1,0.5269599966569269,5,both_feet,05-06,7097
E05_spatial_control,erd_lr,5,68,1,0,0.4226711425767742,5,both_fists,05-06,7098
E05_spatial_control,erd_lr,5,68,1,1,0.7245902095017208,5,both_fists,05-06,7099
E05_spatial_control,erd_lr,5,68,1,1,0.5761746085626732,5,both_fists,05-06,7100
E05_spatial_control,erd_lr,5,68,1,1,0.6724754419135707,5,both_fists,05-06,7101
E05_spatial_control,erd_lr,5,68,0,0,0.49215036246797017,6,both_feet,05-06,7102
E05_spatial_control,erd_lr,5,68,0,1,0.5340989926924317,6,both_fists,05-06,7103
E05_spatial_control,erd_lr,5,68,0,1,0.5952598637932089,6,both_fists,05-06,7104
E05_spatial_control,erd_lr,5,68,0,1,0.5060560962316614,6,both_feet,05-06,7105
E05_spatial_control,erd_lr,5,68,0,1,0.5849032605592317,6,both_fists,05-06,7106
E05_spatial_control,erd_lr,5,68,0,1,0.6992056084815782,6,both_feet,05-06,7107
E05_spatial_control,erd_lr,5,68,0,1,0.5840552306947207,6,both_fists,05-06,7108
E05_spatial_control,erd_lr,5,68,0,1,0.6634823616548441,6,both_fists,05-06,7109
E05_spatial_control,erd_lr,5,68,0,0,0.45083026091010703,6,both_feet,05-06,7110
E05_spatial_control,erd_lr,5,68,0,0,0.3196814288293715,6,both_feet,05-06,7111
E05_spatial_control,erd_lr,5,68,0,0,0.2763248204561986,6,both_feet,05-06,7112
E05_spatial_control,erd_lr,5,68,1,0,0.4733256127955601,7,right_fist,07-08,7113
E05_spatial_control,erd_lr,5,68,1,0,0.4996586879657717,7,left_fist,07-08,7114
E05_spatial_control,erd_lr,5,68,0,1,0.5194844724679417,8,left_fist,07-08,7115
E05_spatial_control,erd_lr,5,68,0,0,0.46184404005685,8,left_fist,07-08,7116
E05_spatial_control,erd_lr,5,68,0,0,0.3379281096243056,8,right_fist,07-08,7117
E05_spatial_control,erd_lr,5,68,0,0,0.4361520675976644,8,left_fist,07-08,7118
E05_spatial_control,erd_lr,5,68,0,1,0.6944091562896189,8,left_fist,07-08,7119
E05_spatial_control,erd_lr,5,68,0,0,0.4616025165103436,8,right_fist,07-08,7120
E05_spatial_control,erd_lr,5,68,0,1,0.5709003165704405,8,left_fist,07-08,7121
E05_spatial_control,erd_lr,5,68,0,1,0.547938663622886,8,right_fist,07-08,7122
E05_spatial_control,erd_lr,5,68,0,0,0.4512621466237379,8,right_fist,07-08,7123
E05_spatial_control,erd_lr,5,68,0,1,0.6163302362451525,8,left_fist,07-08,7124
E05_spatial_control,erd_lr,5,68,0,1,0.6145191064065093,8,right_fist,07-08,7125
E05_spatial_control,erd_lr,5,68,1,1,0.6662525036747559,9,both_fists,09-10,7126
E05_spatial_control,erd_lr,5,68,1,1,0.601587496615455,9,both_fists,09-10,7127
E05_spatial_control,erd_lr,5,68,1,1,0.6843655960680365,9,both_fists,09-10,7128
E05_spatial_control,erd_lr,5,68,1,1,0.5294426982259315,9,both_feet,09-10,7129
E05_spatial_control,erd_lr,5,68,1,1,0.7180187983822653,9,both_fists,09-10,7130
E05_spatial_control,erd_lr,5,68,0,1,0.5087070320493421,10,both_feet,09-10,7131
E05_spatial_control,erd_lr,5,68,0,0,0.4260087216902731,10,both_fists,09-10,7132
E05_spatial_control,erd_lr,5,68,1,1,0.6260127649755474,11,right_fist,11-12,7133
E05_spatial_control,erd_lr,5,68,1,1,0.6076415033655469,11,left_fist,11-12,7134
E05_spatial_control,erd_lr,5,68,1,1,0.5312112176691582,11,left_fist,11-12,7135
E05_spatial_control,erd_lr,5,68,1,0,0.36190935273296015,11,left_fist,11-12,7136
E05_spatial_control,erd_lr,5,68,1,1,0.5490992778187309,11,right_fist,11-12,7137
E05_spatial_control,erd_lr,5,68,0,0,0.4813681573567319,12,left_fist,11-12,7138
E05_spatial_control,erd_lr,5,68,0,1,0.5126558666017986,12,right_fist,11-12,7139
E05_spatial_control,erd_lr,5,68,0,0,0.39299818821427446,12,left_fist,11-12,7140
E05_spatial_control,erd_lr,5,68,0,1,0.6890773281667882,12,right_fist,11-12,7141
E05_spatial_control,erd_lr,5,68,0,1,0.5822059584136227,12,right_fist,11-12,7142
E05_spatial_control,erd_lr,5,68,0,1,0.6126941133287769,12,left_fist,11-12,7143
E05_spatial_control,erd_lr,5,68,0,1,0.6454083865011123,12,left_fist,11-12,7144
E05_spatial_control,erd_lr,5,68,0,1,0.5012075510847029,12,right_fist,11-12,7145
E05_spatial_control,erd_lr,5,68,0,0,0.4465056043460608,12,right_fist,11-12,7146
E05_spatial_control,erd_lr,5,68,0,1,0.5243551673872482,12,left_fist,11-12,7147
E05_spatial_control,erd_lr,5,68,0,1,0.5275726703049461,12,left_fist,11-12,7148
E05_spatial_control,erd_lr,5,68,0,1,0.5503028259383188,12,right_fist,11-12,7149
E05_spatial_control,erd_lr,5,68,0,1,0.6132988073264811,12,left_fist,11-12,7150
E05_spatial_control,erd_lr,5,68,0,0,0.4848339086164576,12,right_fist,11-12,7151
E05_spatial_control,erd_lr,5,68,0,1,0.6095243038755648,12,right_fist,11-12,7152
E05_spatial_control,erd_lr,5,68,1,1,0.7182916141026975,13,both_fists,13-14,7153
E05_spatial_control,erd_lr,5,68,1,1,0.5427307583399014,13,both_feet,13-14,7154
E05_spatial_control,erd_lr,5,68,1,0,0.4379497995373927,13,both_feet,13-14,7155
E05_spatial_control,erd_lr,5,68,1,1,0.6256229188214949,13,both_feet,13-14,7156
E05_spatial_control,erd_lr,5,68,1,0,0.40890896199334414,13,both_fists,13-14,7157
E05_spatial_control,erd_lr,5,68,1,1,0.6715540705447985,13,both_fists,13-14,7158
E05_spatial_control,erd_lr,5,68,1,0,0.41592573415090467,13,both_feet,13-14,7159
E05_spatial_control,erd_lr,5,68,0,1,0.6049305667821905,14,both_fists,13-14,7160
E05_spatial_control,erd_lr,5,68,0,1,0.5620848621668333,14,both_feet,13-14,7161
E05_spatial_control,erd_lr,5,68,0,0,0.47204822250843703,14,both_fists,13-14,7162
E05_spatial_control,erd_lr,5,68,0,0,0.4857747743202564,14,both_feet,13-14,7163
E05_spatial_control,erd_lr,5,68,0,0,0.4050240701171347,14,both_feet,13-14,7164
E05_spatial_control,erd_lr,5,68,0,1,0.6894005941512541,14,both_fists,13-14,7165
E05_spatial_control,erd_lr,5,68,0,0,0.4692728843685911,14,both_feet,13-14,7166
E05_spatial_control,erd_lr,5,68,0,1,0.6095309501056486,14,both_fists,13-14,7167
E05_spatial_control,erd_lr,5,68,0,1,0.6018269055693066,14,both_feet,13-14,7168
E05_spatial_control,erd_lr,5,68,0,1,0.5384208572740019,14,both_fists,13-14,7169
E05_spatial_control,erd_lr,5,68,0,1,0.536753361042651,14,both_feet,13-14,7170
E05_spatial_control,erd_lr,5,68,0,0,0.40492513346486597,14,both_fists,13-14,7171
E05_spatial_control,erd_lr,5,68,0,1,0.5249367994567213,14,both_feet,13-14,7172
E05_spatial_control,erd_lr,5,68,0,1,0.5396077703999081,14,both_fists,13-14,7173
E05_spatial_control,erd_lr,5,68,0,1,0.6011704440668322,14,both_feet,13-14,7174
E05_spatial_control,erd_lr,5,72,1,1,0.5233529177114068,3,right_fist,03-04,7614
E05_spatial_control,erd_lr,5,72,1,1,0.6907916461329998,3,left_fist,03-04,7615
E05_spatial_control,erd_lr,5,72,1,1,0.6394415319077571,3,right_fist,03-04,7616
E05_spatial_control,erd_lr,5,72,1,0,0.4744043463780597,3,left_fist,03-04,7617
E05_spatial_control,erd_lr,5,72,1,0,0.3654734177892323,3,left_fist,03-04,7618
E05_spatial_control,erd_lr,5,72,1,1,0.6578053100638553,3,right_fist,03-04,7619
E05_spatial_control,erd_lr,5,72,1,1,0.6306750607744002,3,right_fist,03-04,7620
E05_spatial_control,erd_lr,5,72,1,0,0.4511017499617889,3,left_fist,03-04,7621
E05_spatial_control,erd_lr,5,72,1,0,0.33540966194587324,3,left_fist,03-04,7622
E05_spatial_control,erd_lr,5,72,1,0,0.41712862318983795,3,right_fist,03-04,7623
E05_spatial_control,erd_lr,5,72,1,0,0.43438673321550886,3,right_fist,03-04,7624
E05_spatial_control,erd_lr,5,72,1,1,0.5531411447396871,3,left_fist,03-04,7625
E05_spatial_control,erd_lr,5,72,1,1,0.5472411738151443,3,left_fist,03-04,7626
E05_spatial_control,erd_lr,5,72,1,1,0.633618610482313,3,right_fist,03-04,7627
E05_spatial_control,erd_lr,5,72,1,1,0.5649535281558193,3,left_fist,03-04,7628
E05_spatial_control,erd_lr,5,72,0,1,0.5972133454196673,4,right_fist,03-04,7629
E05_spatial_control,erd_lr,5,72,0,1,0.5937949745088744,4,left_fist,03-04,7630
E05_spatial_control,erd_lr,5,72,0,0,0.47059564800675613,4,left_fist,03-04,7631
E05_spatial_control,erd_lr,5,72,0,0,0.4453182158561886,4,right_fist,03-04,7632
E05_spatial_control,erd_lr,5,72,0,0,0.4472198538389642,4,right_fist,03-04,7633
E05_spatial_control,erd_lr,5,72,0,0,0.41379199886417845,4,left_fist,03-04,7634
E05_spatial_control,erd_lr,5,72,0,1,0.5412052034763848,4,right_fist,03-04,7635
E05_spatial_control,erd_lr,5,72,0,1,0.5586450088949543,4,left_fist,03-04,7636
E05_spatial_control,erd_lr,5,72,0,1,0.5571371421131655,4,left_fist,03-04,7637
E05_spatial_control,erd_lr,5,72,0,1,0.5774003689021512,4,right_fist,03-04,7638
E05_spatial_control,erd_lr,5,72,0,0,0.4537658332426727,4,left_fist,03-04,7639
E05_spatial_control,erd_lr,5,72,0,1,0.5399779417919538,4,right_fist,03-04,7640
E05_spatial_control,erd_lr,5,72,0,0,0.3502985738698323,4,left_fist,03-04,7641
E05_spatial_control,erd_lr,5,72,0,1,0.5860941314537387,4,right_fist,03-04,7642
E05_spatial_control,erd_lr,5,72,0,0,0.39302878168561134,4,right_fist,03-04,7643
E05_spatial_control,erd_lr,5,72,1,1,0.6398038756343629,5,both_fists,05-06,7644
E05_spatial_control,erd_lr,5,72,1,1,0.553346094003273,5,both_feet,05-06,7645
E05_spatial_control,erd_lr,5,72,1,0,0.4664986578883653,5,both_feet,05-06,7646
E05_spatial_control,erd_lr,5,72,1,0,0.49248835621213,5,both_fists,05-06,7647
E05_spatial_control,erd_lr,5,72,1,1,0.6885948394789906,5,both_fists,05-06,7648
E05_spatial_control,erd_lr,5,72,1,0,0.28767949649398955,5,both_feet,05-06,7649
E05_spatial_control,erd_lr,5,72,1,0,0.4846970917027829,5,both_feet,05-06,7650
E05_spatial_control,erd_lr,5,72,1,0,0.46361568898951383,5,both_fists,05-06,7651
E05_spatial_control,erd_lr,5,72,1,1,0.5591325818349736,5,both_fists,05-06,7652
E05_spatial_control,erd_lr,5,72,1,1,0.5199651302581051,5,both_feet,05-06,7653
E05_spatial_control,erd_lr,5,72,1,1,0.5387070044299327,5,both_fists,05-06,7654
E05_spatial_control,erd_lr,5,72,1,0,0.3672616201410627,5,both_feet,05-06,7655
E05_spatial_control,erd_lr,5,72,1,1,0.6464645528903791,5,both_fists,05-06,7656
E05_spatial_control,erd_lr,5,72,1,0,0.49648912181717325,5,both_feet,05-06,7657
E05_spatial_control,erd_lr,5,72,1,0,0.4649600381917851,5,both_feet,05-06,7658
E05_spatial_control,erd_lr,5,72,0,0,0.38501823188417644,6,both_fists,05-06,7659
E05_spatial_control,erd_lr,5,72,0,0,0.4922595143522049,6,both_feet,05-06,7660
E05_spatial_control,erd_lr,5,72,0,0,0.4636149234416884,6,both_fists,05-06,7661
E05_spatial_control,erd_lr,5,72,0,0,0.39169516766504253,6,both_feet,05-06,7662
E05_spatial_control,erd_lr,5,72,0,1,0.5075328169535616,6,both_feet,05-06,7663
E05_spatial_control,erd_lr,5,72,0,0,0.4569751291655635,6,both_fists,05-06,7664
E05_spatial_control,erd_lr,5,72,0,1,0.5833026563740995,6,both_fists,05-06,7665
E05_spatial_control,erd_lr,5,72,0,1,0.528428777880077,6,both_feet,05-06,7666
E05_spatial_control,erd_lr,5,72,0,1,0.6084539204635241,6,both_fists,05-06,7667
E05_spatial_control,erd_lr,5,72,0,1,0.7165486999480372,6,both_feet,05-06,7668
E05_spatial_control,erd_lr,5,72,0,0,0.35787159547574054,6,both_feet,05-06,7669
E05_spatial_control,erd_lr,5,72,0,1,0.6427931273729999,6,both_fists,05-06,7670
E05_spatial_control,erd_lr,5,72,0,0,0.461903198201629,6,both_fists,05-06,7671
E05_spatial_control,erd_lr,5,72,0,0,0.47825565247510565,6,both_feet,05-06,7672
E05_spatial_control,erd_lr,5,72,0,0,0.37979202098724396,6,both_feet,05-06,7673
E05_spatial_control,erd_lr,5,72,1,0,0.46489846368363597,7,left_fist,07-08,7674
E05_spatial_control,erd_lr,5,72,1,1,0.6519766532021046,7,right_fist,07-08,7675
E05_spatial_control,erd_lr,5,72,1,1,0.6101830763569492,7,left_fist,07-08,7676
E05_spatial_control,erd_lr,5,72,1,0,0.3764680595376576,7,right_fist,07-08,7677
E05_spatial_control,erd_lr,5,72,1,1,0.621537343832317,7,left_fist,07-08,7678
E05_spatial_control,erd_lr,5,72,1,1,0.6671338222243471,7,right_fist,07-08,7679
E05_spatial_control,erd_lr,5,72,1,1,0.6483503706439251,7,right_fist,07-08,7680
E05_spatial_control,erd_lr,5,72,1,1,0.5386353874264714,7,left_fist,07-08,7681
E05_spatial_control,erd_lr,5,72,1,0,0.45971114927019874,7,right_fist,07-08,7682
E05_spatial_control,erd_lr,5,72,1,0,0.4718882689613965,7,left_fist,07-08,7683
E05_spatial_control,erd_lr,5,72,1,0,0.42289541187830343,7,right_fist,07-08,7684
E05_spatial_control,erd_lr,5,72,1,1,0.5374405077860658,7,left_fist,07-08,7685
E05_spatial_control,erd_lr,5,72,1,1,0.5471976663014085,7,right_fist,07-08,7686
E05_spatial_control,erd_lr,5,72,1,0,0.4397125304807323,7,left_fist,07-08,7687
E05_spatial_control,erd_lr,5,72,1,1,0.5604462184479746,7,right_fist,07-08,7688
E05_spatial_control,erd_lr,5,72,0,1,0.5217075205197997,8,right_fist,07-08,7689
E05_spatial_control,erd_lr,5,72,0,1,0.5297219319550942,8,left_fist,07-08,7690
E05_spatial_control,erd_lr,5,72,0,1,0.6017270661003591,8,right_fist,07-08,7691
E05_spatial_control,erd_lr,5,72,0,0,0.4879306902777452,8,left_fist,07-08,7692
E05_spatial_control,erd_lr,5,72,0,1,0.5968317156377031,8,left_fist,07-08,7693
E05_spatial_control,erd_lr,5,72,0,0,0.38544392044088066,8,right_fist,07-08,7694
E05_spatial_control,erd_lr,5,72,0,1,0.508412017867528,8,left_fist,07-08,7695
E05_spatial_control,erd_lr,5,72,0,0,0.47221156199539754,8,right_fist,07-08,7696
E05_spatial_control,erd_lr,5,72,0,0,0.44037070422407404,8,right_fist,07-08,7697
E05_spatial_control,erd_lr,5,72,0,1,0.560377049750271,8,left_fist,07-08,7698
E05_spatial_control,erd_lr,5,72,0,1,0.6449110790083947,8,left_fist,07-08,7699
E05_spatial_control,erd_lr,5,72,0,1,0.5874196539813674,8,right_fist,07-08,7700
E05_spatial_control,erd_lr,5,72,0,1,0.6231459159233617,8,left_fist,07-08,7701
E05_spatial_control,erd_lr,5,72,0,0,0.32990934394404114,8,right_fist,07-08,7702
E05_spatial_control,erd_lr,5,72,0,0,0.4692368057014032,8,right_fist,07-08,7703
E05_spatial_control,erd_lr,5,72,1,1,0.5486034381008039,9,both_feet,09-10,7704
E05_spatial_control,erd_lr,5,72,1,1,0.6018886115541148,9,both_fists,09-10,7705
E05_spatial_control,erd_lr,5,72,1,1,0.6233262632783022,9,both_fists,09-10,7706
E05_spatial_control,erd_lr,5,72,1,1,0.7138800849067748,9,both_feet,09-10,7707
E05_spatial_control,erd_lr,5,72,1,0,0.4217324845364488,9,both_feet,09-10,7708
E05_spatial_control,erd_lr,5,72,1,0,0.4599916984847063,9,both_fists,09-10,7709
E05_spatial_control,erd_lr,5,72,1,1,0.5917584295017899,9,both_fists,09-10,7710
E05_spatial_control,erd_lr,5,72,1,1,0.5523773796512662,9,both_feet,09-10,7711
E05_spatial_control,erd_lr,5,72,1,0,0.4620459093471785,9,both_fists,09-10,7712
E05_spatial_control,erd_lr,5,72,1,0,0.383704262279957,9,both_feet,09-10,7713
E05_spatial_control,erd_lr,5,72,1,1,0.5432493246953813,9,both_fists,09-10,7714
E05_spatial_control,erd_lr,5,72,1,1,0.5983059640123963,9,both_feet,09-10,7715
E05_spatial_control,erd_lr,5,72,1,1,0.5114424043251804,9,both_feet,09-10,7716
E05_spatial_control,erd_lr,5,72,1,1,0.5151572939230865,9,both_fists,09-10,7717
E05_spatial_control,erd_lr,5,72,1,1,0.5149551618627162,9,both_fists,09-10,7718
E05_spatial_control,erd_lr,5,72,0,0,0.4130312982716155,10,both_feet,09-10,7719
E05_spatial_control,erd_lr,5,72,0,0,0.36655926283221124,10,both_fists,09-10,7720
E05_spatial_control,erd_lr,5,72,0,0,0.4143228487715632,10,both_fists,09-10,7721
E05_spatial_control,erd_lr,5,72,0,0,0.48496694735642787,10,both_feet,09-10,7722
E05_spatial_control,erd_lr,5,72,0,0,0.3206728219563213,10,both_feet,09-10,7723
E05_spatial_control,erd_lr,5,72,0,1,0.5069739296411104,10,both_fists,09-10,7724
E05_spatial_control,erd_lr,5,72,0,0,0.39916468427981305,10,both_feet,09-10,7725
E05_spatial_control,erd_lr,5,72,0,1,0.5063229084391789,10,both_fists,09-10,7726
E05_spatial_control,erd_lr,5,72,0,0,0.2499546983390944,10,both_feet,09-10,7727
E05_spatial_control,erd_lr,5,72,0,0,0.44619298971659366,10,both_fists,09-10,7728
E05_spatial_control,erd_lr,5,72,0,0,0.47565685931999896,10,both_feet,09-10,7729
E05_spatial_control,erd_lr,5,72,0,1,0.7460232407433832,10,both_fists,09-10,7730
E05_spatial_control,erd_lr,5,72,0,0,0.4410557658576014,10,both_feet,09-10,7731
E05_spatial_control,erd_lr,5,72,0,1,0.6101238549346686,10,both_fists,09-10,7732
E05_spatial_control,erd_lr,5,72,0,1,0.5887876366545258,10,both_feet,09-10,7733
E05_spatial_control,erd_lr,5,72,1,1,0.5633718485504569,11,right_fist,11-12,7734
E05_spatial_control,erd_lr,5,72,1,1,0.5945600282649316,11,left_fist,11-12,7735
E05_spatial_control,erd_lr,5,72,1,1,0.5522260850044072,11,right_fist,11-12,7736
E05_spatial_control,erd_lr,5,72,1,1,0.5826649935312845,11,left_fist,11-12,7737
E05_spatial_control,erd_lr,5,72,1,1,0.6777908503675003,11,left_fist,11-12,7738
E05_spatial_control,erd_lr,5,72,1,1,0.5524199596191773,11,right_fist,11-12,7739
E05_spatial_control,erd_lr,5,72,1,1,0.6689049454617246,11,left_fist,11-12,7740
E05_spatial_control,erd_lr,5,72,1,1,0.54187948656953,11,right_fist,11-12,7741
E05_spatial_control,erd_lr,5,72,1,0,0.46069561582015456,11,left_fist,11-12,7742
E05_spatial_control,erd_lr,5,72,1,1,0.6861159311246214,11,right_fist,11-12,7743
E05_spatial_control,erd_lr,5,72,1,1,0.5810972217069755,11,left_fist,11-12,7744
E05_spatial_control,erd_lr,5,72,1,1,0.6689468392215163,11,right_fist,11-12,7745
E05_spatial_control,erd_lr,5,72,1,1,0.5195060640039207,11,right_fist,11-12,7746
E05_spatial_control,erd_lr,5,72,1,1,0.6435563088056402,11,left_fist,11-12,7747
E05_spatial_control,erd_lr,5,72,1,0,0.4946888121333317,11,left_fist,11-12,7748
E05_spatial_control,erd_lr,5,72,0,0,0.45955332396192233,12,left_fist,11-12,7749
E05_spatial_control,erd_lr,5,72,0,1,0.5519388484499994,12,right_fist,11-12,7750
E05_spatial_control,erd_lr,5,72,0,1,0.5659831967995768,12,right_fist,11-12,7751
E05_spatial_control,erd_lr,5,72,0,1,0.6135093223507244,12,left_fist,11-12,7752
E05_spatial_control,erd_lr,5,72,0,0,0.4941897634982619,12,right_fist,11-12,7753
E05_spatial_control,erd_lr,5,72,0,1,0.5234635166519338,12,left_fist,11-12,7754
E05_spatial_control,erd_lr,5,72,0,0,0.36080537881430236,12,right_fist,11-12,7755
E05_spatial_control,erd_lr,5,72,0,0,0.3111462166746241,12,left_fist,11-12,7756
E05_spatial_control,erd_lr,5,72,0,0,0.4334529730745936,12,left_fist,11-12,7757
E05_spatial_control,erd_lr,5,72,0,1,0.5698393273908606,12,right_fist,11-12,7758
E05_spatial_control,erd_lr,5,72,0,1,0.5410498736118696,12,right_fist,11-12,7759
E05_spatial_control,erd_lr,5,72,0,0,0.2853785879525032,12,left_fist,11-12,7760
E05_spatial_control,erd_lr,5,72,0,0,0.4127486088122244,12,right_fist,11-12,7761
E05_spatial_control,erd_lr,5,72,0,1,0.5025615134300012,12,left_fist,11-12,7762
E05_spatial_control,erd_lr,5,72,0,1,0.6099990309449769,12,left_fist,11-12,7763
E05_spatial_control,erd_lr,5,72,1,0,0.34805305815192916,13,both_fists,13-14,7764
E05_spatial_control,erd_lr,5,72,1,1,0.5428393478002153,13,both_feet,13-14,7765
E05_spatial_control,erd_lr,5,72,1,1,0.5011112120863467,13,both_fists,13-14,7766
E05_spatial_control,erd_lr,5,72,1,1,0.6383174161072594,13,both_feet,13-14,7767
E05_spatial_control,erd_lr,5,72,1,0,0.36848712145203016,13,both_feet,13-14,7768
E05_spatial_control,erd_lr,5,72,1,1,0.5794037591772969,13,both_fists,13-14,7769
E05_spatial_control,erd_lr,5,72,1,1,0.7121884545535481,13,both_fists,13-14,7770
E05_spatial_control,erd_lr,5,72,1,1,0.5970130904055246,13,both_feet,13-14,7771
E05_spatial_control,erd_lr,5,72,1,1,0.5471226993651963,13,both_feet,13-14,7772
E05_spatial_control,erd_lr,5,72,1,1,0.5797539547659263,13,both_fists,13-14,7773
E05_spatial_control,erd_lr,5,72,1,1,0.6920167888500378,13,both_fists,13-14,7774
E05_spatial_control,erd_lr,5,72,1,1,0.602229299400418,13,both_feet,13-14,7775
E05_spatial_control,erd_lr,5,72,1,1,0.5219622746624584,13,both_feet,13-14,7776
E05_spatial_control,erd_lr,5,72,1,1,0.5795436572217282,13,both_fists,13-14,7777
E05_spatial_control,erd_lr,5,72,1,1,0.5016485386978439,13,both_feet,13-14,7778
E05_spatial_control,erd_lr,5,72,0,0,0.3928046498962334,14,both_fists,13-14,7779
E05_spatial_control,erd_lr,5,72,0,0,0.37682550915896607,14,both_feet,13-14,7780
E05_spatial_control,erd_lr,5,72,0,0,0.3733414030836217,14,both_feet,13-14,7781
E05_spatial_control,erd_lr,5,72,0,1,0.6093691769692504,14,both_fists,13-14,7782
E05_spatial_control,erd_lr,5,72,0,0,0.39343482038167515,14,both_feet,13-14,7783
E05_spatial_control,erd_lr,5,72,0,0,0.35710684102992757,14,both_fists,13-14,7784
E05_spatial_control,erd_lr,5,72,0,1,0.7885548572025403,14,both_feet,13-14,7785
E05_spatial_control,erd_lr,5,72,0,0,0.3341367647917727,14,both_fists,13-14,7786
E05_spatial_control,erd_lr,5,72,0,0,0.4837555360356612,14,both_feet,13-14,7787
E05_spatial_control,erd_lr,5,72,0,0,0.3298496832042395,14,both_fists,13-14,7788
E05_spatial_control,erd_lr,5,72,0,1,0.5028603483169303,14,both_feet,13-14,7789
E05_spatial_control,erd_lr,5,72,0,1,0.5379823319219639,14,both_fists,13-14,7790
E05_spatial_control,erd_lr,5,72,0,1,0.5988959751721681,14,both_feet,13-14,7791
E05_spatial_control,erd_lr,5,72,0,1,0.5623535480553068,14,both_fists,13-14,7792
E05_spatial_control,erd_lr,5,76,1,0,0.46719035961157646,3,left_fist,03-04,8144
E05_spatial_control,erd_lr,5,76,1,0,0.47364504526330775,3,right_fist,03-04,8145
E05_spatial_control,erd_lr,5,76,1,1,0.5373319279120835,3,right_fist,03-04,8146
E05_spatial_control,erd_lr,5,76,1,1,0.5318879614534422,3,left_fist,03-04,8147
E05_spatial_control,erd_lr,5,76,1,1,0.514369945730372,3,left_fist,03-04,8148
E05_spatial_control,erd_lr,5,76,1,1,0.693880016739479,3,right_fist,03-04,8149
E05_spatial_control,erd_lr,5,76,1,1,0.5945709550698656,3,left_fist,03-04,8150
E05_spatial_control,erd_lr,5,76,1,0,0.49579784977536495,3,right_fist,03-04,8151
E05_spatial_control,erd_lr,5,76,0,0,0.30099168386866637,4,right_fist,03-04,8152
E05_spatial_control,erd_lr,5,76,0,1,0.5493098203402207,4,left_fist,03-04,8153
E05_spatial_control,erd_lr,5,76,0,0,0.4990751069896575,4,left_fist,03-04,8154
E05_spatial_control,erd_lr,5,76,0,1,0.6366560096656992,4,right_fist,03-04,8155
E05_spatial_control,erd_lr,5,76,0,0,0.4122033753323489,4,left_fist,03-04,8156
E05_spatial_control,erd_lr,5,76,0,0,0.3110567964013297,4,right_fist,03-04,8157
E05_spatial_control,erd_lr,5,76,0,1,0.5414505260136236,4,left_fist,03-04,8158
E05_spatial_control,erd_lr,5,76,0,1,0.731343047371069,4,right_fist,03-04,8159
E05_spatial_control,erd_lr,5,76,0,1,0.6263319856385607,4,right_fist,03-04,8160
E05_spatial_control,erd_lr,5,76,0,0,0.3139406540702226,4,left_fist,03-04,8161
E05_spatial_control,erd_lr,5,76,0,0,0.23036465877682494,4,left_fist,03-04,8162
E05_spatial_control,erd_lr,5,76,0,0,0.4219177840400616,4,right_fist,03-04,8163
E05_spatial_control,erd_lr,5,76,0,1,0.5321199946804736,4,left_fist,03-04,8164
E05_spatial_control,erd_lr,5,76,0,0,0.4372945900928621,4,right_fist,03-04,8165
E05_spatial_control,erd_lr,5,76,0,1,0.7030744064975378,4,left_fist,03-04,8166
E05_spatial_control,erd_lr,5,76,1,0,0.4361199269185194,5,both_fists,05-06,8167
E05_spatial_control,erd_lr,5,76,1,0,0.43972179510745535,5,both_feet,05-06,8168
E05_spatial_control,erd_lr,5,76,1,0,0.41018605310884526,5,both_feet,05-06,8169
E05_spatial_control,erd_lr,5,76,1,1,0.6194400774280923,5,both_fists,05-06,8170
E05_spatial_control,erd_lr,5,76,1,1,0.653442664726509,5,both_fists,05-06,8171
E05_spatial_control,erd_lr,5,76,1,1,0.5838469250892441,5,both_feet,05-06,8172
E05_spatial_control,erd_lr,5,76,1,0,0.3984406088824621,5,both_fists,05-06,8173
E05_spatial_control,erd_lr,5,76,1,1,0.6930104864744687,5,both_feet,05-06,8174
E05_spatial_control,erd_lr,5,76,1,1,0.5226776131487151,5,both_fists,05-06,8175
E05_spatial_control,erd_lr,5,76,1,1,0.5003320137539696,5,both_feet,05-06,8176
E05_spatial_control,erd_lr,5,76,1,0,0.4885928324004684,5,both_fists,05-06,8177
E05_spatial_control,erd_lr,5,76,1,1,0.6975885021473132,5,both_feet,05-06,8178
E05_spatial_control,erd_lr,5,76,1,1,0.6781025599182969,5,both_fists,05-06,8179
E05_spatial_control,erd_lr,5,76,1,1,0.6187047080179076,5,both_feet,05-06,8180
E05_spatial_control,erd_lr,5,76,1,1,0.6819775835828908,5,both_feet,05-06,8181
E05_spatial_control,erd_lr,5,76,0,0,0.49607910052108073,6,both_fists,05-06,8182
E05_spatial_control,erd_lr,5,76,0,0,0.40339535982792446,6,both_feet,05-06,8183
E05_spatial_control,erd_lr,5,76,0,0,0.4822472683565932,6,both_feet,05-06,8184
E05_spatial_control,erd_lr,5,76,0,0,0.30425175272359595,6,both_fists,05-06,8185
E05_spatial_control,erd_lr,5,76,0,0,0.41932795838487363,6,both_feet,05-06,8186
E05_spatial_control,erd_lr,5,76,0,0,0.2735404549189023,6,both_fists,05-06,8187
E05_spatial_control,erd_lr,5,76,0,1,0.5614194020465348,6,both_feet,05-06,8188
E05_spatial_control,erd_lr,5,76,0,0,0.4311106297030998,6,both_fists,05-06,8189
E05_spatial_control,erd_lr,5,76,0,0,0.37615465529255765,6,both_feet,05-06,8190
E05_spatial_control,erd_lr,5,76,0,1,0.5467863146548131,6,both_fists,05-06,8191
E05_spatial_control,erd_lr,5,76,0,0,0.4716358251056657,6,both_feet,05-06,8192
E05_spatial_control,erd_lr,5,76,0,0,0.2895420499745172,6,both_fists,05-06,8193
E05_spatial_control,erd_lr,5,76,0,0,0.2959563678114091,6,both_fists,05-06,8194
E05_spatial_control,erd_lr,5,76,0,0,0.4398744792459702,6,both_feet,05-06,8195
E05_spatial_control,erd_lr,5,76,0,0,0.47878384262742324,6,both_fists,05-06,8196
E05_spatial_control,erd_lr,5,76,1,1,0.5794647155579075,7,left_fist,07-08,8197
E05_spatial_control,erd_lr,5,76,1,0,0.3498139609301766,7,right_fist,07-08,8198
E05_spatial_control,erd_lr,5,76,1,1,0.6765190586516795,7,right_fist,07-08,8199
E05_spatial_control,erd_lr,5,76,1,1,0.6905229412961157,7,left_fist,07-08,8200
E05_spatial_control,erd_lr,5,76,1,1,0.639738786882651,7,left_fist,07-08,8201
E05_spatial_control,erd_lr,5,76,1,1,0.7418653731706033,7,right_fist,07-08,8202
E05_spatial_control,erd_lr,5,76,1,1,0.6626761872804908,7,left_fist,07-08,8203
E05_spatial_control,erd_lr,5,76,1,0,0.46227197595887953,7,right_fist,07-08,8204
E05_spatial_control,erd_lr,5,76,1,1,0.6726212325177567,7,left_fist,07-08,8205
E05_spatial_control,erd_lr,5,76,1,1,0.7370734892182865,7,right_fist,07-08,8206
E05_spatial_control,erd_lr,5,76,1,1,0.6091516297561055,7,right_fist,07-08,8207
E05_spatial_control,erd_lr,5,76,1,1,0.7176326438029569,7,left_fist,07-08,8208
E05_spatial_control,erd_lr,5,76,1,1,0.6290647148294821,7,left_fist,07-08,8209
E05_spatial_control,erd_lr,5,76,1,1,0.5529418216776723,7,right_fist,07-08,8210
E05_spatial_control,erd_lr,5,76,1,1,0.5933253898636683,7,right_fist,07-08,8211
E05_spatial_control,erd_lr,5,76,0,0,0.42450043011392163,8,left_fist,07-08,8212
E05_spatial_control,erd_lr,5,76,0,0,0.43022245451682734,8,right_fist,07-08,8213
E05_spatial_control,erd_lr,5,76,0,1,0.5615567383939588,8,right_fist,07-08,8214
E05_spatial_control,erd_lr,5,76,0,1,0.5693239017776981,8,left_fist,07-08,8215
E05_spatial_control,erd_lr,5,76,0,0,0.3059168610788654,8,right_fist,07-08,8216
E05_spatial_control,erd_lr,5,76,0,0,0.4449881049743126,8,left_fist,07-08,8217
E05_spatial_control,erd_lr,5,76,0,0,0.1971059634322555,8,right_fist,07-08,8218
E05_spatial_control,erd_lr,5,76,0,0,0.410414741017695,8,left_fist,07-08,8219
E05_spatial_control,erd_lr,5,76,0,0,0.27879317337528503,8,left_fist,07-08,8220
E05_spatial_control,erd_lr,5,76,0,0,0.3657414559400012,8,right_fist,07-08,8221
E05_spatial_control,erd_lr,5,76,0,0,0.1399652910024838,8,left_fist,07-08,8222
E05_spatial_control,erd_lr,5,76,0,0,0.4238302191964707,8,right_fist,07-08,8223
E05_spatial_control,erd_lr,5,76,0,1,0.7395316177635702,8,left_fist,07-08,8224
E05_spatial_control,erd_lr,5,76,0,0,0.491105386123572,8,right_fist,07-08,8225
E05_spatial_control,erd_lr,5,76,0,0,0.30417685567554403,8,left_fist,07-08,8226
E05_spatial_control,erd_lr,5,76,1,1,0.6572578024174253,9,both_fists,09-10,8227
E05_spatial_control,erd_lr,5,76,1,1,0.6158276008654306,9,both_feet,09-10,8228
E05_spatial_control,erd_lr,5,76,1,1,0.5601411297855292,9,both_feet,09-10,8229
E05_spatial_control,erd_lr,5,76,1,0,0.4634483372658348,9,both_fists,09-10,8230
E05_spatial_control,erd_lr,5,76,1,1,0.654220464303263,9,both_fists,09-10,8231
E05_spatial_control,erd_lr,5,76,1,1,0.5532926656734455,9,both_feet,09-10,8232
E05_spatial_control,erd_lr,5,76,1,0,0.3671162873574961,9,both_fists,09-10,8233
E05_spatial_control,erd_lr,5,76,1,0,0.33686029714385796,9,both_feet,09-10,8234
E05_spatial_control,erd_lr,5,76,1,0,0.4532944127465506,9,both_feet,09-10,8235
E05_spatial_control,erd_lr,5,76,1,1,0.6421883939168612,9,both_fists,09-10,8236
E05_spatial_control,erd_lr,5,76,1,1,0.729017870070838,9,both_fists,09-10,8237
E05_spatial_control,erd_lr,5,76,1,1,0.6058846102532535,9,both_feet,09-10,8238
E05_spatial_control,erd_lr,5,76,1,1,0.6113494209313571,9,both_feet,09-10,8239
E05_spatial_control,erd_lr,5,76,1,1,0.6810545760591026,9,both_fists,09-10,8240
E05_spatial_control,erd_lr,5,76,1,1,0.5960007617518707,9,both_feet,09-10,8241
E05_spatial_control,erd_lr,5,76,0,1,0.5331138647587671,10,both_fists,09-10,8242
E05_spatial_control,erd_lr,5,76,0,1,0.5217368818605229,10,both_feet,09-10,8243
E05_spatial_control,erd_lr,5,76,0,0,0.3861363724900682,10,both_fists,09-10,8244
E05_spatial_control,erd_lr,5,76,0,1,0.7850978466347703,10,both_feet,09-10,8245
E05_spatial_control,erd_lr,5,76,0,1,0.5249149153878763,10,both_fists,09-10,8246
E05_spatial_control,erd_lr,5,76,0,1,0.5661499703830174,10,both_feet,09-10,8247
E05_spatial_control,erd_lr,5,76,0,0,0.48706415564551436,10,both_fists,09-10,8248
E05_spatial_control,erd_lr,5,76,0,0,0.2989789513935995,10,both_feet,09-10,8249
E05_spatial_control,erd_lr,5,76,0,1,0.5612025812069439,10,both_feet,09-10,8250
E05_spatial_control,erd_lr,5,76,0,0,0.2707884424860824,10,both_fists,09-10,8251
E05_spatial_control,erd_lr,5,76,0,0,0.1737918308613821,10,both_fists,09-10,8252
E05_spatial_control,erd_lr,5,76,0,0,0.34569719771299706,10,both_feet,09-10,8253
E05_spatial_control,erd_lr,5,76,0,1,0.7519365903514997,10,both_feet,09-10,8254
E05_spatial_control,erd_lr,5,76,0,0,0.3270682076196609,10,both_fists,09-10,8255
E05_spatial_control,erd_lr,5,76,0,1,0.7376665973451867,10,both_fists,09-10,8256
E05_spatial_control,erd_lr,5,76,1,0,0.28658333477733144,11,right_fist,11-12,8257
E05_spatial_control,erd_lr,5,76,1,1,0.5734284561037787,11,left_fist,11-12,8258
E05_spatial_control,erd_lr,5,76,1,1,0.5153447883806637,11,right_fist,11-12,8259
E05_spatial_control,erd_lr,5,76,1,0,0.3213081912363716,11,left_fist,11-12,8260
E05_spatial_control,erd_lr,5,76,1,1,0.5962788614826893,11,right_fist,11-12,8261
E05_spatial_control,erd_lr,5,76,1,0,0.2630893677427015,11,left_fist,11-12,8262
E05_spatial_control,erd_lr,5,76,1,0,0.2674467899182151,11,right_fist,11-12,8263
E05_spatial_control,erd_lr,5,76,1,1,0.7215219781470456,11,left_fist,11-12,8264
E05_spatial_control,erd_lr,5,76,1,1,0.5529647918538511,11,right_fist,11-12,8265
E05_spatial_control,erd_lr,5,76,1,1,0.6310118166125006,11,left_fist,11-12,8266
E05_spatial_control,erd_lr,5,76,1,1,0.5043401337868543,11,right_fist,11-12,8267
E05_spatial_control,erd_lr,5,76,1,1,0.6979920066330794,11,left_fist,11-12,8268
E05_spatial_control,erd_lr,5,76,1,0,0.3474957240307821,11,right_fist,11-12,8269
E05_spatial_control,erd_lr,5,76,1,1,0.7895324261421022,11,left_fist,11-12,8270
E05_spatial_control,erd_lr,5,76,1,0,0.4488099190423046,11,left_fist,11-12,8271
E05_spatial_control,erd_lr,5,76,0,0,0.3529161739655204,12,left_fist,11-12,8272
E05_spatial_control,erd_lr,5,76,0,1,0.5529329530045298,12,right_fist,11-12,8273
E05_spatial_control,erd_lr,5,76,0,1,0.5749218726405994,12,right_fist,11-12,8274
E05_spatial_control,erd_lr,5,76,0,0,0.31402826022943,12,left_fist,11-12,8275
E05_spatial_control,erd_lr,5,76,0,0,0.4044252754428012,12,right_fist,11-12,8276
E05_spatial_control,erd_lr,5,76,0,1,0.5961960691400247,12,left_fist,11-12,8277
E05_spatial_control,erd_lr,5,76,0,0,0.20119714959695556,12,left_fist,11-12,8278
E05_spatial_control,erd_lr,5,76,0,1,0.6242644422992328,12,right_fist,11-12,8279
E05_spatial_control,erd_lr,5,76,0,0,0.48720082379995794,12,left_fist,11-12,8280
E05_spatial_control,erd_lr,5,76,0,0,0.3124675274314892,12,right_fist,11-12,8281
E05_spatial_control,erd_lr,5,76,0,0,0.3994794416571397,12,right_fist,11-12,8282
E05_spatial_control,erd_lr,5,76,0,0,0.13162787667465828,12,left_fist,11-12,8283
E05_spatial_control,erd_lr,5,76,0,1,0.5453475829878024,12,right_fist,11-12,8284
E05_spatial_control,erd_lr,5,76,0,0,0.2726627418243974,12,left_fist,11-12,8285
E05_spatial_control,erd_lr,5,76,0,1,0.6351998462863451,12,right_fist,11-12,8286
E05_spatial_control,erd_lr,5,76,1,1,0.5573738865134444,13,both_feet,13-14,8287
E05_spatial_control,erd_lr,5,76,1,1,0.5836198974079342,13,both_fists,13-14,8288
E05_spatial_control,erd_lr,5,76,1,1,0.5310173343939344,13,both_feet,13-14,8289
E05_spatial_control,erd_lr,5,76,1,0,0.33677698633244296,13,both_fists,13-14,8290
E05_spatial_control,erd_lr,5,76,1,1,0.5275515267739364,13,both_fists,13-14,8291
E05_spatial_control,erd_lr,5,76,1,0,0.3970466792463043,13,both_feet,13-14,8292
E05_spatial_control,erd_lr,5,76,1,0,0.4559226043160043,13,both_fists,13-14,8293
E05_spatial_control,erd_lr,5,76,1,0,0.3952823611389833,13,both_feet,13-14,8294
E05_spatial_control,erd_lr,5,76,1,1,0.6639085008696702,13,both_feet,13-14,8295
E05_spatial_control,erd_lr,5,76,1,0,0.30195440432011833,13,both_fists,13-14,8296
E05_spatial_control,erd_lr,5,76,1,1,0.6900789194461374,13,both_feet,13-14,8297
E05_spatial_control,erd_lr,5,76,1,1,0.6730941788145405,13,both_fists,13-14,8298
E05_spatial_control,erd_lr,5,76,1,1,0.5805342623754098,13,both_feet,13-14,8299
E05_spatial_control,erd_lr,5,76,1,0,0.4432640833718483,13,both_fists,13-14,8300
E05_spatial_control,erd_lr,5,76,1,1,0.6308958302950733,13,both_fists,13-14,8301
E05_spatial_control,erd_lr,5,76,0,0,0.4207456762754802,14,both_feet,13-14,8302
E05_spatial_control,erd_lr,5,76,0,0,0.39643052075536356,14,both_fists,13-14,8303
E05_spatial_control,erd_lr,5,76,0,0,0.3605493140292885,14,both_fists,13-14,8304
E05_spatial_control,erd_lr,5,76,0,0,0.4538531046233214,14,both_feet,13-14,8305
E05_spatial_control,erd_lr,5,76,0,1,0.678621416839053,14,both_feet,13-14,8306
E05_spatial_control,erd_lr,5,76,0,0,0.42507133327948626,14,both_fists,13-14,8307
E05_spatial_control,erd_lr,5,76,0,1,0.5219618535492938,14,both_feet,13-14,8308
E05_spatial_control,erd_lr,5,76,0,1,0.6175244104338747,14,both_fists,13-14,8309
E05_spatial_control,erd_lr,5,76,0,1,0.5147915299372263,14,both_fists,13-14,8310
E05_spatial_control,erd_lr,5,76,0,0,0.14754241527740355,14,both_feet,13-14,8311
E05_spatial_control,erd_lr,5,76,0,1,0.6088138117211557,14,both_feet,13-14,8312
E05_spatial_control,erd_lr,5,76,0,0,0.3931537525815285,14,both_fists,13-14,8313
E05_spatial_control,erd_lr,5,76,0,1,0.7775185441341453,14,both_feet,13-14,8314
E05_spatial_control,erd_lr,5,76,0,0,0.4750277421117628,14,both_fists,13-14,8315
E05_spatial_control,erd_lr,5,76,0,0,0.45892285346462086,14,both_feet,13-14,8316
E05_spatial_control,erd_lr,5,78,1,1,0.5030098893419588,3,left_fist,03-04,8445
E05_spatial_control,erd_lr,5,78,1,1,0.5394524893094254,3,right_fist,03-04,8446
E05_spatial_control,erd_lr,5,78,1,1,0.64643828028646,3,right_fist,03-04,8447
E05_spatial_control,erd_lr,5,78,1,1,0.6376676395243558,3,left_fist,03-04,8448
E05_spatial_control,erd_lr,5,78,1,1,0.6906261440609692,3,right_fist,03-04,8449
E05_spatial_control,erd_lr,5,78,1,1,0.7211250561462634,3,right_fist,03-04,8450
E05_spatial_control,erd_lr,5,78,1,1,0.5490931834443796,3,left_fist,03-04,8451
E05_spatial_control,erd_lr,5,78,1,0,0.4357356989151594,3,left_fist,03-04,8452
E05_spatial_control,erd_lr,5,78,1,1,0.5924988191062347,3,right_fist,03-04,8453
E05_spatial_control,erd_lr,5,78,1,1,0.5953663923090816,3,left_fist,03-04,8454
E05_spatial_control,erd_lr,5,78,1,1,0.642541073449329,3,right_fist,03-04,8455
E05_spatial_control,erd_lr,5,78,1,0,0.4299235451690814,3,right_fist,03-04,8456
E05_spatial_control,erd_lr,5,78,1,1,0.5477239996903832,3,left_fist,03-04,8457
E05_spatial_control,erd_lr,5,78,1,1,0.5564822921924091,3,right_fist,03-04,8458
E05_spatial_control,erd_lr,5,78,0,0,0.4538368948563615,4,left_fist,03-04,8459
E05_spatial_control,erd_lr,5,78,0,1,0.5309434834604545,4,right_fist,03-04,8460
E05_spatial_control,erd_lr,5,78,0,0,0.34371349969137205,4,left_fist,03-04,8461
E05_spatial_control,erd_lr,5,78,0,1,0.54100948971592,4,right_fist,03-04,8462
E05_spatial_control,erd_lr,5,78,0,0,0.47311662731705006,4,left_fist,03-04,8463
E05_spatial_control,erd_lr,5,78,0,0,0.281166000160198,4,right_fist,03-04,8464
E05_spatial_control,erd_lr,5,78,0,0,0.46098539913160097,4,right_fist,03-04,8465
E05_spatial_control,erd_lr,5,78,0,0,0.47848291587640956,4,left_fist,03-04,8466
E05_spatial_control,erd_lr,5,78,0,0,0.385303367788803,4,left_fist,03-04,8467
E05_spatial_control,erd_lr,5,78,0,1,0.5648899398995162,4,right_fist,03-04,8468
E05_spatial_control,erd_lr,5,78,0,1,0.5189871426830936,4,right_fist,03-04,8469
E05_spatial_control,erd_lr,5,78,0,0,0.46835410968582386,4,left_fist,03-04,8470
E05_spatial_control,erd_lr,5,78,0,0,0.3594738136197847,4,left_fist,03-04,8471
E05_spatial_control,erd_lr,5,78,0,0,0.3414485425145158,4,right_fist,03-04,8472
E05_spatial_control,erd_lr,5,78,0,0,0.4736108335039335,4,left_fist,03-04,8473
E05_spatial_control,erd_lr,5,78,1,0,0.47319167009275187,5,both_fists,05-06,8474
E05_spatial_control,erd_lr,5,78,1,1,0.5484496086875448,5,both_feet,05-06,8475
E05_spatial_control,erd_lr,5,78,1,0,0.4340872441887612,5,both_fists,05-06,8476
E05_spatial_control,erd_lr,5,78,1,0,0.4816466428870651,5,both_feet,05-06,8477
E05_spatial_control,erd_lr,5,78,1,0,0.31397718155840465,5,both_fists,05-06,8478
E05_spatial_control,erd_lr,5,78,1,1,0.6170996871687662,5,both_feet,05-06,8479
E05_spatial_control,erd_lr,5,78,1,1,0.6221863311180674,5,both_fists,05-06,8480
E05_spatial_control,erd_lr,5,78,1,1,0.6073940740247321,5,both_feet,05-06,8481
E05_spatial_control,erd_lr,5,78,1,0,0.4055315848000789,5,both_fists,05-06,8482
E05_spatial_control,erd_lr,5,78,1,1,0.547025764579313,5,both_feet,05-06,8483
E05_spatial_control,erd_lr,5,78,1,0,0.4521023563799811,5,both_feet,05-06,8484
E05_spatial_control,erd_lr,5,78,1,1,0.6308300567223077,5,both_fists,05-06,8485
E05_spatial_control,erd_lr,5,78,1,1,0.6477356095747768,5,both_feet,05-06,8486
E05_spatial_control,erd_lr,5,78,1,0,0.4631244214485999,5,both_fists,05-06,8487
E05_spatial_control,erd_lr,5,78,1,1,0.5194220439957707,5,both_feet,05-06,8488
E05_spatial_control,erd_lr,5,78,0,0,0.3973138902519,6,both_feet,05-06,8489
E05_spatial_control,erd_lr,5,78,0,0,0.4382084874320847,6,both_fists,05-06,8490
E05_spatial_control,erd_lr,5,78,0,0,0.4710375753053252,6,both_fists,05-06,8491
E05_spatial_control,erd_lr,5,78,0,0,0.42067745276378854,6,both_feet,05-06,8492
E05_spatial_control,erd_lr,5,78,0,1,0.5465303210706011,6,both_fists,05-06,8493
E05_spatial_control,erd_lr,5,78,0,1,0.6163166443580215,6,both_feet,05-06,8494
E05_spatial_control,erd_lr,5,78,0,0,0.46964237893216654,6,both_feet,05-06,8495
E05_spatial_control,erd_lr,5,78,0,1,0.545923848083427,6,both_fists,05-06,8496
E05_spatial_control,erd_lr,5,78,0,1,0.6554711854958374,6,both_feet,05-06,8497
E05_spatial_control,erd_lr,5,78,0,0,0.4092494312624321,6,both_fists,05-06,8498
E05_spatial_control,erd_lr,5,78,0,0,0.46147053626484424,6,both_feet,05-06,8499
E05_spatial_control,erd_lr,5,78,0,0,0.34644318579440797,6,both_fists,05-06,8500
E05_spatial_control,erd_lr,5,78,0,0,0.41737388905951023,6,both_fists,05-06,8501
E05_spatial_control,erd_lr,5,78,0,1,0.5363653621767585,6,both_feet,05-06,8502
E05_spatial_control,erd_lr,5,78,0,0,0.4712529248657323,6,both_fists,05-06,8503
E05_spatial_control,erd_lr,5,78,1,1,0.5888818411391245,7,right_fist,07-08,8504
E05_spatial_control,erd_lr,5,78,1,1,0.6373517335914797,7,left_fist,07-08,8505
E05_spatial_control,erd_lr,5,78,1,1,0.6633917600675083,7,right_fist,07-08,8506
E05_spatial_control,erd_lr,5,78,1,1,0.7091864643778616,7,left_fist,07-08,8507
E05_spatial_control,erd_lr,5,78,1,1,0.750536755458947,7,left_fist,07-08,8508
E05_spatial_control,erd_lr,5,78,1,1,0.5939120028747784,7,right_fist,07-08,8509
E05_spatial_control,erd_lr,5,78,1,1,0.5761433905227216,7,right_fist,07-08,8510
E05_spatial_control,erd_lr,5,78,1,1,0.5884063248423175,7,left_fist,07-08,8511
E05_spatial_control,erd_lr,5,78,1,0,0.4033696603259539,7,left_fist,07-08,8512
E05_spatial_control,erd_lr,5,78,1,1,0.7087432665659984,7,right_fist,07-08,8513
E05_spatial_control,erd_lr,5,78,1,1,0.5932478168317433,7,right_fist,07-08,8514
E05_spatial_control,erd_lr,5,78,1,0,0.4363119808654822,7,left_fist,07-08,8515
E05_spatial_control,erd_lr,5,78,1,0,0.4800690149925183,7,right_fist,07-08,8516
E05_spatial_control,erd_lr,5,78,1,0,0.4725028203082559,7,right_fist,07-08,8517
E05_spatial_control,erd_lr,5,78,0,1,0.5359957271717386,8,right_fist,07-08,8518
E05_spatial_control,erd_lr,5,78,0,0,0.48802955480949206,8,left_fist,07-08,8519
E05_spatial_control,erd_lr,5,78,0,0,0.29379396989288054,8,left_fist,07-08,8520
E05_spatial_control,erd_lr,5,78,0,0,0.40819583638806795,8,right_fist,07-08,8521
E05_spatial_control,erd_lr,5,78,0,0,0.49402141968736785,8,left_fist,07-08,8522
E05_spatial_control,erd_lr,5,78,0,1,0.5497429621781404,8,right_fist,07-08,8523
E05_spatial_control,erd_lr,5,78,0,0,0.33801356893770984,8,right_fist,07-08,8524
E05_spatial_control,erd_lr,5,78,0,0,0.44065527382748254,8,left_fist,07-08,8525
E05_spatial_control,erd_lr,5,78,0,1,0.5526799547385987,8,left_fist,07-08,8526
E05_spatial_control,erd_lr,5,78,0,0,0.4171142329306122,8,left_fist,07-08,8527
E05_spatial_control,erd_lr,5,78,0,1,0.5189400528353684,8,right_fist,07-08,8528
E05_spatial_control,erd_lr,5,78,0,1,0.5151252551734807,8,left_fist,07-08,8529
E05_spatial_control,erd_lr,5,78,0,1,0.5188574058590419,8,right_fist,07-08,8530
E05_spatial_control,erd_lr,5,78,0,0,0.4912159986783473,8,right_fist,07-08,8531
E05_spatial_control,erd_lr,5,78,1,1,0.6197825963709271,9,both_fists,09-10,8532
E05_spatial_control,erd_lr,5,78,1,0,0.49156335311250904,9,both_feet,09-10,8533
E05_spatial_control,erd_lr,5,78,1,0,0.41991938509076443,9,both_fists,09-10,8534
E05_spatial_control,erd_lr,5,78,1,0,0.47326856674460294,9,both_feet,09-10,8535
E05_spatial_control,erd_lr,5,78,1,0,0.49233675752071304,9,both_fists,09-10,8536
E05_spatial_control,erd_lr,5,78,1,1,0.5175543363371734,9,both_feet,09-10,8537
E05_spatial_control,erd_lr,5,78,1,0,0.38617017971390144,9,both_fists,09-10,8538
E05_spatial_control,erd_lr,5,78,1,0,0.31286747881536303,9,both_feet,09-10,8539
E05_spatial_control,erd_lr,5,78,1,0,0.3163257550366805,9,both_feet,09-10,8540
E05_spatial_control,erd_lr,5,78,1,0,0.42860184598949885,9,both_fists,09-10,8541
E05_spatial_control,erd_lr,5,78,1,1,0.6137332626415786,9,both_fists,09-10,8542
E05_spatial_control,erd_lr,5,78,1,0,0.367790241725184,9,both_feet,09-10,8543
E05_spatial_control,erd_lr,5,78,1,1,0.5057955316915552,9,both_fists,09-10,8544
E05_spatial_control,erd_lr,5,78,1,1,0.5113126530697312,9,both_feet,09-10,8545
E05_spatial_control,erd_lr,5,78,1,0,0.44336716628184264,9,both_fists,09-10,8546
E05_spatial_control,erd_lr,5,78,0,1,0.5330572424558639,10,both_fists,09-10,8547
E05_spatial_control,erd_lr,5,78,0,0,0.42622334840094084,10,both_feet,09-10,8548
E05_spatial_control,erd_lr,5,78,0,0,0.3597546934982334,10,both_fists,09-10,8549
E05_spatial_control,erd_lr,5,78,0,0,0.46088118606705214,10,both_feet,09-10,8550
E05_spatial_control,erd_lr,5,78,0,1,0.5245244460281193,10,both_feet,09-10,8551
E05_spatial_control,erd_lr,5,78,0,0,0.4959790233044095,10,both_fists,09-10,8552
E05_spatial_control,erd_lr,5,78,1,0,0.4433858476244465,11,right_fist,11-12,8553
E05_spatial_control,erd_lr,5,78,1,1,0.6012546369921471,11,left_fist,11-12,8554
E05_spatial_control,erd_lr,5,78,1,1,0.5854884502545772,11,right_fist,11-12,8555
E05_spatial_control,erd_lr,5,78,1,0,0.45236327557048295,11,left_fist,11-12,8556
E05_spatial_control,erd_lr,5,78,1,1,0.5458487518612817,11,left_fist,11-12,8557
E05_spatial_control,erd_lr,5,78,1,0,0.4830280437676437,11,right_fist,11-12,8558
E05_spatial_control,erd_lr,5,78,1,1,0.573259938962992,11,left_fist,11-12,8559
E05_spatial_control,erd_lr,5,78,1,0,0.3524787322356668,11,right_fist,11-12,8560
E05_spatial_control,erd_lr,5,78,1,1,0.5238635478074405,11,right_fist,11-12,8561
E05_spatial_control,erd_lr,5,78,1,0,0.49139212809737953,11,left_fist,11-12,8562
E05_spatial_control,erd_lr,5,78,1,1,0.5463207962527149,11,right_fist,11-12,8563
E05_spatial_control,erd_lr,5,78,1,0,0.49739239887690323,11,left_fist,11-12,8564
E05_spatial_control,erd_lr,5,78,1,0,0.4040301782839162,11,right_fist,11-12,8565
E05_spatial_control,erd_lr,5,78,1,0,0.3882727757608676,11,left_fist,11-12,8566
E05_spatial_control,erd_lr,5,78,1,0,0.4324943974442208,11,left_fist,11-12,8567
E05_spatial_control,erd_lr,5,78,0,0,0.42902461974773964,12,right_fist,11-12,8568
E05_spatial_control,erd_lr,5,78,0,0,0.44960143107824696,12,left_fist,11-12,8569
E05_spatial_control,erd_lr,5,78,0,0,0.29760255553976656,12,left_fist,11-12,8570
E05_spatial_control,erd_lr,5,78,0,1,0.5037786350519512,12,right_fist,11-12,8571
E05_spatial_control,erd_lr,5,78,0,0,0.3174074297455693,12,left_fist,11-12,8572
E05_spatial_control,erd_lr,5,78,0,1,0.6092181294092232,12,right_fist,11-12,8573
E05_spatial_control,erd_lr,5,78,0,0,0.30322980233415286,12,right_fist,11-12,8574
E05_spatial_control,erd_lr,5,78,0,0,0.4025860611614001,12,left_fist,11-12,8575
E05_spatial_control,erd_lr,5,78,0,1,0.676905208606141,12,right_fist,11-12,8576
E05_spatial_control,erd_lr,5,78,0,1,0.6665699444106866,12,left_fist,11-12,8577
E05_spatial_control,erd_lr,5,78,0,0,0.26194041653738864,12,right_fist,11-12,8578
E05_spatial_control,erd_lr,5,78,0,0,0.3821769380720445,12,left_fist,11-12,8579
E05_spatial_control,erd_lr,5,78,0,0,0.4086522037954466,12,right_fist,11-12,8580
E05_spatial_control,erd_lr,5,78,0,1,0.5118276669470126,12,left_fist,11-12,8581
E05_spatial_control,erd_lr,5,78,0,0,0.4948883102097056,12,left_fist,11-12,8582
E05_spatial_control,erd_lr,5,78,1,1,0.5766787699997857,13,both_feet,13-14,8583
E05_spatial_control,erd_lr,5,78,1,0,0.2874342777690633,13,both_fists,13-14,8584
E05_spatial_control,erd_lr,5,78,1,0,0.4430004739246405,13,both_fists,13-14,8585
E05_spatial_control,erd_lr,5,78,1,0,0.42122625522284735,13,both_feet,13-14,8586
E05_spatial_control,erd_lr,5,78,1,0,0.4066019182170375,13,both_feet,13-14,8587
E05_spatial_control,erd_lr,5,78,1,1,0.6363413981546656,13,both_fists,13-14,8588
E05_spatial_control,erd_lr,5,78,1,0,0.27512449977423176,13,both_feet,13-14,8589
E05_spatial_control,erd_lr,5,78,1,0,0.37386056815273166,13,both_fists,13-14,8590
E05_spatial_control,erd_lr,5,78,1,1,0.5998504068694492,13,both_fists,13-14,8591
E05_spatial_control,erd_lr,5,78,1,0,0.29358514616488945,13,both_feet,13-14,8592
E05_spatial_control,erd_lr,5,78,1,1,0.5269984699994147,13,both_feet,13-14,8593
E05_spatial_control,erd_lr,5,78,1,0,0.4593692437579711,13,both_feet,13-14,8594
E05_spatial_control,erd_lr,5,78,1,1,0.5159204889725816,13,both_fists,13-14,8595
E05_spatial_control,erd_lr,5,78,1,1,0.5877514262731516,13,both_fists,13-14,8596
E05_spatial_control,erd_lr,5,78,0,0,0.4229984540437557,14,both_fists,13-14,8597
E05_spatial_control,erd_lr,5,78,0,1,0.5440734588535509,14,both_feet,13-14,8598
E05_spatial_control,erd_lr,5,78,0,0,0.36594194177901784,14,both_feet,13-14,8599
E05_spatial_control,erd_lr,5,78,0,1,0.587714395585882,14,both_fists,13-14,8600
E05_spatial_control,erd_lr,5,78,0,1,0.6507407604681552,14,both_feet,13-14,8601
E05_spatial_control,erd_lr,5,78,0,1,0.5903286600438613,14,both_fists,13-14,8602
E05_spatial_control,erd_lr,5,78,0,1,0.5931936206645303,14,both_fists,13-14,8603
E05_spatial_control,erd_lr,5,78,0,1,0.5030131876516899,14,both_feet,13-14,8604
E05_spatial_control,erd_lr,5,78,0,1,0.6008131478372949,14,both_feet,13-14,8605
E05_spatial_control,erd_lr,5,78,0,1,0.5450997131242632,14,both_fists,13-14,8606
E05_spatial_control,erd_lr,5,78,0,0,0.46390950659106356,14,both_feet,13-14,8607
E05_spatial_control,erd_lr,5,78,0,0,0.4963673253295778,14,both_fists,13-14,8608
E05_spatial_control,erd_lr,5,78,0,0,0.3232821608689696,14,both_feet,13-14,8609
E05_spatial_control,erd_lr,5,78,0,1,0.5404832848509844,14,both_fists,13-14,8610
E05_spatial_control,erd_lr,5,78,0,0,0.4840192762893002,14,both_feet,13-14,8611
E05_spatial_control,erd_lr,5,88,1,0,0.42304644964452265,3,right_fist,03-04,9740
E05_spatial_control,erd_lr,5,88,1,0,0.48422958210953737,3,left_fist,03-04,9741
E05_spatial_control,erd_lr,5,88,1,0,0.36942967543348454,3,right_fist,03-04,9742
E05_spatial_control,erd_lr,5,88,1,1,0.521035028244164,3,left_fist,03-04,9743
E05_spatial_control,erd_lr,5,88,1,0,0.4103311481567825,3,right_fist,03-04,9744
E05_spatial_control,erd_lr,5,88,1,0,0.4880339812406665,3,right_fist,03-04,9745
E05_spatial_control,erd_lr,5,88,1,0,0.3524410183086979,3,left_fist,03-04,9746
E05_spatial_control,erd_lr,5,88,1,0,0.45271949785499366,3,right_fist,03-04,9747
E05_spatial_control,erd_lr,5,88,1,1,0.5618710977261065,3,left_fist,03-04,9748
E05_spatial_control,erd_lr,5,88,1,0,0.4979008623596411,3,right_fist,03-04,9749
E05_spatial_control,erd_lr,5,88,1,0,0.4503591346135598,3,left_fist,03-04,9750
E05_spatial_control,erd_lr,5,88,1,0,0.4456910181640176,3,right_fist,03-04,9751
E05_spatial_control,erd_lr,5,88,1,0,0.3415131535679345,3,left_fist,03-04,9752
E05_spatial_control,erd_lr,5,88,1,0,0.37275528705510624,3,right_fist,03-04,9753
E05_spatial_control,erd_lr,5,88,1,1,0.5395396226181233,3,left_fist,03-04,9754
E05_spatial_control,erd_lr,5,88,1,1,0.6397762930442737,3,right_fist,03-04,9755
E05_spatial_control,erd_lr,5,88,1,1,0.5495601014717791,3,right_fist,03-04,9756
E05_spatial_control,erd_lr,5,88,0,0,0.39957093367414015,4,left_fist,03-04,9757
E05_spatial_control,erd_lr,5,88,0,0,0.46983486180157313,4,left_fist,03-04,9758
E05_spatial_control,erd_lr,5,88,0,1,0.5271873270331302,4,right_fist,03-04,9759
E05_spatial_control,erd_lr,5,88,0,1,0.5672573455857132,4,left_fist,03-04,9760
E05_spatial_control,erd_lr,5,88,0,1,0.564372819119859,4,right_fist,03-04,9761
E05_spatial_control,erd_lr,5,88,0,0,0.455111704357253,4,left_fist,03-04,9762
E05_spatial_control,erd_lr,5,88,0,0,0.4017767328036823,4,right_fist,03-04,9763
E05_spatial_control,erd_lr,5,88,0,1,0.5334323630969678,4,left_fist,03-04,9764
E05_spatial_control,erd_lr,5,88,0,0,0.3813341577400298,4,left_fist,03-04,9765
E05_spatial_control,erd_lr,5,88,0,0,0.4415919223978033,4,left_fist,03-04,9766
E05_spatial_control,erd_lr,5,88,0,0,0.33239552400893296,4,right_fist,03-04,9767
E05_spatial_control,erd_lr,5,88,0,0,0.44226002940209236,4,right_fist,03-04,9768
E05_spatial_control,erd_lr,5,88,0,0,0.4026400028491994,4,left_fist,03-04,9769
E05_spatial_control,erd_lr,5,88,0,1,0.5664950501969741,4,left_fist,03-04,9770
E05_spatial_control,erd_lr,5,88,1,1,0.5154072641171695,5,both_fists,05-06,9771
E05_spatial_control,erd_lr,5,88,1,0,0.34970952854512355,5,both_feet,05-06,9772
E05_spatial_control,erd_lr,5,88,1,0,0.393837037079008,5,both_fists,05-06,9773
E05_spatial_control,erd_lr,5,88,1,1,0.5679196754043633,5,both_fists,05-06,9774
E05_spatial_control,erd_lr,5,88,1,0,0.4257740319549908,5,both_feet,05-06,9775
E05_spatial_control,erd_lr,5,88,1,1,0.5600337559681362,5,both_feet,05-06,9776
E05_spatial_control,erd_lr,5,88,1,1,0.5648957284640925,5,both_fists,05-06,9777
E05_spatial_control,erd_lr,5,88,1,0,0.3469206327377788,5,both_feet,05-06,9778
E05_spatial_control,erd_lr,5,88,1,1,0.5280392353469177,5,both_fists,05-06,9779
E05_spatial_control,erd_lr,5,88,1,0,0.45109893697148723,5,both_fists,05-06,9780
E05_spatial_control,erd_lr,5,88,1,1,0.6309123198083753,5,both_feet,05-06,9781
E05_spatial_control,erd_lr,5,88,1,0,0.4514391842873738,5,both_fists,05-06,9782
E05_spatial_control,erd_lr,5,88,1,0,0.4421744334048804,5,both_feet,05-06,9783
E05_spatial_control,erd_lr,5,88,1,0,0.45324888030091065,5,both_fists,05-06,9784
E05_spatial_control,erd_lr,5,88,1,0,0.3796359201450765,5,both_feet,05-06,9785
E05_spatial_control,erd_lr,5,88,1,0,0.43970460098421604,5,both_fists,05-06,9786
E05_spatial_control,erd_lr,5,88,0,0,0.42960447187880585,6,both_fists,05-06,9787
E05_spatial_control,erd_lr,5,88,0,0,0.4019494776897665,6,both_fists,05-06,9788
E05_spatial_control,erd_lr,5,88,0,1,0.5220491307027277,6,both_feet,05-06,9789
E05_spatial_control,erd_lr,5,88,0,1,0.7043943056810834,6,both_fists,05-06,9790
E05_spatial_control,erd_lr,5,88,0,1,0.5929966602263036,6,both_feet,05-06,9791
E05_spatial_control,erd_lr,5,88,0,0,0.42911228264683543,6,both_fists,05-06,9792
E05_spatial_control,erd_lr,5,88,0,0,0.37224330372214126,6,both_feet,05-06,9793
E05_spatial_control,erd_lr,5,88,0,0,0.4938120175076313,6,both_fists,05-06,9794
E05_spatial_control,erd_lr,5,88,0,1,0.6484042129960269,6,both_feet,05-06,9795
E05_spatial_control,erd_lr,5,88,0,0,0.40590566518440474,6,both_fists,05-06,9796
E05_spatial_control,erd_lr,5,88,0,1,0.5072379764705359,6,both_feet,05-06,9797
E05_spatial_control,erd_lr,5,88,0,1,0.5217910345119174,6,both_feet,05-06,9798
E05_spatial_control,erd_lr,5,88,0,0,0.35201511984899997,6,both_fists,05-06,9799
E05_spatial_control,erd_lr,5,88,1,0,0.32730817718252025,7,left_fist,07-08,9800
E05_spatial_control,erd_lr,5,88,1,0,0.4789150720752466,7,left_fist,07-08,9801
E05_spatial_control,erd_lr,5,88,1,1,0.589412319195095,7,right_fist,07-08,9802
E05_spatial_control,erd_lr,5,88,1,1,0.5073705284986675,7,right_fist,07-08,9803
E05_spatial_control,erd_lr,5,88,1,0,0.2905987847939733,7,right_fist,07-08,9804
E05_spatial_control,erd_lr,5,88,1,0,0.4200161251707121,7,left_fist,07-08,9805
E05_spatial_control,erd_lr,5,88,1,0,0.43599302503101744,7,right_fist,07-08,9806
E05_spatial_control,erd_lr,5,88,1,0,0.33534395781178805,7,left_fist,07-08,9807
E05_spatial_control,erd_lr,5,88,1,0,0.36121461043659603,7,right_fist,07-08,9808
E05_spatial_control,erd_lr,5,88,1,0,0.42959807373341635,7,left_fist,07-08,9809
E05_spatial_control,erd_lr,5,88,1,1,0.5708006014590076,7,right_fist,07-08,9810
E05_spatial_control,erd_lr,5,88,1,1,0.5777027227311852,7,left_fist,07-08,9811
E05_spatial_control,erd_lr,5,88,0,0,0.4832164042389323,8,left_fist,07-08,9812
E05_spatial_control,erd_lr,5,88,0,1,0.5268238341080183,8,right_fist,07-08,9813
E05_spatial_control,erd_lr,5,88,0,0,0.4065509084980554,8,right_fist,07-08,9814
E05_spatial_control,erd_lr,5,88,0,0,0.4123437442632143,8,left_fist,07-08,9815
E05_spatial_control,erd_lr,5,88,0,0,0.43678279986437063,8,right_fist,07-08,9816
E05_spatial_control,erd_lr,5,88,0,1,0.5407761417058095,8,right_fist,07-08,9817
E05_spatial_control,erd_lr,5,88,0,0,0.3980657753510999,8,left_fist,07-08,9818
E05_spatial_control,erd_lr,5,88,0,1,0.5192047994594151,8,left_fist,07-08,9819
E05_spatial_control,erd_lr,5,88,0,0,0.4226250231622702,8,right_fist,07-08,9820
E05_spatial_control,erd_lr,5,88,0,0,0.37550656860725273,8,left_fist,07-08,9821
E05_spatial_control,erd_lr,5,88,0,0,0.3506981087601989,8,right_fist,07-08,9822
E05_spatial_control,erd_lr,5,88,0,0,0.48588067172240423,8,right_fist,07-08,9823
E05_spatial_control,erd_lr,5,88,0,1,0.517460976239509,8,left_fist,07-08,9824
E05_spatial_control,erd_lr,5,88,1,0,0.4479945417566625,9,both_feet,09-10,9825
E05_spatial_control,erd_lr,5,88,1,1,0.5382444950369716,9,both_fists,09-10,9826
E05_spatial_control,erd_lr,5,88,1,0,0.41491475532405797,9,both_feet,09-10,9827
E05_spatial_control,erd_lr,5,88,1,0,0.49581268551623103,9,both_fists,09-10,9828
E05_spatial_control,erd_lr,5,88,1,0,0.36125758067735625,9,both_fists,09-10,9829
E05_spatial_control,erd_lr,5,88,1,0,0.3875658225965896,9,both_feet,09-10,9830
E05_spatial_control,erd_lr,5,88,1,0,0.36140915165548393,9,both_fists,09-10,9831
E05_spatial_control,erd_lr,5,88,1,1,0.5820427113737958,9,both_feet,09-10,9832
E05_spatial_control,erd_lr,5,88,1,1,0.6333331827759507,9,both_fists,09-10,9833
E05_spatial_control,erd_lr,5,88,0,0,0.32530915481934763,10,both_feet,09-10,9834
E05_spatial_control,erd_lr,5,88,0,0,0.37669393520243327,10,both_feet,09-10,9835
E05_spatial_control,erd_lr,5,88,0,1,0.5112475934936351,10,both_fists,09-10,9836
E05_spatial_control,erd_lr,5,88,0,0,0.46406950558954396,10,both_feet,09-10,9837
E05_spatial_control,erd_lr,5,88,0,0,0.2752961133346872,10,both_fists,09-10,9838
E05_spatial_control,erd_lr,5,88,0,0,0.4393295210817116,10,both_feet,09-10,9839
E05_spatial_control,erd_lr,5,88,0,0,0.2776831338639152,10,both_fists,09-10,9840
E05_spatial_control,erd_lr,5,88,1,0,0.45784246040176274,11,left_fist,11-12,9841
E05_spatial_control,erd_lr,5,88,1,0,0.42809130596956196,11,left_fist,11-12,9842
E05_spatial_control,erd_lr,5,88,1,1,0.5226350710313682,11,right_fist,11-12,9843
E05_spatial_control,erd_lr,5,88,1,0,0.47316396710898934,11,left_fist,11-12,9844
E05_spatial_control,erd_lr,5,88,1,0,0.3523244329740043,11,right_fist,11-12,9845
E05_spatial_control,erd_lr,5,88,1,0,0.4788086246514758,11,right_fist,11-12,9846
E05_spatial_control,erd_lr,5,88,1,1,0.5731497860983853,11,left_fist,11-12,9847
E05_spatial_control,erd_lr,5,88,1,0,0.49798976778993087,11,right_fist,11-12,9848
E05_spatial_control,erd_lr,5,88,1,0,0.4229656803361054,11,right_fist,11-12,9849
E05_spatial_control,erd_lr,5,88,1,0,0.36869115553508347,11,right_fist,11-12,9850
E05_spatial_control,erd_lr,5,88,1,0,0.26306815764839625,11,left_fist,11-12,9851
E05_spatial_control,erd_lr,5,88,1,0,0.45026085932019916,11,left_fist,11-12,9852
E05_spatial_control,erd_lr,5,88,1,0,0.4226427120855666,11,right_fist,11-12,9853
E05_spatial_control,erd_lr,5,88,1,0,0.3905576365369522,11,right_fist,11-12,9854
E05_spatial_control,erd_lr,5,88,0,0,0.4115515901294799,12,right_fist,11-12,9855
E05_spatial_control,erd_lr,5,88,0,0,0.43535451846060275,12,right_fist,11-12,9856
E05_spatial_control,erd_lr,5,88,0,0,0.4648960142186529,12,right_fist,11-12,9857
E05_spatial_control,erd_lr,5,88,0,0,0.33675104330825306,12,right_fist,11-12,9858
E05_spatial_control,erd_lr,5,88,0,0,0.3624673057484965,12,left_fist,11-12,9859
E05_spatial_control,erd_lr,5,88,0,0,0.3733134093373152,12,right_fist,11-12,9860
E05_spatial_control,erd_lr,5,88,0,0,0.3785043729267296,12,left_fist,11-12,9861
E05_spatial_control,erd_lr,5,88,0,1,0.5689630170336448,12,left_fist,11-12,9862
E05_spatial_control,erd_lr,5,88,0,0,0.44518465391959006,12,right_fist,11-12,9863
E05_spatial_control,erd_lr,5,88,0,1,0.5895558240899811,12,right_fist,11-12,9864
E05_spatial_control,erd_lr,5,88,1,1,0.5316180316846515,13,both_feet,13-14,9865
E05_spatial_control,erd_lr,5,88,1,0,0.49991772306770826,13,both_feet,13-14,9866
E05_spatial_control,erd_lr,5,88,1,0,0.45074786281644974,13,both_fists,13-14,9867
E05_spatial_control,erd_lr,5,88,1,1,0.5004692994307132,13,both_feet,13-14,9868
E05_spatial_control,erd_lr,5,88,1,0,0.4218775087453265,13,both_fists,13-14,9869
E05_spatial_control,erd_lr,5,88,1,0,0.3995932718226531,13,both_fists,13-14,9870
E05_spatial_control,erd_lr,5,88,1,0,0.44183556278454766,13,both_fists,13-14,9871
E05_spatial_control,erd_lr,5,88,1,0,0.3794444876523842,13,both_feet,13-14,9872
E05_spatial_control,erd_lr,5,88,1,0,0.4654322642767616,13,both_fists,13-14,9873
E05_spatial_control,erd_lr,5,88,1,0,0.4657649807335146,13,both_feet,13-14,9874
E05_spatial_control,erd_lr,5,88,1,0,0.4006902827223256,13,both_feet,13-14,9875
E05_spatial_control,erd_lr,5,88,1,0,0.47824876390274057,13,both_fists,13-14,9876
E05_spatial_control,erd_lr,5,88,1,1,0.5558195820663162,13,both_feet,13-14,9877
E05_spatial_control,erd_lr,5,88,1,0,0.4376241321561186,13,both_fists,13-14,9878
E05_spatial_control,erd_lr,5,88,1,1,0.632274850909851,13,both_fists,13-14,9879
E05_spatial_control,erd_lr,5,88,0,0,0.37295599869505397,14,both_fists,13-14,9880
E05_spatial_control,erd_lr,5,88,0,0,0.4918062332086366,14,both_feet,13-14,9881
E05_spatial_control,erd_lr,5,88,0,1,0.5564924737222754,14,both_fists,13-14,9882
E05_spatial_control,erd_lr,5,88,0,0,0.3979274088852624,14,both_fists,13-14,9883
E05_spatial_control,erd_lr,5,88,0,1,0.5220774904050179,14,both_feet,13-14,9884
E05_spatial_control,erd_lr,5,88,0,0,0.48586271877028797,14,both_fists,13-14,9885
E05_spatial_control,erd_lr,5,88,0,0,0.4014823524731713,14,both_fists,13-14,9886
E05_spatial_control,erd_lr,5,93,1,0,0.38261475922774074,3,right_fist,03-04,10294
E05_spatial_control,erd_lr,5,93,1,0,0.4730208605842137,3,left_fist,03-04,10295
E05_spatial_control,erd_lr,5,93,1,0,0.48994605252828866,3,right_fist,03-04,10296
E05_spatial_control,erd_lr,5,93,1,1,0.5592235803586558,3,left_fist,03-04,10297
E05_spatial_control,erd_lr,5,93,1,1,0.5348260157760606,3,right_fist,03-04,10298
E05_spatial_control,erd_lr,5,93,1,1,0.602884653572117,3,left_fist,03-04,10299
E05_spatial_control,erd_lr,5,93,1,0,0.40459171057417637,3,left_fist,03-04,10300
E05_spatial_control,erd_lr,5,93,1,1,0.6974611499374056,3,right_fist,03-04,10301
E05_spatial_control,erd_lr,5,93,1,0,0.44193704851062254,3,right_fist,03-04,10302
E05_spatial_control,erd_lr,5,93,1,0,0.4917581991895735,3,left_fist,03-04,10303
E05_spatial_control,erd_lr,5,93,1,0,0.3981376031850891,3,left_fist,03-04,10304
E05_spatial_control,erd_lr,5,93,1,0,0.3537999166152467,3,right_fist,03-04,10305
E05_spatial_control,erd_lr,5,93,1,0,0.4742414105232231,3,right_fist,03-04,10306
E05_spatial_control,erd_lr,5,93,1,0,0.3823486425335588,3,left_fist,03-04,10307
E05_spatial_control,erd_lr,5,93,1,0,0.42060308076620206,3,left_fist,03-04,10308
E05_spatial_control,erd_lr,5,93,0,1,0.5146788439941996,4,right_fist,03-04,10309
E05_spatial_control,erd_lr,5,93,0,0,0.4840503271987036,4,left_fist,03-04,10310
E05_spatial_control,erd_lr,5,93,0,0,0.4351321837909958,4,right_fist,03-04,10311
E05_spatial_control,erd_lr,5,93,0,0,0.49960446419163357,4,left_fist,03-04,10312
E05_spatial_control,erd_lr,5,93,0,0,0.23692209402025866,4,right_fist,03-04,10313
E05_spatial_control,erd_lr,5,93,0,0,0.4904869156927454,4,left_fist,03-04,10314
E05_spatial_control,erd_lr,5,93,0,0,0.31216282657831884,4,left_fist,03-04,10315
E05_spatial_control,erd_lr,5,93,0,0,0.4468769476558849,4,right_fist,03-04,10316
E05_spatial_control,erd_lr,5,93,0,1,0.5151217683203858,4,right_fist,03-04,10317
E05_spatial_control,erd_lr,5,93,0,1,0.5535494237693894,4,left_fist,03-04,10318
E05_spatial_control,erd_lr,5,93,0,1,0.7019016897487216,4,right_fist,03-04,10319
E05_spatial_control,erd_lr,5,93,0,1,0.5223941025015819,4,left_fist,03-04,10320
E05_spatial_control,erd_lr,5,93,0,1,0.5826677252908519,4,right_fist,03-04,10321
E05_spatial_control,erd_lr,5,93,0,0,0.44960232514904613,4,left_fist,03-04,10322
E05_spatial_control,erd_lr,5,93,0,0,0.3627156069248074,4,left_fist,03-04,10323
E05_spatial_control,erd_lr,5,93,1,1,0.5264336568173456,5,both_fists,05-06,10324
E05_spatial_control,erd_lr,5,93,1,1,0.6580870003468358,5,both_feet,05-06,10325
E05_spatial_control,erd_lr,5,93,1,1,0.5145825679811549,5,both_fists,05-06,10326
E05_spatial_control,erd_lr,5,93,1,1,0.5248908738665045,5,both_feet,05-06,10327
E05_spatial_control,erd_lr,5,93,1,0,0.4200813258935487,5,both_feet,05-06,10328
E05_spatial_control,erd_lr,5,93,1,0,0.4334351283469448,5,both_fists,05-06,10329
E05_spatial_control,erd_lr,5,93,1,0,0.3647707958403716,5,both_fists,05-06,10330
E05_spatial_control,erd_lr,5,93,1,1,0.6552010619719909,5,both_feet,05-06,10331
E05_spatial_control,erd_lr,5,93,1,1,0.5063579204041453,5,both_fists,05-06,10332
E05_spatial_control,erd_lr,5,93,1,0,0.3665579444773063,5,both_feet,05-06,10333
E05_spatial_control,erd_lr,5,93,1,0,0.3713174930158232,5,both_feet,05-06,10334
E05_spatial_control,erd_lr,5,93,1,0,0.4227505310915891,5,both_fists,05-06,10335
E05_spatial_control,erd_lr,5,93,1,1,0.5882292714910436,5,both_fists,05-06,10336
E05_spatial_control,erd_lr,5,93,1,0,0.41288298062136986,5,both_feet,05-06,10337
E05_spatial_control,erd_lr,5,93,1,0,0.42818205105113794,5,both_fists,05-06,10338
E05_spatial_control,erd_lr,5,93,0,0,0.4854321031723714,6,both_feet,05-06,10339
E05_spatial_control,erd_lr,5,93,0,1,0.5532406728005281,6,both_fists,05-06,10340
E05_spatial_control,erd_lr,5,93,0,0,0.3605614187343472,6,both_fists,05-06,10341
E05_spatial_control,erd_lr,5,93,0,0,0.4210674695635552,6,both_feet,05-06,10342
E05_spatial_control,erd_lr,5,93,0,0,0.4608131783245072,6,both_feet,05-06,10343
E05_spatial_control,erd_lr,5,93,0,1,0.5165925651255666,6,both_fists,05-06,10344
E05_spatial_control,erd_lr,5,93,0,0,0.3550041535310667,6,both_feet,05-06,10345
E05_spatial_control,erd_lr,5,93,0,1,0.6171878690022873,6,both_fists,05-06,10346
E05_spatial_control,erd_lr,5,93,0,0,0.4569675415523821,6,both_fists,05-06,10347
E05_spatial_control,erd_lr,5,93,0,0,0.4025602495903712,6,both_feet,05-06,10348
E05_spatial_control,erd_lr,5,93,0,0,0.42072268602340007,6,both_feet,05-06,10349
E05_spatial_control,erd_lr,5,93,0,1,0.5862908343915076,6,both_fists,05-06,10350
E05_spatial_control,erd_lr,5,93,0,1,0.6077075512294984,6,both_fists,05-06,10351
E05_spatial_control,erd_lr,5,93,0,0,0.43079348883747137,6,both_fists,05-06,10352
E05_spatial_control,erd_lr,5,93,1,0,0.36641281266215686,7,left_fist,07-08,10353
E05_spatial_control,erd_lr,5,93,1,0,0.481082983738051,7,right_fist,07-08,10354
E05_spatial_control,erd_lr,5,93,1,0,0.2898296789672382,7,left_fist,07-08,10355
E05_spatial_control,erd_lr,5,93,1,0,0.49635540884389917,7,right_fist,07-08,10356
E05_spatial_control,erd_lr,5,93,1,0,0.43287295558702055,7,right_fist,07-08,10357
E05_spatial_control,erd_lr,5,93,1,0,0.4028243198543617,7,left_fist,07-08,10358
E05_spatial_control,erd_lr,5,93,1,0,0.3553455497492826,7,left_fist,07-08,10359
E05_spatial_control,erd_lr,5,93,1,1,0.5580507943521631,7,right_fist,07-08,10360
E05_spatial_control,erd_lr,5,93,1,0,0.4890660017722602,7,left_fist,07-08,10361
E05_spatial_control,erd_lr,5,93,1,0,0.3293175716649341,7,right_fist,07-08,10362
E05_spatial_control,erd_lr,5,93,1,0,0.4619803216615407,7,left_fist,07-08,10363
E05_spatial_control,erd_lr,5,93,1,1,0.5290295557672334,7,right_fist,07-08,10364
E05_spatial_control,erd_lr,5,93,1,1,0.5560047677165115,7,left_fist,07-08,10365
E05_spatial_control,erd_lr,5,93,1,1,0.5600472693427457,7,right_fist,07-08,10366
E05_spatial_control,erd_lr,5,93,1,0,0.44712881825279704,7,left_fist,07-08,10367
E05_spatial_control,erd_lr,5,93,0,1,0.5152467831036548,8,left_fist,07-08,10368
E05_spatial_control,erd_lr,5,93,0,1,0.6207031710426966,8,right_fist,07-08,10369
E05_spatial_control,erd_lr,5,93,0,0,0.445139445707391,8,right_fist,07-08,10370
E05_spatial_control,erd_lr,5,93,0,0,0.40105440980145685,8,left_fist,07-08,10371
E05_spatial_control,erd_lr,5,93,0,1,0.6293800900458268,8,left_fist,07-08,10372
E05_spatial_control,erd_lr,5,93,0,0,0.42106768483952256,8,right_fist,07-08,10373
E05_spatial_control,erd_lr,5,93,0,1,0.5624761484433688,8,left_fist,07-08,10374
E05_spatial_control,erd_lr,5,93,0,1,0.533743058758732,8,right_fist,07-08,10375
E05_spatial_control,erd_lr,5,93,0,0,0.34313584482704423,8,right_fist,07-08,10376
E05_spatial_control,erd_lr,5,93,0,1,0.5671511479106163,8,left_fist,07-08,10377
E05_spatial_control,erd_lr,5,93,0,0,0.49641449544169,8,right_fist,07-08,10378
E05_spatial_control,erd_lr,5,93,0,1,0.5786966695523219,8,left_fist,07-08,10379
E05_spatial_control,erd_lr,5,93,0,0,0.48691519452979637,8,left_fist,07-08,10380
E05_spatial_control,erd_lr,5,93,0,0,0.18903434702569816,8,right_fist,07-08,10381
E05_spatial_control,erd_lr,5,93,0,0,0.49039482427778014,8,left_fist,07-08,10382
E05_spatial_control,erd_lr,5,93,1,0,0.3620854537176542,9,both_fists,09-10,10383
E05_spatial_control,erd_lr,5,93,1,0,0.367250059859811,9,both_feet,09-10,10384
E05_spatial_control,erd_lr,5,93,1,1,0.5107397766971411,9,both_feet,09-10,10385
E05_spatial_control,erd_lr,5,93,1,1,0.6636438450295242,9,both_fists,09-10,10386
E05_spatial_control,erd_lr,5,93,1,1,0.6680886808140932,9,both_fists,09-10,10387
E05_spatial_control,erd_lr,5,93,1,1,0.7323970623376771,9,both_feet,09-10,10388
E05_spatial_control,erd_lr,5,93,1,0,0.45983123344732374,9,both_feet,09-10,10389
E05_spatial_control,erd_lr,5,93,1,0,0.4337679715483202,9,both_fists,09-10,10390
E05_spatial_control,erd_lr,5,93,1,0,0.3207355740401873,9,both_feet,09-10,10391
E05_spatial_control,erd_lr,5,93,1,1,0.6186136717539338,9,both_fists,09-10,10392
E05_spatial_control,erd_lr,5,93,1,0,0.44081182886424963,9,both_feet,09-10,10393
E05_spatial_control,erd_lr,5,93,1,1,0.5250603033907406,9,both_fists,09-10,10394
E05_spatial_control,erd_lr,5,93,1,1,0.5472085913511614,9,both_fists,09-10,10395
E05_spatial_control,erd_lr,5,93,1,0,0.41721354329704535,9,both_feet,09-10,10396
E05_spatial_control,erd_lr,5,93,1,0,0.4947400057257099,9,both_feet,09-10,10397
E05_spatial_control,erd_lr,5,93,0,1,0.5720748880383251,10,both_fists,09-10,10398
E05_spatial_control,erd_lr,5,93,0,0,0.4465046917846581,10,both_feet,09-10,10399
E05_spatial_control,erd_lr,5,93,0,0,0.385665527487336,10,both_feet,09-10,10400
E05_spatial_control,erd_lr,5,93,0,1,0.6102497817876084,10,both_fists,09-10,10401
E05_spatial_control,erd_lr,5,93,0,0,0.4370178263703976,10,both_fists,09-10,10402
E05_spatial_control,erd_lr,5,93,0,0,0.4534836853866385,10,both_feet,09-10,10403
E05_spatial_control,erd_lr,5,93,0,0,0.3451364895079954,10,both_feet,09-10,10404
E05_spatial_control,erd_lr,5,93,0,1,0.6234419330849418,10,both_fists,09-10,10405
E05_spatial_control,erd_lr,5,93,0,1,0.6057484167663464,10,both_feet,09-10,10406
E05_spatial_control,erd_lr,5,93,0,1,0.5961818607931332,10,both_fists,09-10,10407
E05_spatial_control,erd_lr,5,93,0,1,0.5039762142843012,10,both_feet,09-10,10408
E05_spatial_control,erd_lr,5,93,0,0,0.3225265124261803,10,both_fists,09-10,10409
E05_spatial_control,erd_lr,5,93,0,1,0.589691606081579,10,both_feet,09-10,10410
E05_spatial_control,erd_lr,5,93,0,0,0.35231797283302274,10,both_fists,09-10,10411
E05_spatial_control,erd_lr,5,93,0,0,0.23349425193792928,10,both_fists,09-10,10412
E05_spatial_control,erd_lr,5,93,1,1,0.6117856834450668,11,right_fist,11-12,10413
E05_spatial_control,erd_lr,5,93,1,1,0.5197831257717994,11,left_fist,11-12,10414
E05_spatial_control,erd_lr,5,93,1,0,0.29565731613199975,11,right_fist,11-12,10415
E05_spatial_control,erd_lr,5,93,1,0,0.3636548877121722,11,left_fist,11-12,10416
E05_spatial_control,erd_lr,5,93,1,1,0.5792523211359946,11,right_fist,11-12,10417
E05_spatial_control,erd_lr,5,93,1,1,0.580705763154972,11,left_fist,11-12,10418
E05_spatial_control,erd_lr,5,93,1,1,0.5024718215325483,11,right_fist,11-12,10419
E05_spatial_control,erd_lr,5,93,1,1,0.582387030743069,11,left_fist,11-12,10420
E05_spatial_control,erd_lr,5,93,1,1,0.5489254090791063,11,left_fist,11-12,10421
E05_spatial_control,erd_lr,5,93,1,0,0.42773515264896866,11,right_fist,11-12,10422
E05_spatial_control,erd_lr,5,93,1,0,0.31489424327493515,11,right_fist,11-12,10423
E05_spatial_control,erd_lr,5,93,1,0,0.41603815957779494,11,left_fist,11-12,10424
E05_spatial_control,erd_lr,5,93,1,0,0.4843677685251354,11,right_fist,11-12,10425
E05_spatial_control,erd_lr,5,93,1,0,0.3960502962736243,11,left_fist,11-12,10426
E05_spatial_control,erd_lr,5,93,1,0,0.416873060065502,11,right_fist,11-12,10427
E05_spatial_control,erd_lr,5,93,0,1,0.5538045357874973,12,left_fist,11-12,10428
E05_spatial_control,erd_lr,5,93,0,1,0.5420506833535186,12,right_fist,11-12,10429
E05_spatial_control,erd_lr,5,93,0,0,0.41548628324341536,12,left_fist,11-12,10430
E05_spatial_control,erd_lr,5,93,0,0,0.44964231672309474,12,right_fist,11-12,10431
E05_spatial_control,erd_lr,5,93,0,0,0.46692680272040615,12,right_fist,11-12,10432
E05_spatial_control,erd_lr,5,93,0,1,0.5397081223755803,12,left_fist,11-12,10433
E05_spatial_control,erd_lr,5,93,0,1,0.5278539355886726,12,right_fist,11-12,10434
E05_spatial_control,erd_lr,5,93,0,0,0.4393262058907498,12,left_fist,11-12,10435
E05_spatial_control,erd_lr,5,93,0,1,0.6020766929132667,12,right_fist,11-12,10436
E05_spatial_control,erd_lr,5,93,0,0,0.3757028448643575,12,left_fist,11-12,10437
E05_spatial_control,erd_lr,5,93,0,0,0.20920746868459913,12,left_fist,11-12,10438
E05_spatial_control,erd_lr,5,93,0,1,0.5589138074944188,12,right_fist,11-12,10439
E05_spatial_control,erd_lr,5,93,0,0,0.4377549119007831,12,right_fist,11-12,10440
E05_spatial_control,erd_lr,5,93,0,0,0.4057872975483128,12,left_fist,11-12,10441
E05_spatial_control,erd_lr,5,93,0,0,0.48317443026794704,12,right_fist,11-12,10442
E05_spatial_control,erd_lr,5,93,1,0,0.15753535281129072,13,both_feet,13-14,10443
E05_spatial_control,erd_lr,5,93,1,1,0.5239859724228457,13,both_fists,13-14,10444
E05_spatial_control,erd_lr,5,93,1,1,0.5166947719434346,13,both_feet,13-14,10445
E05_spatial_control,erd_lr,5,93,1,1,0.5139661818955923,13,both_fists,13-14,10446
E05_spatial_control,erd_lr,5,93,1,0,0.3314967509917856,13,both_feet,13-14,10447
E05_spatial_control,erd_lr,5,93,0,1,0.5231574913126902,14,both_fists,13-14,10448
E05_spatial_control,erd_lr,5,93,0,1,0.511356086600231,14,both_feet,13-14,10449
E05_spatial_control,erd_lr,5,93,0,0,0.42471637518401617,14,both_feet,13-14,10450
E05_spatial_control,erd_lr,5,93,0,0,0.49018363611369165,14,both_fists,13-14,10451
E05_spatial_control,erd_lr,5,93,0,1,0.5284311594413909,14,both_feet,13-14,10452
E05_spatial_control,erd_lr,5,93,0,0,0.4099006195112525,14,both_fists,13-14,10453
E05_spatial_control,erd_lr,5,93,0,1,0.5275812786788785,14,both_fists,13-14,10454
E05_spatial_control,erd_lr,5,93,0,0,0.42184975017232335,14,both_feet,13-14,10455
E05_spatial_control,erd_lr,5,93,0,0,0.3214857087090617,14,both_feet,13-14,10456
E05_spatial_control,erd_lr,5,93,0,0,0.35937384576534265,14,both_fists,13-14,10457
E05_spatial_control,erd_lr,5,93,0,0,0.4772362851867607,14,both_fists,13-14,10458
E05_spatial_control,erd_lr,5,93,0,0,0.4941707916629358,14,both_feet,13-14,10459
E05_spatial_control,erd_lr,5,93,0,0,0.32862495240998235,14,both_feet,13-14,10460
E05_spatial_control,erd_lr,5,93,0,0,0.3466410918311059,14,both_fists,13-14,10461
E05_spatial_control,erd_lr,5,93,0,0,0.44328177550460385,14,both_feet,13-14,10462
E05_spatial_control,erd_lr,5,98,1,1,0.5372132390665961,3,left_fist,03-04,10713
E05_spatial_control,erd_lr,5,98,1,1,0.5618038144577189,3,right_fist,03-04,10714
E05_spatial_control,erd_lr,5,98,1,0,0.45251848142156076,3,left_fist,03-04,10715
E05_spatial_control,erd_lr,5,98,1,0,0.4727144681866249,3,right_fist,03-04,10716
E05_spatial_control,erd_lr,5,98,1,0,0.4448606128159313,3,left_fist,03-04,10717
E05_spatial_control,erd_lr,5,98,1,0,0.35954836884848235,3,right_fist,03-04,10718
E05_spatial_control,erd_lr,5,98,1,1,0.5539827312386162,3,right_fist,03-04,10719
E05_spatial_control,erd_lr,5,98,1,0,0.44074517831852117,3,left_fist,03-04,10720
E05_spatial_control,erd_lr,5,98,1,1,0.5183487178961328,3,left_fist,03-04,10721
E05_spatial_control,erd_lr,5,98,1,1,0.6452959484340541,3,right_fist,03-04,10722
E05_spatial_control,erd_lr,5,98,1,0,0.4909183129808463,3,right_fist,03-04,10723
E05_spatial_control,erd_lr,5,98,1,1,0.6653168632527718,3,left_fist,03-04,10724
E05_spatial_control,erd_lr,5,98,1,1,0.6136966063872473,3,right_fist,03-04,10725
E05_spatial_control,erd_lr,5,98,1,1,0.534394280797485,3,left_fist,03-04,10726
E05_spatial_control,erd_lr,5,98,1,0,0.40732899071256,3,right_fist,03-04,10727
E05_spatial_control,erd_lr,5,98,0,0,0.39343360759464757,4,left_fist,03-04,10728
E05_spatial_control,erd_lr,5,98,0,1,0.5843550439812211,4,right_fist,03-04,10729
E05_spatial_control,erd_lr,5,98,0,0,0.47815396199195237,4,right_fist,03-04,10730
E05_spatial_control,erd_lr,5,98,0,1,0.5023114036712452,4,left_fist,03-04,10731
E05_spatial_control,erd_lr,5,98,0,0,0.4355452566317494,4,left_fist,03-04,10732
E05_spatial_control,erd_lr,5,98,0,0,0.4916500388183328,4,right_fist,03-04,10733
E05_spatial_control,erd_lr,5,98,0,0,0.37478243758384777,4,right_fist,03-04,10734
E05_spatial_control,erd_lr,5,98,0,0,0.3991631547846456,4,left_fist,03-04,10735
E05_spatial_control,erd_lr,5,98,0,0,0.35805685711753676,4,right_fist,03-04,10736
E05_spatial_control,erd_lr,5,98,0,0,0.49087452756563893,4,left_fist,03-04,10737
E05_spatial_control,erd_lr,5,98,0,1,0.5352544436291788,4,right_fist,03-04,10738
E05_spatial_control,erd_lr,5,98,0,0,0.41793724219978545,4,left_fist,03-04,10739
E05_spatial_control,erd_lr,5,98,0,0,0.46552067214642284,4,left_fist,03-04,10740
E05_spatial_control,erd_lr,5,98,0,1,0.5533227453959569,4,right_fist,03-04,10741
E05_spatial_control,erd_lr,5,98,0,1,0.5802562157348722,4,left_fist,03-04,10742
E05_spatial_control,erd_lr,5,98,1,0,0.3985484457714076,5,both_fists,05-06,10743
E05_spatial_control,erd_lr,5,98,1,1,0.5322576540300936,5,both_feet,05-06,10744
E05_spatial_control,erd_lr,5,98,1,1,0.5378919595243917,5,both_feet,05-06,10745
E05_spatial_control,erd_lr,5,98,1,1,0.5635775829620094,5,both_fists,05-06,10746
E05_spatial_control,erd_lr,5,98,1,0,0.41432740053274025,5,both_fists,05-06,10747
E05_spatial_control,erd_lr,5,98,1,0,0.4577044394973379,5,both_feet,05-06,10748
E05_spatial_control,erd_lr,5,98,1,0,0.49333115965424207,5,both_fists,05-06,10749
E05_spatial_control,erd_lr,5,98,1,0,0.3978494391094111,5,both_feet,05-06,10750
E05_spatial_control,erd_lr,5,98,1,1,0.5733364174511641,5,both_fists,05-06,10751
E05_spatial_control,erd_lr,5,98,1,1,0.5294703980184521,5,both_feet,05-06,10752
E05_spatial_control,erd_lr,5,98,1,0,0.4665752302127974,5,both_fists,05-06,10753
E05_spatial_control,erd_lr,5,98,1,0,0.3891295394212031,5,both_feet,05-06,10754
E05_spatial_control,erd_lr,5,98,1,1,0.5258839081203334,5,both_feet,05-06,10755
E05_spatial_control,erd_lr,5,98,1,0,0.4722065683529649,5,both_fists,05-06,10756
E05_spatial_control,erd_lr,5,98,1,1,0.5424755251868978,5,both_feet,05-06,10757
E05_spatial_control,erd_lr,5,98,0,0,0.4833652942970466,6,both_feet,05-06,10758
E05_spatial_control,erd_lr,5,98,0,1,0.5558003974078367,6,both_fists,05-06,10759
E05_spatial_control,erd_lr,5,98,0,1,0.5295277777387081,6,both_feet,05-06,10760
E05_spatial_control,erd_lr,5,98,0,0,0.44033628163166905,6,both_fists,05-06,10761
E05_spatial_control,erd_lr,5,98,0,0,0.45048269315850686,6,both_fists,05-06,10762
E05_spatial_control,erd_lr,5,98,0,1,0.6105712975047488,6,both_feet,05-06,10763
E05_spatial_control,erd_lr,5,98,0,0,0.4545995690736614,6,both_fists,05-06,10764
E05_spatial_control,erd_lr,5,98,0,0,0.24151969066798615,6,both_feet,05-06,10765
E05_spatial_control,erd_lr,5,98,0,0,0.3591640055382805,6,both_fists,05-06,10766
E05_spatial_control,erd_lr,5,98,0,0,0.2586504013371009,6,both_feet,05-06,10767
E05_spatial_control,erd_lr,5,98,0,1,0.5207084586119587,6,both_feet,05-06,10768
E05_spatial_control,erd_lr,5,98,0,1,0.505346539075467,6,both_fists,05-06,10769
E05_spatial_control,erd_lr,5,98,0,0,0.3257387508528811,6,both_fists,05-06,10770
E05_spatial_control,erd_lr,5,98,0,0,0.48147576638301615,6,both_feet,05-06,10771
E05_spatial_control,erd_lr,5,98,0,0,0.24960095349020528,6,both_feet,05-06,10772
E05_spatial_control,erd_lr,5,98,1,1,0.5338380508417997,7,left_fist,07-08,10773
E05_spatial_control,erd_lr,5,98,1,0,0.45647030669991917,7,right_fist,07-08,10774
E05_spatial_control,erd_lr,5,98,1,1,0.6747488718458962,7,right_fist,07-08,10775
E05_spatial_control,erd_lr,5,98,1,1,0.5200658532721348,7,left_fist,07-08,10776
E05_spatial_control,erd_lr,5,98,1,1,0.5880948445864042,7,left_fist,07-08,10777
E05_spatial_control,erd_lr,5,98,1,0,0.3644755530335485,7,right_fist,07-08,10778
E05_spatial_control,erd_lr,5,98,1,0,0.2691964678596784,7,left_fist,07-08,10779
E05_spatial_control,erd_lr,5,98,1,1,0.6035252415181604,7,right_fist,07-08,10780
E05_spatial_control,erd_lr,5,98,1,1,0.7095791330807039,7,right_fist,07-08,10781
E05_spatial_control,erd_lr,5,98,1,0,0.4752792289294082,7,left_fist,07-08,10782
E05_spatial_control,erd_lr,5,98,1,0,0.38157374873822236,7,left_fist,07-08,10783
E05_spatial_control,erd_lr,5,98,1,0,0.4884840369025345,7,right_fist,07-08,10784
E05_spatial_control,erd_lr,5,98,1,1,0.617103304243405,7,left_fist,07-08,10785
E05_spatial_control,erd_lr,5,98,1,1,0.57569126540289,7,right_fist,07-08,10786
E05_spatial_control,erd_lr,5,98,1,1,0.6058069388243571,7,right_fist,07-08,10787
E05_spatial_control,erd_lr,5,98,0,0,0.4687195221038782,8,right_fist,07-08,10788
E05_spatial_control,erd_lr,5,98,0,1,0.5623552453639227,8,left_fist,07-08,10789
E05_spatial_control,erd_lr,5,98,0,0,0.29033339289288995,8,left_fist,07-08,10790
E05_spatial_control,erd_lr,5,98,0,0,0.46464050847915145,8,right_fist,07-08,10791
E05_spatial_control,erd_lr,5,98,0,0,0.4271303296587326,8,left_fist,07-08,10792
E05_spatial_control,erd_lr,5,98,0,0,0.41285379565706454,8,right_fist,07-08,10793
E05_spatial_control,erd_lr,5,98,0,0,0.47655976011440493,8,right_fist,07-08,10794
E05_spatial_control,erd_lr,5,98,0,0,0.49375291660446213,8,left_fist,07-08,10795
E05_spatial_control,erd_lr,5,98,0,1,0.5118621834133759,8,left_fist,07-08,10796
E05_spatial_control,erd_lr,5,98,0,0,0.34315101727026276,8,right_fist,07-08,10797
E05_spatial_control,erd_lr,5,98,0,1,0.568775129446019,8,left_fist,07-08,10798
E05_spatial_control,erd_lr,5,98,0,1,0.5255329637681064,8,right_fist,07-08,10799
E05_spatial_control,erd_lr,5,98,0,0,0.4688797497552332,8,right_fist,07-08,10800
E05_spatial_control,erd_lr,5,98,0,1,0.5293723143599188,8,left_fist,07-08,10801
E05_spatial_control,erd_lr,5,98,0,0,0.3086492498598855,8,left_fist,07-08,10802
E05_spatial_control,erd_lr,5,98,1,1,0.5022555140863383,9,both_feet,09-10,10803
E05_spatial_control,erd_lr,5,98,1,0,0.44266891801446995,9,both_fists,09-10,10804
E05_spatial_control,erd_lr,5,98,1,0,0.34318176365447206,9,both_fists,09-10,10805
E05_spatial_control,erd_lr,5,98,1,1,0.5410451428943311,9,both_feet,09-10,10806
E05_spatial_control,erd_lr,5,98,1,1,0.5414006769599182,9,both_fists,09-10,10807
E05_spatial_control,erd_lr,5,98,1,0,0.45105983026829755,9,both_feet,09-10,10808
E05_spatial_control,erd_lr,5,98,1,1,0.555838758784442,9,both_feet,09-10,10809
E05_spatial_control,erd_lr,5,98,1,0,0.33880499856855223,9,both_fists,09-10,10810
E05_spatial_control,erd_lr,5,98,1,1,0.6570538671429155,9,both_fists,09-10,10811
E05_spatial_control,erd_lr,5,98,1,0,0.4433724478311176,9,both_feet,09-10,10812
E05_spatial_control,erd_lr,5,98,1,0,0.32766042199466566,9,both_feet,09-10,10813
E05_spatial_control,erd_lr,5,98,1,0,0.22733466851751996,9,both_fists,09-10,10814
E05_spatial_control,erd_lr,5,98,1,0,0.398525715076995,9,both_feet,09-10,10815
E05_spatial_control,erd_lr,5,98,1,0,0.4823282614184373,9,both_fists,09-10,10816
E05_spatial_control,erd_lr,5,98,1,0,0.44993122753746423,9,both_fists,09-10,10817
E05_spatial_control,erd_lr,5,98,0,0,0.2812879640418866,10,both_feet,09-10,10818
E05_spatial_control,erd_lr,5,98,0,1,0.6160242440244272,10,both_fists,09-10,10819
E05_spatial_control,erd_lr,5,98,0,0,0.3575754334334782,10,both_feet,09-10,10820
E05_spatial_control,erd_lr,5,98,0,1,0.6512316654456989,10,both_fists,09-10,10821
E05_spatial_control,erd_lr,5,98,0,0,0.2279721081425211,10,both_fists,09-10,10822
E05_spatial_control,erd_lr,5,98,0,1,0.5885190165920724,10,both_feet,09-10,10823
E05_spatial_control,erd_lr,5,98,0,0,0.41478096903791306,10,both_fists,09-10,10824
E05_spatial_control,erd_lr,5,98,0,0,0.39194767464374813,10,both_feet,09-10,10825
E05_spatial_control,erd_lr,5,98,0,0,0.48778993809295723,10,both_feet,09-10,10826
E05_spatial_control,erd_lr,5,98,0,0,0.4014820361704996,10,both_fists,09-10,10827
E05_spatial_control,erd_lr,5,98,0,0,0.38277601721300414,10,both_fists,09-10,10828
E05_spatial_control,erd_lr,5,98,0,0,0.35375523449940155,10,both_feet,09-10,10829
E05_spatial_control,erd_lr,5,98,0,0,0.45777812091801545,10,both_fists,09-10,10830
E05_spatial_control,erd_lr,5,98,0,1,0.6001662498123758,10,both_feet,09-10,10831
E05_spatial_control,erd_lr,5,98,0,0,0.2558840164900238,10,both_feet,09-10,10832
E05_spatial_control,erd_lr,5,98,1,0,0.2846079112475757,11,right_fist,11-12,10833
E05_spatial_control,erd_lr,5,98,1,0,0.4889724558839455,11,left_fist,11-12,10834
E05_spatial_control,erd_lr,5,98,1,1,0.5757469504379849,11,left_fist,11-12,10835
E05_spatial_control,erd_lr,5,98,1,0,0.23235793708905197,11,right_fist,11-12,10836
E05_spatial_control,erd_lr,5,98,1,0,0.3646977477135669,11,right_fist,11-12,10837
E05_spatial_control,erd_lr,5,98,1,1,0.5246647685302833,11,left_fist,11-12,10838
E05_spatial_control,erd_lr,5,98,1,0,0.4024637332103546,11,left_fist,11-12,10839
E05_spatial_control,erd_lr,5,98,1,0,0.4231676092200166,11,right_fist,11-12,10840
E05_spatial_control,erd_lr,5,98,1,0,0.46739136366186884,11,right_fist,11-12,10841
E05_spatial_control,erd_lr,5,98,1,0,0.29280100279450044,11,left_fist,11-12,10842
E05_spatial_control,erd_lr,5,98,1,0,0.3717164456902032,11,left_fist,11-12,10843
E05_spatial_control,erd_lr,5,98,1,0,0.4637502805982717,11,right_fist,11-12,10844
E05_spatial_control,erd_lr,5,98,1,0,0.3841852763962393,11,left_fist,11-12,10845
E05_spatial_control,erd_lr,5,98,1,0,0.2348752450540916,11,right_fist,11-12,10846
E05_spatial_control,erd_lr,5,98,1,1,0.6369244275727979,11,left_fist,11-12,10847
E05_spatial_control,erd_lr,5,98,0,0,0.47012214467313873,12,left_fist,11-12,10848
E05_spatial_control,erd_lr,5,98,0,0,0.4931155037649596,12,right_fist,11-12,10849
E05_spatial_control,erd_lr,5,98,0,0,0.21953576431341712,12,right_fist,11-12,10850
E05_spatial_control,erd_lr,5,98,0,0,0.2501651007081994,12,left_fist,11-12,10851
E05_spatial_control,erd_lr,5,98,0,1,0.5986273762479807,12,left_fist,11-12,10852
E05_spatial_control,erd_lr,5,98,0,0,0.4600132909927365,12,right_fist,11-12,10853
E05_spatial_control,erd_lr,5,98,0,0,0.38207333067771587,12,right_fist,11-12,10854
E05_spatial_control,erd_lr,5,98,0,0,0.22217691975690648,12,left_fist,11-12,10855
E05_spatial_control,erd_lr,5,98,0,0,0.19617644704684142,12,left_fist,11-12,10856
E05_spatial_control,erd_lr,5,98,0,0,0.4126747897873802,12,right_fist,11-12,10857
E05_spatial_control,erd_lr,5,98,0,1,0.6923079363450171,12,left_fist,11-12,10858
E05_spatial_control,erd_lr,5,98,0,0,0.2985142463687723,12,right_fist,11-12,10859
E05_spatial_control,erd_lr,5,98,0,1,0.6182969772709134,12,right_fist,11-12,10860
E05_spatial_control,erd_lr,5,98,0,0,0.2532172087465668,12,left_fist,11-12,10861
E05_spatial_control,erd_lr,5,98,0,1,0.574277742886362,12,right_fist,11-12,10862
E05_spatial_control,erd_lr,5,98,1,1,0.5836780318235882,13,both_fists,13-14,10863
E05_spatial_control,erd_lr,5,98,1,1,0.5792202307949642,13,both_feet,13-14,10864
E05_spatial_control,erd_lr,5,98,1,0,0.4668557472103526,13,both_feet,13-14,10865
E05_spatial_control,erd_lr,5,98,1,0,0.37985803422130243,13,both_fists,13-14,10866
E05_spatial_control,erd_lr,5,98,1,0,0.4836989528206761,13,both_fists,13-14,10867
E05_spatial_control,erd_lr,5,98,1,0,0.2520761230609405,13,both_feet,13-14,10868
E05_spatial_control,erd_lr,5,98,1,1,0.5714673523653142,13,both_fists,13-14,10869
E05_spatial_control,erd_lr,5,98,1,1,0.5319915370112245,13,both_feet,13-14,10870
E05_spatial_control,erd_lr,5,98,1,1,0.5764130998694857,13,both_feet,13-14,10871
E05_spatial_control,erd_lr,5,98,1,0,0.1569886060315451,13,both_fists,13-14,10872
E05_spatial_control,erd_lr,5,98,1,0,0.3625992186308051,13,both_feet,13-14,10873
E05_spatial_control,erd_lr,5,98,1,0,0.24595339387561058,13,both_fists,13-14,10874
E05_spatial_control,erd_lr,5,98,1,1,0.7217002157534831,13,both_fists,13-14,10875
E05_spatial_control,erd_lr,5,98,1,0,0.21966631936894493,13,both_feet,13-14,10876
E05_spatial_control,erd_lr,5,98,1,0,0.4140061268126965,13,both_fists,13-14,10877
E05_spatial_control,erd_lr,5,98,0,1,0.5865446936839349,14,both_fists,13-14,10878
E05_spatial_control,erd_lr,5,98,0,1,0.5738357900889566,14,both_feet,13-14,10879
E05_spatial_control,erd_lr,5,98,0,1,0.5572826086972248,14,both_feet,13-14,10880
E05_spatial_control,erd_lr,5,98,0,0,0.44593798096021364,14,both_fists,13-14,10881
E05_spatial_control,erd_lr,5,98,0,0,0.46433826384946525,14,both_fists,13-14,10882
E05_spatial_control,erd_lr,5,98,0,0,0.3223878404138988,14,both_feet,13-14,10883
E05_spatial_control,erd_lr,5,98,0,0,0.41757644095539576,14,both_feet,13-14,10884
E05_spatial_control,erd_lr,5,98,0,1,0.6752234008665737,14,both_fists,13-14,10885
E05_spatial_control,erd_lr,5,98,0,1,0.7069881268782078,14,both_feet,13-14,10886
E05_spatial_control,erd_lr,5,98,0,0,0.32714344745219737,14,both_fists,13-14,10887
E05_spatial_control,erd_lr,5,98,0,1,0.6753180640940505,14,both_feet,13-14,10888
E05_spatial_control,erd_lr,5,98,0,1,0.5412156436843025,14,both_fists,13-14,10889
E05_spatial_control,erd_lr,5,98,0,1,0.5757796640318186,14,both_feet,13-14,10890
E05_spatial_control,erd_lr,5,98,0,1,0.7106075587793882,14,both_fists,13-14,10891
E05_spatial_control,erd_lr,5,98,0,0,0.3469103629868501,14,both_feet,13-14,10892
